/* SPDX-License-Identifier: GPL-2.0 */

//#define ST_DO_WRITE_DISPLAY_AREA
//#define ST_REPLACE_DUMP_BY_DISPLAY_ID

#ifdef ST_DO_WRITE_DISPLAY_AREA
#define ST_DUMP_MAX_LEN 0x20000
#else
#define ST_DUMP_MAX_LEN 0x13000
#endif

size_t dump_buf_size;
unsigned char fw_path[256];
#ifdef ST_UPGRADE_USE_REQUESTFW_BUF
unsigned char dump_buf[ST_DUMP_MAX_LEN] = { 0 };
#else
unsigned char dump_buf[ST_DUMP_MAX_LEN] = {
	0x02, 0x01, 0x87, 0x02, 0x01, 0x4A, 0x00, 0x00, 0x00, 0x00, 0x00, 0x02,
	0x01, 0x81, 0x00, 0x00, 0x00, 0x00, 0x00, 0xFF, 0xFF, 0xFF, 0xFF, 0xFF,
	0xFF, 0xFF, 0xFF, 0x02, 0x01, 0x84, 0x00, 0x00, 0x00, 0x00, 0x00, 0xFF,
	0xFF, 0xFF, 0xFF, 0xFF, 0xFF, 0xFF, 0xFF, 0xFF, 0xFF, 0xFF, 0xFF, 0xFF,
	0xFF, 0xFF, 0xFF, 0x02, 0x00, 0xA0, 0x00, 0x00, 0x00, 0x00, 0x00, 0x75,
	0xC2, 0x00, 0x32, 0x00, 0x00, 0x00, 0x00, 0x02, 0x01, 0x24, 0x00, 0x00,
	0x00, 0x00, 0x00, 0x02, 0x01, 0x37, 0x00, 0x00, 0x00, 0x00, 0x00, 0xFF,
	0xFF, 0xFF, 0xFF, 0xFF, 0xFF, 0xFF, 0xFF, 0x02, 0x00, 0xEA, 0x00, 0x00,
	0x00, 0x00, 0x00, 0x02, 0x01, 0x21, 0x00, 0x00, 0x00, 0x00, 0x00, 0xFF,
	0xFF, 0xFF, 0xFF, 0xFF, 0xFF, 0xFF, 0xFF, 0xFF, 0xFF, 0xFF, 0xFF, 0xFF,
	0xFF, 0xFF, 0xFF, 0xFF, 0xFF, 0xFF, 0xFF, 0xFF, 0xFF, 0xFF, 0xFF, 0xFF,
	0xF8, 0x1D, 0x54, 0x44, 0x50, 0x31, 0x00, 0x0E, 0x01, 0xFF, 0xFF, 0xFF,
	0xFF, 0x03, 0x00, 0xF8, 0x06, 0x00, 0x9A, 0xFF, 0xFF, 0xFF, 0x54, 0x46,
	0x57, 0x31, 0xF7, 0x66, 0xCA, 0x7B, 0xCA, 0x6B, 0xCA, 0x5B, 0xCA, 0x4B,
	0xCA, 0x3B, 0xCA, 0x2B, 0xCA, 0x1B, 0xCA, 0x0B, 0xC0, 0xD1, 0x75, 0xD1,
	0x18, 0xC0, 0xD0, 0xC0, 0x83, 0xC0, 0x82, 0x12, 0xA1, 0x72, 0xD0, 0x82,
	0xD0, 0x83, 0xD0, 0xD0, 0xD0, 0xD1, 0xDA, 0x0B, 0xDA, 0x1B, 0xDA, 0x2B,
	0xDA, 0x3B, 0xDA, 0x4B, 0xDA, 0x5B, 0xDA, 0x6B, 0xDA, 0x7B, 0x32, 0xC0,
	0xD0, 0x75, 0xD1, 0x10, 0xCA, 0x2B, 0xCA, 0xEB, 0x12, 0xF5, 0xAF, 0xDA,
	0xEB, 0xDA, 0x2B, 0xD0, 0xD0, 0x32, 0xCA, 0x7B, 0xCA, 0x6B, 0xCA, 0x5B,
	0xCA, 0x4B, 0xCA, 0x3B, 0xCA, 0x2B, 0xCA, 0x1B, 0xCA, 0x0B, 0xC0, 0xD1,
	0x75, 0xD1, 0x18, 0xC0, 0xD0, 0xC0, 0x83, 0xC0, 0x82, 0x12, 0x86, 0x7C,
	0xD0, 0x82, 0xD0, 0x83, 0xD0, 0xD0, 0xD0, 0xD1, 0xDA, 0x0B, 0xDA, 0x1B,
	0xDA, 0x2B, 0xDA, 0x3B, 0xDA, 0x4B, 0xDA, 0x5B, 0xDA, 0x6B, 0xDA, 0x7B,
	0x32, 0x02, 0xB2, 0x91, 0xC0, 0xD0, 0x75, 0xD1, 0x10, 0xCA, 0x2B, 0xCA,
	0xEB, 0x12, 0x70, 0x82, 0xDA, 0xEB, 0xDA, 0x2B, 0xD0, 0xD0, 0x32, 0xC0,
	0xD0, 0x75, 0xD1, 0x10, 0xCA, 0x2B, 0xCA, 0xEB, 0x12, 0xF5, 0xC4, 0xDA,
	0xEB, 0xDA, 0x2B, 0xD0, 0xD0, 0x32, 0xCA, 0x7B, 0xCA, 0x6B, 0xCA, 0x5B,
	0xCA, 0x4B, 0xCA, 0x3B, 0xCA, 0x2B, 0xCA, 0x1B, 0xCA, 0x0B, 0xC0, 0xD1,
	0x75, 0xD1, 0x18, 0xC0, 0xD0, 0xC0, 0x83, 0xC0, 0x82, 0x12, 0x9F, 0xD8,
	0xD0, 0x82, 0xD0, 0x83, 0xD0, 0xD0, 0xD0, 0xD1, 0xDA, 0x0B, 0xDA, 0x1B,
	0xDA, 0x2B, 0xDA, 0x3B, 0xDA, 0x4B, 0xDA, 0x5B, 0xDA, 0x6B, 0xDA, 0x7B,
	0x32, 0x02, 0xB2, 0xC8, 0x02, 0xB2, 0xFF, 0xE4, 0xF5, 0xBB, 0xF5, 0xA8,
	0xF5, 0xE8, 0xF5, 0xBD, 0xF5, 0xBC, 0x75, 0x84, 0x00, 0x7E, 0xF8, 0x00,
	0xBF, 0x02, 0x82, 0x48, 0xCA, 0x3B, 0x7C, 0xDB, 0x7A, 0x1F, 0x37, 0x49,
	0x7A, 0x0F, 0x37, 0x45, 0x6C, 0xCC, 0x02, 0x09, 0xA2, 0xE4, 0x02, 0x09,
	0x8F, 0x7E, 0x0F, 0x37, 0x49, 0x7E, 0x0B, 0x70, 0xBE, 0x70, 0x00, 0x48,
	0x03, 0x02, 0x09, 0x80, 0x7E, 0xB3, 0x37, 0x4E, 0x60, 0x0F, 0x7F, 0x10,
	0x1B, 0x34, 0x7E, 0x1B, 0x70, 0xBE, 0x70, 0x00, 0x58, 0x03, 0x02, 0x09,
	0x80, 0x4C, 0xCC, 0x68, 0x1B, 0x7E, 0x73, 0x0E, 0x7D, 0x0A, 0x37, 0x6E,
	0x34, 0xFF, 0xFF, 0x0B, 0x34, 0x2D, 0x31, 0x7D, 0x20, 0x7E, 0x1B, 0x70,
	0xBE, 0x70, 0x00, 0x58, 0x03, 0x02, 0x09, 0x80, 0x74, 0x01, 0x7A, 0xB3,
	0x37, 0x51, 0x4C, 0xCC, 0x78, 0x18, 0x7E, 0x73, 0x0E, 0x7D, 0x0A, 0x37,
	0x2D, 0x31, 0x7D, 0x20, 0x7E, 0x1B, 0x70, 0xBE, 0x70, 0x00, 0x58, 0x06,
	0x74, 0x02, 0x7A, 0xB3, 0x37, 0x51, 0x74, 0x01, 0x7A, 0xB3, 0x37, 0x50,
	0x7E, 0x73, 0x37, 0x50, 0x0A, 0x37, 0x7E, 0x53, 0x37, 0x4E, 0x0A, 0x25,
	0x7D, 0x52, 0x2D, 0x53, 0x7E, 0x33, 0x0E, 0x7D, 0x0A, 0x13, 0x7D, 0x01,
	0x1B, 0x04, 0xBD, 0x50, 0x18, 0x20, 0x7E, 0x2F, 0x37, 0x49, 0x2D, 0x53,
	0x7E, 0x2B, 0x70, 0xBE, 0x70, 0x00, 0x58, 0x12, 0x7E, 0xB3, 0x37, 0x50,
	0x04, 0x7A, 0xB3, 0x37, 0x50, 0x7E, 0x73, 0x37, 0x50, 0xBE, 0x70, 0x08,
	0x28, 0xC2, 0x7E, 0x73, 0x04, 0x2C, 0x7A, 0x73, 0x37, 0x52, 0x7E, 0xB3,
	0x37, 0x4E, 0x60, 0x0C, 0x7E, 0x73, 0x37, 0x50, 0x0A, 0x37, 0x2D, 0x32,
	0xBD, 0x31, 0x78, 0x08, 0x7E, 0x73, 0x04, 0x2D, 0x7A, 0x73, 0x37, 0x52,
	0x7E, 0xB3, 0x37, 0x4D, 0x60, 0x03, 0x02, 0x06, 0xF4, 0x7E, 0x0F, 0x37,
	0x45, 0x7C, 0x7C, 0x1B, 0x24, 0x7C, 0x65, 0x7E, 0xA3, 0x37, 0x50, 0x0A,
	0x2A, 0x0B, 0x25, 0x12, 0xD0, 0x9B, 0x7A, 0x37, 0x37, 0x53, 0x7E, 0xB3,
	0x37, 0x51, 0xB4, 0x02, 0x29, 0x7E, 0x0F, 0x37, 0x45, 0x7E, 0xB3, 0x37,
	0x4D, 0x0A, 0x3C, 0x0B, 0x34, 0x7E, 0x63, 0x37, 0x4E, 0x0A, 0x26, 0x1B,
	0x24, 0x7C, 0x65, 0x7E, 0xA3, 0x37, 0x50, 0x0A, 0x2A, 0x0B, 0x25, 0x12,
	0xD0, 0x9B, 0x2E, 0x37, 0x37, 0x53, 0x7A, 0x37, 0x37, 0x53, 0x7E, 0x0F,
	0x37, 0x45, 0x7E, 0xB3, 0x37, 0x4D, 0x7E, 0xA3, 0x37, 0x51, 0x0A, 0x2A,
	0x0A, 0x3C, 0x2D, 0x32, 0x7E, 0x63, 0x37, 0x4E, 0x7E, 0x53, 0x37, 0x50,
	0x12, 0xD0, 0x9B, 0x7A, 0x37, 0x37, 0x57, 0x7E, 0x0F, 0x37, 0x45, 0x7E,
	0xB3, 0x37, 0x4D, 0x7E, 0xA3, 0x37, 0x51, 0x0A, 0x2A, 0x0A, 0x3C, 0x2D,
	0x32, 0x0B, 0x34, 0x7E, 0x63, 0x37, 0x4E, 0x7E, 0x53, 0x37, 0x50, 0x12,
	0xD0, 0x9B, 0x7A, 0x37, 0x37, 0x59, 0x7E, 0x0F, 0x37, 0x45, 0x7E, 0xB3,
	0x37, 0x4D, 0x7E, 0xA3, 0x37, 0x51, 0x0A, 0x2A, 0x0A, 0x3C, 0x2D, 0x32,
	0x7E, 0x63, 0x37, 0x4E, 0x0A, 0x26, 0x1B, 0x24, 0x7C, 0x65, 0x7E, 0xA3,
	0x37, 0x50, 0x0A, 0x2A, 0x0B, 0x25, 0x12, 0xD0, 0x9B, 0x7D, 0x23, 0x9E,
	0x27, 0x37, 0x57, 0x7A, 0x27, 0x37, 0x55, 0x7E, 0x37, 0x37, 0x53, 0x7E,
	0x17, 0x37, 0x57, 0x7E, 0x07, 0x37, 0x59, 0x7E, 0xB3, 0x37, 0x52, 0x12,
	0xD2, 0x20, 0x7A, 0x37, 0x37, 0x5B, 0x7E, 0xB3, 0x37, 0x51, 0xB4, 0x01,
	0x02, 0x80, 0x03, 0x02, 0x04, 0xB3, 0x7E, 0xB3, 0x37, 0x50, 0xB4, 0x01,
	0x03, 0x02, 0x07, 0xD4, 0x7E, 0x0F, 0x37, 0x45, 0x7E, 0xB3, 0x37, 0x4D,
	0x0A, 0x3C, 0x0B, 0x34, 0x7E, 0x63, 0x37, 0x4E, 0x0A, 0x26, 0x1B, 0x24,
	0x7C, 0x65, 0x7E, 0x50, 0x02, 0x12, 0xD0, 0x9B, 0x7D, 0x73, 0x7E, 0x0F,
	0x37, 0x45, 0x7E, 0xB3, 0x37, 0x4D, 0x7C, 0x7C, 0x7E, 0x63, 0x37, 0x4E,
	0x0A, 0x26, 0x1B, 0x24, 0x7C, 0x65, 0x12, 0xDF, 0x6D, 0x2D, 0x37, 0x7A,
	0x37, 0x37, 0x5D, 0x7E, 0x0F, 0x37, 0x45, 0x7E, 0xB3, 0x37, 0x4D, 0x0A,
	0x3C, 0x0B, 0x34, 0x7E, 0x63, 0x37, 0x50, 0x0A, 0x46, 0x7E, 0x63, 0x37,
	0x4E, 0x0A, 0x26, 0x2D, 0x24, 0x1B, 0x24, 0x7C, 0x65, 0x7E, 0x50, 0x02,
	0x12, 0xD0, 0x9B, 0x7D, 0x73, 0x7E, 0x0F, 0x37, 0x45, 0x7E, 0xB3, 0x37,
	0x4D, 0x7C, 0x7C, 0x7E, 0x63, 0x37, 0x50, 0x0A, 0x46, 0x7E, 0x63, 0x37,
	0x4E, 0x0A, 0x26, 0x2D, 0x24, 0x7C, 0x65, 0x12, 0xDF, 0x6D, 0x7D, 0x47,
	0x2D, 0x43, 0x7E, 0xB3, 0x37, 0x50, 0x7E, 0x70, 0x02, 0xAC, 0xB7, 0x59,
	0x45, 0x37, 0x5B, 0x49, 0x35, 0x37, 0x5B, 0x2E, 0x37, 0x37, 0x5D, 0x7A,
	0x37, 0x37, 0x6D, 0x74, 0x01, 0x80, 0x3E, 0x7E, 0x0F, 0x37, 0x45, 0x7E,
	0xB3, 0x37, 0x4D, 0x0A, 0x3C, 0x0B, 0x34, 0x7E, 0x63, 0x37, 0x4F, 0x0A,
	0x46, 0x7E, 0x63, 0x37, 0x4E, 0x0A, 0x26, 0x2D, 0x24, 0x1B, 0x24, 0x7C,
	0x65, 0x7E, 0x50, 0x03, 0x12, 0xD0, 0x9B, 0x7E, 0xB3, 0x37, 0x4F, 0x7E,
	0x50, 0x02, 0xAC, 0xB5, 0x59, 0x35, 0x37, 0x5D, 0x2E, 0x37, 0x37, 0x6D,
	0x7A, 0x37, 0x37, 0x6D, 0x7E, 0xB3, 0x37, 0x4F, 0x04, 0x7A, 0xB3, 0x37,
	0x4F, 0x7E, 0x73, 0x37, 0x50, 0x0A, 0x27, 0x1B, 0x24, 0x7E, 0x73, 0x37,
	0x4F, 0x0A, 0x37, 0xBD, 0x32, 0x48, 0xAC, 0xE4, 0x80, 0x3C, 0x7E, 0x37,
	0x37, 0x5B, 0x7E, 0xB3, 0x37, 0x4F, 0x7E, 0x50, 0x02, 0xAC, 0xB5, 0x49,
	0x25, 0x37, 0x5D, 0x7E, 0x17, 0x37, 0x6D, 0x12, 0xEE, 0x19, 0x7D, 0x23,
	0x7E, 0x0F, 0x37, 0x45, 0x7E, 0xB3, 0x37, 0x4D, 0x7C, 0x7C, 0x7E, 0x63,
	0x37, 0x4F, 0x0A, 0xF6, 0x7E, 0x63, 0x37, 0x4E, 0x0A, 0x46, 0x2D, 0x4F,
	0x7C, 0x69, 0x12, 0xDF, 0xF7, 0x7E, 0xB3, 0x37, 0x4F, 0x04, 0x7A, 0xB3,
	0x37, 0x4F, 0x7E, 0x73, 0x37, 0x50, 0xBE, 0x73, 0x37, 0x4F, 0x38, 0xB6,
	0x02, 0x09, 0x80, 0x7E, 0xA3, 0x37, 0x50, 0xBE, 0xA0, 0x01, 0x68, 0x03,
	0x02, 0x05, 0x72, 0x7E, 0x0F, 0x37, 0x45, 0x7E, 0xB3, 0x37, 0x4D, 0x7C,
	0x7C, 0x7E, 0x63, 0x37, 0x4E, 0x0A, 0x46, 0x1B, 0x44, 0x7C, 0x69, 0x0A,
	0x2A, 0x0B, 0x25, 0x12, 0xD0, 0x9B, 0x7A, 0x37, 0x37, 0x5D, 0x7E, 0x0F,
	0x37, 0x45, 0x7E, 0xB3, 0x37, 0x4D, 0x0A, 0x3C, 0x0B, 0x35, 0x7E, 0x63,
	0x37, 0x4E, 0x0A, 0x26, 0x1B, 0x24, 0x7C, 0x65, 0x7E, 0xA3, 0x37, 0x50,
	0x0A, 0x2A, 0x0B, 0x25, 0x12, 0xD0, 0x9B, 0x7D, 0x73, 0x0E, 0x74, 0x7E,
	0x0F, 0x37, 0x45, 0x7E, 0xB3, 0x37, 0x4D, 0x0A, 0x3C, 0x0B, 0x34, 0x7E,
	0x63, 0x37, 0x4E, 0x0A, 0x26, 0x1B, 0x24, 0x7C, 0x65, 0x7E, 0xA3, 0x37,
	0x50, 0x0A, 0x2A, 0x0B, 0x25, 0x12, 0xD0, 0x9B, 0x7D, 0x13, 0x2D, 0x17,
	0x7A, 0x17, 0x37, 0x5F, 0x2E, 0x17, 0x37, 0x5D, 0x7A, 0x17, 0x37, 0x6D,
	0x7E, 0x37, 0x37, 0x5B, 0x7E, 0x27, 0x37, 0x5D, 0x12, 0xEE, 0x19, 0x7D,
	0x23, 0x7E, 0x0F, 0x37, 0x45, 0x7E, 0xB3, 0x37, 0x4D, 0x7C, 0x7C, 0x7E,
	0x63, 0x37, 0x4E, 0x12, 0xDF, 0xF7, 0x7E, 0x37, 0x37, 0x5B, 0x7E, 0x27,
	0x37, 0x5F, 0x7E, 0x17, 0x37, 0x6D, 0x12, 0xEE, 0x19, 0x7D, 0x23, 0x7E,
	0x0F, 0x37, 0x45, 0x7E, 0xB3, 0x37, 0x4D, 0x0A, 0x3C, 0x0B, 0x34, 0x02,
	0x09, 0x79, 0x7E, 0xB3, 0x37, 0x50, 0xB4, 0x02, 0x02, 0x80, 0x03, 0x02,
	0x09, 0x80, 0x7E, 0x0F, 0x37, 0x45, 0x7E, 0xB3, 0x37, 0x4D, 0x0A, 0x3C,
	0x0B, 0x35, 0x7E, 0x63, 0x37, 0x4E, 0x12, 0xDF, 0x6D, 0x7D, 0x73, 0x7E,
	0x0F, 0x37, 0x45, 0x7E, 0xB3, 0x37, 0x4D, 0x7C, 0x7C, 0x7E, 0x63, 0x37,
	0x4E, 0x0A, 0x26, 0x1B, 0x24, 0x7C, 0x65, 0x12, 0xDF, 0x6D, 0x2D, 0x37,
	0x7A, 0x37, 0x37, 0x5D, 0x7E, 0x0F, 0x37, 0x45, 0x7E, 0xB3, 0x37, 0x4D,
	0x0A, 0x3C, 0x0B, 0x34, 0x7E, 0x63, 0x37, 0x4E, 0x0A, 0x26, 0x1B, 0x24,
	0x7C, 0x65, 0x12, 0xDF, 0x6D, 0x7D, 0x73, 0x7E, 0x0F, 0x37, 0x45, 0x7E,
	0xB3, 0x37, 0x4D, 0x0A, 0x3C, 0x0B, 0x35, 0x7E, 0x63, 0x37, 0x4E, 0x12,
	0xDF, 0x6D, 0x2D, 0x37, 0x7A, 0x37, 0x37, 0x5F, 0x7E, 0x0F, 0x37, 0x45,
	0x7E, 0xB3, 0x37, 0x4D, 0x0A, 0x3C, 0x0B, 0x35, 0x7E, 0x63, 0x37, 0x4E,
	0x0A, 0x26, 0x0B, 0x24, 0x7C, 0x65, 0x12, 0xDF, 0x6D, 0x7D, 0x73, 0x7E,
	0x0F, 0x37, 0x45, 0x7E, 0xB3, 0x37, 0x4D, 0x7C, 0x7C, 0x7E, 0x63, 0x37,
	0x4E, 0x0A, 0x26, 0x0B, 0x25, 0x7C, 0x65, 0x12, 0xDF, 0x6D, 0x2D, 0x37,
	0x7A, 0x37, 0x37, 0x61, 0x7E, 0x0F, 0x37, 0x45, 0x7E, 0xB3, 0x37, 0x4D,
	0x0A, 0x3C, 0x0B, 0x35, 0x7E, 0x63, 0x37, 0x4E, 0x0A, 0x26, 0x0B, 0x24,
	0x7C, 0x65, 0x12, 0xDF, 0x6D, 0x7D, 0x73, 0x7E, 0x0F, 0x37, 0x45, 0x7E,
	0xB3, 0x37, 0x4D, 0x0A, 0x3C, 0x0B, 0x34, 0x7E, 0x63, 0x37, 0x4E, 0x0A,
	0x26, 0x0B, 0x25, 0x7C, 0x65, 0x12, 0xDF, 0x6D, 0x2D, 0x37, 0x7A, 0x37,
	0x37, 0x63, 0x7E, 0x17, 0x37, 0x5F, 0x2E, 0x17, 0x37, 0x5D, 0x2E, 0x17,
	0x37, 0x61, 0x2E, 0x17, 0x37, 0x63, 0x7A, 0x17, 0x37, 0x6D, 0x7E, 0x37,
	0x37, 0x5B, 0x7E, 0x27, 0x37, 0x5D, 0x12, 0xEE, 0x19, 0x7D, 0x23, 0x7E,
	0x0F, 0x37, 0x45, 0x7E, 0xB3, 0x37, 0x4D, 0x7C, 0x7C, 0x7E, 0x63, 0x37,
	0x4E, 0x12, 0xDF, 0xF7, 0x7E, 0x37, 0x37, 0x5B, 0x7E, 0x27, 0x37, 0x5F,
	0x7E, 0x17, 0x37, 0x6D, 0x12, 0xEE, 0x19, 0x7D, 0x23, 0x7E, 0x0F, 0x37,
	0x45, 0x7E, 0xB3, 0x37, 0x4D, 0x0A, 0x3C, 0x0B, 0x34, 0x7E, 0x63, 0x37,
	0x4E, 0x12, 0xDF, 0xF7, 0x7E, 0x37, 0x37, 0x5B, 0x7E, 0x27, 0x37, 0x61,
	0x7E, 0x17, 0x37, 0x6D, 0x12, 0xEE, 0x19, 0x7D, 0x23, 0x7E, 0x0F, 0x37,
	0x45, 0x7E, 0xB3, 0x37, 0x4D, 0x7C, 0x7C, 0x7E, 0x63, 0x37, 0x4E, 0x0A,
	0x46, 0x0B, 0x44, 0x7C, 0x69, 0x12, 0xDF, 0xF7, 0x7E, 0x37, 0x37, 0x5B,
	0x7E, 0x27, 0x37, 0x63, 0x7E, 0x17, 0x37, 0x6D, 0x12, 0xEE, 0x19, 0x7D,
	0x23, 0x7E, 0x0F, 0x37, 0x45, 0x7E, 0xB3, 0x37, 0x4D, 0x0A, 0x3C, 0x0B,
	0x34, 0x02, 0x08, 0xB0, 0x7E, 0x0F, 0x37, 0x45, 0x7E, 0xB3, 0x37, 0x4D,
	0x7C, 0x7C, 0x7E, 0x63, 0x37, 0x4E, 0x0A, 0x26, 0x1B, 0x24, 0x7C, 0x65,
	0x7E, 0xA3, 0x37, 0x50, 0x0A, 0x2A, 0x0B, 0x25, 0x12, 0xD0, 0x9B, 0x7A,
	0x37, 0x37, 0x53, 0x7E, 0xB3, 0x37, 0x51, 0xB4, 0x02, 0x29, 0x7E, 0x0F,
	0x37, 0x45, 0x7E, 0xB3, 0x37, 0x4D, 0x0A, 0x3C, 0x0B, 0x34, 0x7E, 0x63,
	0x37, 0x4E, 0x0A, 0x26, 0x1B, 0x24, 0x7C, 0x65, 0x7E, 0xA3, 0x37, 0x50,
	0x0A, 0x2A, 0x0B, 0x25, 0x12, 0xD0, 0x9B, 0x2E, 0x37, 0x37, 0x53, 0x7A,
	0x37, 0x37, 0x53, 0x7E, 0x0F, 0x37, 0x45, 0x7E, 0xB3, 0x37, 0x4D, 0x0A,
	0x3C, 0x1B, 0x34, 0x7E, 0x63, 0x37, 0x4E, 0x7E, 0x53, 0x37, 0x50, 0x12,
	0xD0, 0x9B, 0x7A, 0x37, 0x37, 0x57, 0x7E, 0x0F, 0x37, 0x45, 0x7E, 0xB3,
	0x37, 0x4D, 0x0A, 0x3C, 0x1B, 0x35, 0x7E, 0x63, 0x37, 0x4E, 0x7E, 0x53,
	0x37, 0x50, 0x12, 0xD0, 0x9B, 0x7A, 0x37, 0x37, 0x59, 0x7E, 0x0F, 0x37,
	0x45, 0x7E, 0xB3, 0x37, 0x4D, 0x0A, 0x3C, 0x1B, 0x34, 0x7E, 0x63, 0x37,
	0x4E, 0x0A, 0x26, 0x1B, 0x24, 0x7C, 0x65, 0x7E, 0xA3, 0x37, 0x50, 0x0A,
	0x2A, 0x0B, 0x25, 0x12, 0xD0, 0x9B, 0x7D, 0x23, 0x9E, 0x27, 0x37, 0x57,
	0x7A, 0x27, 0x37, 0x55, 0x7E, 0x37, 0x37, 0x53, 0x7E, 0x17, 0x37, 0x57,
	0x7E, 0x07, 0x37, 0x59, 0x7E, 0xB3, 0x37, 0x52, 0x12, 0xD2, 0x20, 0x7A,
	0x37, 0x37, 0x5B, 0x7E, 0xB3, 0x37, 0x51, 0xB4, 0x01, 0x02, 0x80, 0x03,
	0x02, 0x08, 0xBD, 0x7E, 0xF3, 0x37, 0x50, 0xBE, 0xF0, 0x01, 0x78, 0x15,
	0x7E, 0x0F, 0x37, 0x45, 0x7E, 0xB3, 0x37, 0x4D, 0x7C, 0x7C, 0x7E, 0x63,
	0x37, 0x4E, 0x7E, 0x27, 0x37, 0x5B, 0x02, 0x09, 0x7D, 0xBE, 0xF0, 0x02,
	0x68, 0x03, 0x02, 0x09, 0x80, 0x7E, 0x0F, 0x37, 0x45, 0x7E, 0xB3, 0x37,
	0x4D, 0x0A, 0x3C, 0x1B, 0x34, 0x7E, 0x63, 0x37, 0x4E, 0x0A, 0x26, 0x1B,
	0x24, 0x7C, 0x65, 0x7C, 0x5F, 0x12, 0xD0, 0x9B, 0x7D, 0x73, 0x7E, 0x0F,
	0x37, 0x45, 0x7E, 0xB3, 0x37, 0x4D, 0x7C, 0x7C, 0x7E, 0x63, 0x37, 0x4E,
	0x0A, 0x26, 0x1B, 0x24, 0x7C, 0x65, 0x12, 0xDF, 0x6D, 0x2D, 0x37, 0x7A,
	0x37, 0x37, 0x5D, 0x7E, 0x0F, 0x37, 0x45, 0x7E, 0xB3, 0x37, 0x4D, 0x0A,
	0x3C, 0x1B, 0x34, 0x7E, 0x63, 0x37, 0x4E, 0x0A, 0x26, 0x0B, 0x24, 0x7C,
	0x65, 0x7E, 0x53, 0x37, 0x50, 0x12, 0xD0, 0x9B, 0x7D, 0x73, 0x7E, 0x0F,
	0x37, 0x45, 0x7E, 0xB3, 0x37, 0x4D, 0x7C, 0x7C, 0x7E, 0x63, 0x37, 0x50,
	0x0A, 0x46, 0x7E, 0x63, 0x37, 0x4E, 0x0A, 0x26, 0x2D, 0x24, 0x7C, 0x65,
	0x12, 0xDF, 0x6D, 0x7D, 0x17, 0x2D, 0x13, 0x7A, 0x17, 0x37, 0x5F, 0x2E,
	0x17, 0x37, 0x5D, 0x7A, 0x17, 0x37, 0x6D, 0x7E, 0x37, 0x37, 0x5B, 0x7E,
	0x27, 0x37, 0x5D, 0x12, 0xEE, 0x19, 0x7D, 0x23, 0x7E, 0x0F, 0x37, 0x45,
	0x7E, 0xB3, 0x37, 0x4D, 0x7C, 0x7C, 0x7E, 0x63, 0x37, 0x4E, 0x12, 0xDF,
	0xF7, 0x7E, 0x37, 0x37, 0x5B, 0x7E, 0x27, 0x37, 0x5F, 0x7E, 0x17, 0x37,
	0x6D, 0x12, 0xEE, 0x19, 0x7D, 0x23, 0x7E, 0x0F, 0x37, 0x45, 0x7E, 0xB3,
	0x37, 0x4D, 0x7C, 0x7C, 0x7E, 0x63, 0x37, 0x4E, 0x0A, 0x46, 0x0B, 0x44,
	0x7C, 0x69, 0x02, 0x09, 0x7D, 0x7E, 0xA3, 0x37, 0x50, 0xBE, 0xA0, 0x01,
	0x68, 0x03, 0x02, 0x09, 0x80, 0x7E, 0x0F, 0x37, 0x45, 0x7E, 0xB3, 0x37,
	0x4D, 0x0A, 0x3C, 0x0B, 0x34, 0x7E, 0x63, 0x37, 0x4E, 0x0A, 0x46, 0x1B,
	0x44, 0x7C, 0x69, 0x0A, 0x2A, 0x0B, 0x25, 0x12, 0xD0, 0x9B, 0x7A, 0x37,
	0x37, 0x5D, 0x7E, 0x0F, 0x37, 0x45, 0x7E, 0xB3, 0x37, 0x4D, 0x0A, 0x3C,
	0x1B, 0x34, 0x7E, 0x63, 0x37, 0x4E, 0x0A, 0x26, 0x1B, 0x24, 0x7C, 0x65,
	0x7E, 0xA3, 0x37, 0x50, 0x0A, 0x2A, 0x0B, 0x25, 0x12, 0xD0, 0x9B, 0x7D,
	0x73, 0x0E, 0x74, 0x7E, 0x0F, 0x37, 0x45, 0x7E, 0xB3, 0x37, 0x4D, 0x7C,
	0x7C, 0x7E, 0x63, 0x37, 0x4E, 0x0A, 0x26, 0x1B, 0x24, 0x7C, 0x65, 0x7E,
	0xA3, 0x37, 0x50, 0x0A, 0x2A, 0x0B, 0x25, 0x12, 0xD0, 0x9B, 0x7D, 0x13,
	0x2D, 0x17, 0x7A, 0x17, 0x37, 0x5F, 0x2E, 0x17, 0x37, 0x5D, 0x7A, 0x17,
	0x37, 0x6D, 0x7E, 0x37, 0x37, 0x5B, 0x7E, 0x27, 0x37, 0x5D, 0x12, 0xEE,
	0x19, 0x7D, 0x23, 0x7E, 0x0F, 0x37, 0x45, 0x7E, 0xB3, 0x37, 0x4D, 0x0A,
	0x3C, 0x0B, 0x34, 0x7E, 0x63, 0x37, 0x4E, 0x12, 0xDF, 0xF7, 0x7E, 0x37,
	0x37, 0x5B, 0x7E, 0x27, 0x37, 0x5F, 0x7E, 0x17, 0x37, 0x6D, 0x12, 0xEE,
	0x19, 0x7D, 0x23, 0x7E, 0x0F, 0x37, 0x45, 0x7E, 0xB3, 0x37, 0x4D, 0x7C,
	0x7C, 0x7E, 0x63, 0x37, 0x4E, 0x12, 0xDF, 0xF7, 0x7E, 0x1F, 0x37, 0x49,
	0x0B, 0x34, 0x7A, 0x1F, 0x37, 0x49, 0x7E, 0xB3, 0x37, 0x4E, 0x04, 0x7A,
	0xB3, 0x37, 0x4E, 0x7E, 0x73, 0x0E, 0x7D, 0xBE, 0x73, 0x37, 0x4E, 0x28,
	0x03, 0x02, 0x01, 0xB1, 0x0B, 0xC0, 0xBC, 0xDC, 0x28, 0x03, 0x02, 0x01,
	0xAD, 0xDA, 0x3B, 0x22, 0xCA, 0x3B, 0x7E, 0xB3, 0x04, 0x70, 0x54, 0x02,
	0x7A, 0xB3, 0x37, 0x46, 0x78, 0x50, 0x7E, 0x73, 0x04, 0x53, 0x0A, 0x37,
	0x7A, 0x37, 0x37, 0x70, 0x7E, 0x73, 0x04, 0x54, 0x7A, 0x37, 0x37, 0x72,
	0x7E, 0x73, 0x04, 0x74, 0x7A, 0x37, 0x37, 0x74, 0x7E, 0x73, 0x04, 0x75,
	0x7A, 0x37, 0x37, 0x76, 0x7E, 0x73, 0x04, 0x76, 0x7A, 0x37, 0x37, 0x78,
	0x7E, 0x73, 0x04, 0x77, 0x7A, 0x37, 0x37, 0x7A, 0x7E, 0x73, 0x05, 0x17,
	0x7A, 0x73, 0x37, 0x4B, 0x7E, 0x73, 0x05, 0x18, 0x7A, 0x73, 0x37, 0x4F,
	0x7E, 0x37, 0x05, 0x1C, 0x7A, 0x37, 0x37, 0x59, 0x7E, 0x37, 0x05, 0x1E,
	0x80, 0x4E, 0x7E, 0x73, 0x04, 0x78, 0x0A, 0x37, 0x7A, 0x37, 0x37, 0x70,
	0x7E, 0x73, 0x04, 0x79, 0x7A, 0x37, 0x37, 0x72, 0x7E, 0x73, 0x04, 0x7A,
	0x7A, 0x37, 0x37, 0x74, 0x7E, 0x73, 0x04, 0x7B, 0x7A, 0x37, 0x37, 0x76,
	0x7E, 0x73, 0x04, 0x7C, 0x7A, 0x37, 0x37, 0x78, 0x7E, 0x73, 0x04, 0x7D,
	0x7A, 0x37, 0x37, 0x7A, 0x7E, 0x73, 0x05, 0x18, 0x7A, 0x73, 0x37, 0x4B,
	0x7E, 0x73, 0x05, 0x17, 0x7A, 0x73, 0x37, 0x4F, 0x7E, 0x37, 0x05, 0x1E,
	0x7A, 0x37, 0x37, 0x59, 0x7E, 0x37, 0x05, 0x1C, 0x7A, 0x37, 0x37, 0x61,
	0x7E, 0x73, 0x04, 0x52, 0x7A, 0x73, 0x37, 0x67, 0x7E, 0xA3, 0x04, 0x58,
	0x7C, 0xBA, 0xC4, 0x54, 0x0F, 0x7A, 0xB3, 0x37, 0x6A, 0xB4, 0x0F, 0x06,
	0x74, 0xFF, 0x7A, 0xB3, 0x37, 0x6A, 0x7C, 0xBA, 0x54, 0x0F, 0x7A, 0xB3,
	0x37, 0x69, 0x7E, 0x73, 0x04, 0x57, 0x7A, 0x73, 0x37, 0x6B, 0x7E, 0x73,
	0x04, 0x55, 0x7C, 0xB7, 0x54, 0x80, 0x7A, 0xB3, 0x37, 0x68, 0x5E, 0x70,
	0x7F, 0x74, 0x02, 0xAC, 0xB7, 0x7A, 0x57, 0x37, 0x6E, 0x7E, 0xB3, 0x04,
	0x56, 0x7E, 0x70, 0x02, 0xAC, 0xB7, 0x7A, 0x57, 0x37, 0x6C, 0x7E, 0x37,
	0x37, 0x70, 0x3E, 0x34, 0x7A, 0x37, 0x37, 0x70, 0x7E, 0x37, 0x37, 0x72,
	0x3E, 0x34, 0x7A, 0x37, 0x37, 0x72, 0x7E, 0x37, 0x37, 0x74, 0x3E, 0x34,
	0x7A, 0x37, 0x37, 0x74, 0x7E, 0x37, 0x37, 0x76, 0x3E, 0x34, 0x7A, 0x37,
	0x37, 0x76, 0x7E, 0x37, 0x37, 0x78, 0x3E, 0x34, 0x7A, 0x37, 0x37, 0x78,
	0x7E, 0x37, 0x37, 0x7A, 0x3E, 0x34, 0x7A, 0x37, 0x37, 0x7A, 0x6C, 0xDD,
	0x02, 0x10, 0xE1, 0x0A, 0x3D, 0x09, 0x73, 0x07, 0x27, 0xBE, 0x70, 0x01,
	0x38, 0x0D, 0x6C, 0x77, 0x74, 0x0B, 0xAC, 0xBD, 0x19, 0x75, 0x09, 0x83,
	0x02, 0x10, 0xDF, 0x7E, 0x34, 0x37, 0x7C, 0x7E, 0x50, 0x0B, 0xAC, 0x5D,
	0x2E, 0x24, 0x09, 0x83, 0x74, 0x0B, 0x12, 0xF3, 0x33, 0x0A, 0x3D, 0x09,
	0xB3, 0x07, 0x31, 0x60, 0x75, 0x0A, 0x3D, 0x09, 0x63, 0x07, 0x95, 0x7E,
	0x70, 0x10, 0xAC, 0x67, 0x2E, 0x34, 0x07, 0x9F, 0x7A, 0x37, 0x37, 0x87,
	0x09, 0x53, 0x00, 0x07, 0x7A, 0x53, 0x37, 0x49, 0x09, 0x53, 0x00, 0x08,
	0x7A, 0x53, 0x37, 0x4A, 0x09, 0x53, 0x00, 0x09, 0x7A, 0x53, 0x37, 0x4D,
	0x09, 0x73, 0x00, 0x0A, 0x7A, 0x73, 0x37, 0x4E, 0x7E, 0xB3, 0x37, 0x46,
	0x60, 0x3C, 0x7E, 0x73, 0x37, 0x4D, 0x7C, 0x67, 0x6E, 0x63, 0x37, 0x49,
	0x7A, 0x63, 0x37, 0x49, 0x6E, 0x73, 0x37, 0x49, 0x7A, 0x73, 0x37, 0x4D,
	0x6E, 0x73, 0x37, 0x49, 0x7A, 0x73, 0x37, 0x49, 0x7E, 0x73, 0x37, 0x4E,
	0x7C, 0x67, 0x6E, 0x63, 0x37, 0x4A, 0x7A, 0x63, 0x37, 0x4A, 0x6E, 0x73,
	0x37, 0x4A, 0x7A, 0x73, 0x37, 0x4E, 0x6E, 0x73, 0x37, 0x4A, 0x7A, 0x73,
	0x37, 0x4A, 0x7E, 0x70, 0x04, 0xAC, 0x7D, 0x2E, 0x34, 0x00, 0x03, 0x7A,
	0x73, 0x37, 0x45, 0x7E, 0xB3, 0x37, 0x45, 0x7E, 0x70, 0x02, 0xAC, 0xB7,
	0x49, 0x35, 0x05, 0xF1, 0x7A, 0x37, 0x37, 0x55, 0x49, 0x25, 0x06, 0x41,
	0x7A, 0x27, 0x37, 0x5D, 0x7E, 0x27, 0x04, 0x22, 0x7A, 0x27, 0x37, 0x89,
	0x7E, 0x53, 0x04, 0x27, 0x7A, 0x53, 0x37, 0x8C, 0x7E, 0x24, 0x37, 0x48,
	0x7A, 0x27, 0x37, 0x8D, 0x7E, 0x27, 0x05, 0x1C, 0x7E, 0xB3, 0x05, 0x17,
	0x7E, 0x33, 0x04, 0x1C, 0x7E, 0x23, 0x04, 0x1E, 0x7E, 0x13, 0x04, 0x20,
	0x7E, 0x03, 0x04, 0x26, 0x12, 0x84, 0x66, 0x7A, 0x37, 0x37, 0x57, 0x7E,
	0x37, 0x04, 0x24, 0x7A, 0x37, 0x37, 0x89, 0x7E, 0x73, 0x04, 0x29, 0x7A,
	0x73, 0x37, 0x8C, 0x7E, 0x34, 0x37, 0x48, 0x7A, 0x37, 0x37, 0x8D, 0x7E,
	0x37, 0x37, 0x5D, 0x7E, 0x27, 0x05, 0x1E, 0x7E, 0xB3, 0x05, 0x18, 0x7E,
	0x33, 0x04, 0x1D, 0x7E, 0x23, 0x04, 0x1F, 0x7E, 0x13, 0x04, 0x21, 0x7E,
	0x03, 0x04, 0x28, 0x12, 0x84, 0x66, 0x7A, 0x37, 0x37, 0x5F, 0x7E, 0xB3,
	0x37, 0x46, 0x60, 0x1E, 0x7E, 0x37, 0x37, 0x5F, 0x7D, 0x23, 0x6E, 0x27,
	0x37, 0x57, 0x7A, 0x27, 0x37, 0x57, 0x6E, 0x37, 0x37, 0x57, 0x7A, 0x37,
	0x37, 0x5F, 0x6E, 0x37, 0x37, 0x57, 0x7A, 0x37, 0x37, 0x57, 0x0A, 0x3D,
	0x09, 0xB3, 0x07, 0x27, 0xB4, 0x05, 0x61, 0x7E, 0x73, 0x37, 0x7C, 0xBE,
	0x70, 0x03, 0x40, 0x41, 0xBE, 0x70, 0x05, 0x38, 0x3C, 0x7E, 0x73, 0x37,
	0x7D, 0xBE, 0x70, 0x24, 0x50, 0x33, 0x7E, 0x37, 0x37, 0x5F, 0x7E, 0x27,
	0x37, 0x85, 0x12, 0xF3, 0xFB, 0x7D, 0x73, 0x7E, 0x37, 0x37, 0x57, 0x7E,
	0x27, 0x37, 0x83, 0x12, 0xF3, 0xFB, 0x2D, 0x37, 0x7A, 0x37, 0x37, 0x5B,
	0x7E, 0x37, 0x37, 0x6C, 0xBE, 0x37, 0x37, 0x5B, 0x08, 0x0B, 0x74, 0x08,
	0x7A, 0xB3, 0x37, 0x7C, 0xE4, 0x7A, 0xB3, 0x37, 0x7E, 0x7E, 0xB3, 0x37,
	0x7C, 0xB4, 0x08, 0x0C, 0x7E, 0x73, 0x37, 0x7E, 0xBE, 0x70, 0x05, 0x38,
	0x03, 0x02, 0x10, 0x5F, 0xE4, 0x02, 0x10, 0x5B, 0x0A, 0x3D, 0x09, 0xB3,
	0x07, 0x31, 0x70, 0x03, 0x02, 0x10, 0xDF, 0x7E, 0xB3, 0x37, 0x7C, 0x70,
	0x3D, 0x7E, 0x34, 0x37, 0x7C, 0x7E, 0x24, 0x00, 0x0B, 0x12, 0xF2, 0xA4,
	0x74, 0x04, 0x7A, 0xB3, 0x37, 0x7C, 0x7E, 0x37, 0x37, 0x55, 0x7A, 0x37,
	0x37, 0x7F, 0x7E, 0x37, 0x37, 0x5D, 0x7A, 0x37, 0x37, 0x81, 0x7E, 0x37,
	0x37, 0x57, 0x7A, 0x37, 0x37, 0x83, 0x7E, 0x37, 0x37, 0x5F, 0x7A, 0x37,
	0x37, 0x85, 0x7E, 0xB3, 0x37, 0x67, 0x70, 0x06, 0x74, 0x07, 0x7A, 0xB3,
	0x37, 0x7C, 0x7E, 0xB3, 0x37, 0x7C, 0xBE, 0xB0, 0x07, 0x78, 0x03, 0x02,
	0x10, 0x5F, 0x7E, 0x73, 0x37, 0x4D, 0x1A, 0x27, 0x7E, 0x73, 0x37, 0x4E,
	0x1A, 0x37, 0x9D, 0x32, 0x0B, 0x34, 0x7A, 0x73, 0x37, 0x50, 0x7E, 0x37,
	0x37, 0x59, 0x9E, 0x37, 0x37, 0x57, 0x7A, 0x37, 0x37, 0x5B, 0x7E, 0x37,
	0x37, 0x61, 0x9E, 0x37, 0x37, 0x5F, 0x7A, 0x37, 0x37, 0x63, 0x7E, 0x37,
	0x37, 0x57, 0xBE, 0x37, 0x37, 0x5B, 0x58, 0x12, 0x7A, 0x37, 0x37, 0x5B,
	0x7E, 0x73, 0x37, 0x49, 0x7A, 0x73, 0x37, 0x4C, 0x7E, 0x18, 0x09, 0xF2,
	0x80, 0x18, 0x7E, 0x73, 0x37, 0x4A, 0x1A, 0x27, 0x7E, 0x73, 0x37, 0x4B,
	0x1A, 0x37, 0x9D, 0x32, 0x1B, 0x34, 0x7A, 0x73, 0x37, 0x4C, 0x7E, 0x18,
	0x0A, 0x1A, 0x7A, 0x1F, 0x37, 0x51, 0xE4, 0x7A, 0xB3, 0x37, 0x66, 0x7E,
	0x37, 0x37, 0x5F, 0x7E, 0x27, 0x37, 0x85, 0x12, 0xF3, 0xFB, 0xBE, 0x37,
	0x37, 0x6E, 0x08, 0x06, 0x74, 0x01, 0x7A, 0xB3, 0x37, 0x66, 0xE4, 0x7A,
	0xB3, 0x37, 0x65, 0x7E, 0x37, 0x37, 0x74, 0xBE, 0x37, 0x37, 0x5B, 0x08,
	0x0A, 0x7E, 0x37, 0x37, 0x76, 0xBE, 0x37, 0x37, 0x63, 0x18, 0x14, 0x7E,
	0x37, 0x37, 0x78, 0xBE, 0x37, 0x37, 0x5B, 0x08, 0x10, 0x7E, 0x37, 0x37,
	0x7A, 0xBE, 0x37, 0x37, 0x63, 0x08, 0x06, 0x74, 0x01, 0x7A, 0xB3, 0x37,
	0x65, 0x7E, 0xB3, 0x37, 0x7C, 0xB4, 0x01, 0x0E, 0x7E, 0x73, 0x37, 0x6A,
	0xBE, 0x73, 0x37, 0x4C, 0x50, 0x1A, 0x74, 0x04, 0x80, 0x12, 0x7E, 0xB3,
	0x37, 0x4C, 0x70, 0x10, 0x7E, 0x73, 0x37, 0x69, 0xBE, 0x73, 0x37, 0x50,
	0x38, 0x06, 0x74, 0x01, 0x7A, 0xB3, 0x37, 0x7C, 0x7E, 0xB3, 0x37, 0x7C,
	0xB4, 0x02, 0x20, 0x7E, 0x37, 0x37, 0x72, 0xBE, 0x37, 0x37, 0x5B, 0x48,
	0x06, 0x7E, 0xB3, 0x37, 0x66, 0x60, 0x10, 0x7E, 0xB3, 0x37, 0x65, 0x70,
	0x04, 0x74, 0x07, 0x80, 0x02, 0x74, 0x06, 0x7A, 0xB3, 0x37, 0x7C, 0x7E,
	0xB3, 0x37, 0x7C, 0xB4, 0x03, 0x2A, 0x7E, 0x37, 0x37, 0x70, 0xBE, 0x37,
	0x37, 0x5B, 0x58, 0x04, 0x74, 0x04, 0x80, 0x18, 0x7E, 0xB3, 0x37, 0x68,
	0x60, 0x16, 0x7E, 0xB3, 0x37, 0x66, 0x60, 0x10, 0x7E, 0xB3, 0x37, 0x65,
	0x70, 0x04, 0x74, 0x07, 0x80, 0x02, 0x74, 0x06, 0x7A, 0xB3, 0x37, 0x7C,
	0x7E, 0xB3, 0x37, 0x7C, 0xB4, 0x04, 0x38, 0x7E, 0x37, 0x37, 0x70, 0xBE,
	0x37, 0x37, 0x5B, 0x48, 0x04, 0x74, 0x03, 0x80, 0x26, 0x7E, 0xB3, 0x37,
	0x66, 0x70, 0x14, 0x7E, 0x37, 0x37, 0x72, 0xBE, 0x37, 0x37, 0x5B, 0x48,
	0x0A, 0x7E, 0x73, 0x37, 0x67, 0xBE, 0x73, 0x37, 0x7D, 0x50, 0x10, 0x7E,
	0xB3, 0x37, 0x65, 0x70, 0x04, 0x74, 0x07, 0x80, 0x02, 0x74, 0x06, 0x7A,
	0xB3, 0x37, 0x7C, 0x7E, 0xB3, 0x37, 0x7C, 0xBE, 0xB0, 0x07, 0x78, 0x03,
	0x02, 0x0F, 0xA7, 0xBE, 0xB0, 0x01, 0x78, 0x03, 0x02, 0x0F, 0xA7, 0x7E,
	0xB3, 0x37, 0x4C, 0x60, 0x03, 0x02, 0x0F, 0xA7, 0x7E, 0x73, 0x37, 0x4D,
	0x1A, 0x37, 0x1B, 0x35, 0x7C, 0xC7, 0x7E, 0x73, 0x37, 0x4E, 0x1A, 0x37,
	0x0B, 0x35, 0x7A, 0x73, 0x37, 0x48, 0xBE, 0xC0, 0x00, 0x58, 0x02, 0x6C,
	0xCC, 0x7E, 0x73, 0x37, 0x48, 0xBE, 0x70, 0x28, 0x48, 0x2C, 0x74, 0x27,
	0x7A, 0xB3, 0x37, 0x48, 0x80, 0x24, 0x1A, 0x1C, 0x7E, 0x1F, 0x37, 0x51,
	0x2D, 0x31, 0x7E, 0x1B, 0x60, 0x7E, 0x14, 0xF7, 0xFB, 0x7E, 0x04, 0x00,
	0xFF, 0x7E, 0x0B, 0x70, 0xBC, 0x67, 0x28, 0x08, 0x74, 0x01, 0x7A, 0xB3,
	0x37, 0x7C, 0x80, 0x0A, 0x0B, 0xC0, 0x7E, 0x73, 0x37, 0x48, 0xBC, 0x7C,
	0x58, 0xD4, 0x7E, 0xB3, 0x37, 0x7C, 0xBE, 0xB0, 0x01, 0x78, 0x03, 0x02,
	0x0F, 0xA7, 0xE4, 0x7A, 0xB3, 0x37, 0x48, 0x7E, 0x73, 0x37, 0x4D, 0x1A,
	0x37, 0x1B, 0x34, 0x7C, 0xC7, 0x80, 0x2D, 0x1A, 0x1C, 0x7E, 0x1F, 0x37,
	0x51, 0x2D, 0x31, 0x7E, 0x1B, 0xB0, 0x70, 0x10, 0x7E, 0xB3, 0x37, 0x48,
	0x04, 0x7A, 0xB3, 0x37, 0x48, 0xBE, 0xB0, 0x04, 0x68, 0x17, 0x80, 0x0E,
	0xE4, 0x7A, 0xB3, 0x37, 0x48, 0x7E, 0xB3, 0x37, 0x50, 0x04, 0x7A, 0xB3,
	0x37, 0x50, 0x1B, 0xC0, 0xBE, 0xC0, 0x00, 0x58, 0xCE, 0xE4, 0x7A, 0xB3,
	0x37, 0x48, 0x7E, 0x73, 0x37, 0x4E, 0x1A, 0x37, 0x0B, 0x34, 0x7C, 0xC7,
	0x80, 0x2D, 0x1A, 0x1C, 0x7E, 0x1F, 0x37, 0x51, 0x2D, 0x31, 0x7E, 0x1B,
	0xB0, 0x70, 0x10, 0x7E, 0xB3, 0x37, 0x48, 0x04, 0x7A, 0xB3, 0x37, 0x48,
	0xBE, 0xB0, 0x04, 0x68, 0x1A, 0x80, 0x0E, 0xE4, 0x7A, 0xB3, 0x37, 0x48,
	0x7E, 0xB3, 0x37, 0x50, 0x04, 0x7A, 0xB3, 0x37, 0x50, 0x0B, 0xC0, 0x7E,
	0x73, 0x37, 0x4F, 0xBC, 0x7C, 0x18, 0xCB, 0x7E, 0x73, 0x37, 0x6B, 0xBE,
	0x73, 0x37, 0x50, 0x38, 0x06, 0x74, 0x02, 0x7A, 0xB3, 0x37, 0x7C, 0x7E,
	0xA3, 0x37, 0x7C, 0xBE, 0xA0, 0x01, 0x68, 0x0B, 0xBE, 0xA0, 0x06, 0x38,
	0x5A, 0x7E, 0xB3, 0x37, 0x4C, 0x70, 0x54, 0x0A, 0x3A, 0x6D, 0x22, 0x2E,
	0x24, 0x00, 0xFF, 0x2E, 0x18, 0xF7, 0xF9, 0x7E, 0x1B, 0xB0, 0x7A, 0xB3,
	0x37, 0x47, 0x60, 0x3F, 0x7E, 0x73, 0x37, 0x4D, 0x1A, 0x17, 0x7E, 0x1F,
	0x37, 0x51, 0x2D, 0x31, 0x80, 0x23, 0x7E, 0xB3, 0x37, 0x4D, 0x04, 0x7A,
	0xB3, 0x37, 0x4D, 0x7E, 0x0F, 0x37, 0x51, 0x7E, 0x0B, 0x70, 0xBE, 0x73,
	0x37, 0x47, 0x50, 0x07, 0x7E, 0x73, 0x37, 0x47, 0x7A, 0x0B, 0x70, 0x7E,
	0x1F, 0x37, 0x51, 0x0B, 0x34, 0x7A, 0x1F, 0x37, 0x51, 0x7E, 0x73, 0x37,
	0x4E, 0xBE, 0x73, 0x37, 0x4D, 0x58, 0xCF, 0x7E, 0xB3, 0x37, 0x7C, 0xB4,
	0x06, 0x27, 0x7E, 0xB3, 0x09, 0xF1, 0x60, 0x21, 0x74, 0x05, 0x7A, 0xB3,
	0x37, 0x7C, 0x7E, 0xB3, 0x37, 0x7E, 0x60, 0x15, 0xE4, 0x7A, 0xB3, 0x37,
	0x7E, 0x7E, 0x37, 0x37, 0x55, 0x7A, 0x37, 0x37, 0x7F, 0x7E, 0x37, 0x37,
	0x5D, 0x7A, 0x37, 0x37, 0x81, 0x7E, 0xB3, 0x37, 0x7C, 0xBE, 0xB0, 0x06,
	0x68, 0x03, 0xB4, 0x05, 0x16, 0x7E, 0xB3, 0x37, 0x65, 0x70, 0x10, 0x7E,
	0x73, 0x37, 0x67, 0xBE, 0x73, 0x37, 0x7D, 0x50, 0x06, 0x74, 0x07, 0x7A,
	0xB3, 0x37, 0x7C, 0x7E, 0xB3, 0x37, 0x7C, 0xBE, 0xB0, 0x06, 0x40, 0x3C,
	0xB4, 0x07, 0x06, 0x74, 0x08, 0x7A, 0xB3, 0x09, 0xF1, 0x7E, 0xB3, 0x37,
	0x7E, 0x70, 0x1F, 0x7E, 0x47, 0x37, 0x7F, 0x7E, 0xB3, 0x37, 0x45, 0x7E,
	0x70, 0x02, 0xAC, 0xB7, 0x59, 0x45, 0x05, 0xF1, 0x7E, 0x47, 0x37, 0x81,
	0x7E, 0xB3, 0x37, 0x45, 0xAC, 0xB7, 0x59, 0x45, 0x06, 0x41, 0x7E, 0xB3,
	0x37, 0x7E, 0xBE, 0xB0, 0xFF, 0x68, 0x05, 0x04, 0x7A, 0xB3, 0x37, 0x7E,
	0x7E, 0xB3, 0x37, 0x7D, 0xBE, 0xB0, 0xFF, 0x68, 0x05, 0x04, 0x7A, 0xB3,
	0x37, 0x7D, 0x7E, 0x73, 0x37, 0x7C, 0xBE, 0x70, 0x06, 0x40, 0x12, 0x0A,
	0x3D, 0x09, 0xB3, 0x07, 0x81, 0xB4, 0xFF, 0x09, 0x12, 0xF0, 0x29, 0x0A,
	0x3D, 0x19, 0xB3, 0x07, 0x81, 0x7E, 0x70, 0x0B, 0xAC, 0x7D, 0x2E, 0x34,
	0x09, 0x83, 0x7E, 0x24, 0x37, 0x7C, 0x74, 0x0B, 0x12, 0xF3, 0x33, 0x0B,
	0xD0, 0xBE, 0xD0, 0x0A, 0x50, 0x03, 0x02, 0x0A, 0xEF, 0x7E, 0xB3, 0x03,
	0xB7, 0x70, 0x19, 0x7E, 0x34, 0x09, 0xF2, 0x12, 0xF2, 0x8F, 0x7E, 0x34,
	0x0A, 0x1A, 0x12, 0xF2, 0x8F, 0x7E, 0xB3, 0x09, 0xF1, 0x60, 0x05, 0x14,
	0x7A, 0xB3, 0x09, 0xF1, 0x7E, 0x34, 0x09, 0xF2, 0x12, 0xF2, 0x8F, 0x7E,
	0x34, 0x0A, 0x1A, 0x12, 0xF2, 0x8F, 0xDA, 0x3B, 0x22, 0xCA, 0x3B, 0x7C,
	0xFB, 0x7F, 0x71, 0x7F, 0x60, 0x7E, 0x73, 0x37, 0x21, 0x0A, 0x37, 0x3E,
	0x34, 0x3E, 0x34, 0x7A, 0x37, 0x38, 0x00, 0x7E, 0x73, 0x37, 0x23, 0x0A,
	0x27, 0x7E, 0x73, 0x2E, 0x57, 0x0A, 0x37, 0x9D, 0x32, 0x0E, 0x34, 0x7A,
	0x73, 0x38, 0x02, 0x7E, 0xB3, 0x37, 0x45, 0x70, 0x17, 0xE4, 0x7A, 0xB3,
	0x36, 0xFC, 0x7A, 0xB3, 0x2E, 0x5C, 0x7E, 0x08, 0x2E, 0x5D, 0x7E, 0x34,
	0x00, 0x04, 0x12, 0xF2, 0x33, 0x02, 0x18, 0x44, 0x6C, 0xEE, 0x02, 0x12,
	0x28, 0x74, 0x02, 0xAC, 0xBE, 0x7F, 0x17, 0x2D, 0x35, 0x0B, 0x1A, 0x30,
	0x7F, 0x06, 0x2D, 0x15, 0x0B, 0x0A, 0x40, 0x2D, 0x43, 0x59, 0x45, 0x37,
	0x4C, 0x6D, 0x33, 0x59, 0x35, 0x37, 0x94, 0x6C, 0xDD, 0x02, 0x12, 0x1B,
	0x7E, 0x73, 0x38, 0x02, 0xBC, 0x7D, 0x38, 0x38, 0x0A, 0x07, 0x7E, 0x73,
	0x2E, 0x57, 0x0A, 0x17, 0x9D, 0x10, 0x0A, 0x0D, 0xBD, 0x01, 0x58, 0x28,
	0x7E, 0x73, 0x37, 0x4B, 0x1A, 0x17, 0xAD, 0x10, 0x0A, 0x0E, 0x2D, 0x10,
	0x3E, 0x14, 0x7E, 0x1F, 0x37, 0x46, 0x2D, 0x31, 0x0B, 0x1A, 0x40, 0x7E,
	0x50, 0x02, 0xAC, 0x5E, 0x2E, 0x24, 0x37, 0x94, 0x0B, 0x28, 0x30, 0x2D,
	0x34, 0x1B, 0x28, 0x30, 0x4C, 0xEE, 0x78, 0x23, 0x7E, 0x73, 0x37, 0x4B,
	0x1A, 0x17, 0x0A, 0x0D, 0xAD, 0x10, 0x0A, 0x0E, 0x2D, 0x10, 0x3E, 0x14,
	0x7E, 0x1F, 0x37, 0x46, 0x2D, 0x31, 0x0B, 0x1A, 0x40, 0x74, 0x02, 0xAC,
	0xBD, 0x59, 0x45, 0x37, 0xDC, 0x80, 0x2A, 0x7E, 0x73, 0x37, 0x4B, 0x1A,
	0x17, 0x0A, 0x0D, 0xAD, 0x10, 0x0A, 0x0E, 0x2D, 0x10, 0x3E, 0x14, 0x7E,
	0x1F, 0x37, 0x46, 0x2D, 0x31, 0x0B, 0x1A, 0x40, 0x7E, 0x50, 0x02, 0xAC,
	0x5D, 0x2E, 0x24, 0x37, 0xDC, 0x0B, 0x28, 0x30, 0x2D, 0x34, 0x1B, 0x28,
	0x30, 0x0B, 0xD0, 0x7E, 0x73, 0x2E, 0x57, 0xBC, 0x7D, 0x28, 0x03, 0x02,
	0x11, 0x88, 0x0B, 0xE0, 0x7E, 0x63, 0x2E, 0x56, 0xBC, 0x6E, 0x28, 0x03,
	0x02, 0x11, 0x65, 0x7E, 0xB3, 0x2E, 0x5C, 0x70, 0x03, 0x02, 0x15, 0x74,
	0x7E, 0x08, 0x30, 0x61, 0x7A, 0x0F, 0x38, 0x1C, 0x7E, 0x08, 0x31, 0x61,
	0x7A, 0x0F, 0x38, 0x20, 0x7C, 0xBF, 0x7E, 0x73, 0x2E, 0x5A, 0x7E, 0x50,
	0x20, 0x7E, 0x08, 0x37, 0x4C, 0x12, 0xB5, 0xBF, 0x7E, 0x18, 0x33, 0xE1,
	0x7A, 0x1F, 0x38, 0x1C, 0x7E, 0x18, 0x34, 0xE1, 0x7A, 0x1F, 0x38, 0x20,
	0x7C, 0xBF, 0x7E, 0x73, 0x2E, 0x5A, 0x7E, 0x63, 0x2E, 0x56, 0x7E, 0x50,
	0x20, 0x7E, 0x08, 0x37, 0x94, 0x12, 0xB5, 0xBF, 0x7E, 0x18, 0x36, 0x41,
	0x7A, 0x1F, 0x38, 0x1C, 0x7E, 0x18, 0x36, 0xD1, 0x7A, 0x1F, 0x38, 0x20,
	0x7C, 0xBF, 0x7E, 0x73, 0x2E, 0x5A, 0x7E, 0x63, 0x2E, 0x57, 0x7E, 0x50,
	0x12, 0x7E, 0x08, 0x37, 0xDC, 0x12, 0xB5, 0xBF, 0x6C, 0xEE, 0x80, 0x42,
	0x74, 0x02, 0xAC, 0xBE, 0x49, 0x35, 0x34, 0xE1, 0x1A, 0x26, 0x1A, 0x24,
	0x7E, 0xD7, 0x38, 0x00, 0x7D, 0x1D, 0x1A, 0x12, 0x1A, 0xC2, 0x7E, 0x08,
	0x01, 0x00, 0x9F, 0x06, 0x12, 0x8C, 0xBA, 0x7F, 0x71, 0x74, 0x02, 0xAC,
	0xBE, 0x49, 0x35, 0x31, 0x61, 0x1A, 0x26, 0x1A, 0x24, 0x7F, 0x06, 0x12,
	0x8C, 0xBA, 0x2F, 0x17, 0x7C, 0x76, 0x7C, 0x65, 0x74, 0x02, 0xAC, 0xBE,
	0x59, 0x35, 0x31, 0x61, 0x0B, 0xE0, 0x7E, 0x73, 0x2E, 0x56, 0xBC, 0x7E,
	0x38, 0xB6, 0xE4, 0x7A, 0xB3, 0x38, 0x0F, 0x7A, 0xB3, 0x38, 0x10, 0x7A,
	0xB3, 0x38, 0x11, 0x7A, 0xB3, 0x38, 0x12, 0x7E, 0x18, 0x36, 0xD1, 0x7A,
	0x1F, 0x38, 0x1C, 0x7E, 0x18, 0x38, 0x16, 0x7A, 0x1F, 0x38, 0x20, 0x7E,
	0x18, 0x38, 0x17, 0x7A, 0x1F, 0x38, 0x24, 0x7E, 0x08, 0x38, 0x14, 0x7E,
	0x18, 0x38, 0x13, 0x7E, 0xB3, 0x2E, 0x57, 0x12, 0x37, 0x39, 0x7E, 0x18,
	0x31, 0x61, 0x7A, 0x1F, 0x38, 0x1C, 0x7E, 0x18, 0x38, 0x18, 0x7A, 0x1F,
	0x38, 0x20, 0x7E, 0x18, 0x38, 0x19, 0x7A, 0x1F, 0x38, 0x24, 0x7E, 0x08,
	0x38, 0x14, 0x7E, 0x18, 0x38, 0x13, 0x7E, 0xB3, 0x2E, 0x56, 0x12, 0x37,
	0x39, 0x7E, 0xB3, 0x36, 0xF5, 0x60, 0x6A, 0x7E, 0xD0, 0x01, 0x7E, 0xB3,
	0x37, 0x0F, 0x70, 0x0C, 0x74, 0x02, 0xAC, 0xBD, 0x49, 0x35, 0x37, 0x09,
	0x59, 0x35, 0x36, 0xFD, 0x7E, 0x37, 0x37, 0x09, 0xBE, 0x37, 0x38, 0x14,
	0x58, 0x3B, 0x7E, 0x50, 0x02, 0xAC, 0x5D, 0x2E, 0x24, 0x36, 0xFD, 0x0B,
	0x28, 0x30, 0x0B, 0x34, 0x1B, 0x28, 0x30, 0x0A, 0x3D, 0x09, 0x73, 0x37,
	0x12, 0x3E, 0x34, 0x3E, 0x34, 0x74, 0x02, 0xAC, 0xBD, 0x49, 0x45, 0x37,
	0x03, 0x2D, 0x43, 0x7A, 0x47, 0x38, 0x1A, 0x49, 0x45, 0x36, 0xFD, 0xBE,
	0x47, 0x38, 0x1A, 0x08, 0x08, 0x7E, 0x37, 0x38, 0x1A, 0x59, 0x35, 0x36,
	0xFD, 0x0B, 0xD0, 0xBE, 0xD0, 0x03, 0x78, 0xA2, 0x74, 0x01, 0x7A, 0xB3,
	0x37, 0x0F, 0x02, 0x14, 0x55, 0x7E, 0xB3, 0x37, 0x0F, 0xB4, 0x01, 0x02,
	0x80, 0x03, 0x02, 0x14, 0x55, 0x7E, 0xD0, 0x01, 0x74, 0x02, 0xAC, 0xBD,
	0x49, 0xF5, 0x36, 0xFD, 0x7D, 0x3F, 0x1A, 0x36, 0x1A, 0xE6, 0x7E, 0x14,
	0x00, 0x07, 0x7F, 0x17, 0x12, 0x8C, 0xCB, 0x7E, 0x08, 0x00, 0x0A, 0x12,
	0x8D, 0x27, 0x7E, 0x57, 0x38, 0x14, 0x1A, 0x4A, 0x1A, 0x48, 0xBF, 0x21,
	0x58, 0x45, 0x7E, 0x14, 0x00, 0x7F, 0x7F, 0x17, 0x12, 0x8C, 0xCB, 0x2F,
	0x12, 0x74, 0x07, 0x1E, 0x34, 0x0E, 0x24, 0x50, 0x03, 0x4E, 0x60, 0x80,
	0x14, 0x78, 0xF4, 0x74, 0x02, 0xAC, 0xBD, 0x59, 0x35, 0x36, 0xFD, 0x0A,
	0x3D, 0x09, 0x73, 0x37, 0x12, 0x3E, 0x34, 0x3E, 0x34, 0x7A, 0x37, 0x38,
	0x1A, 0x74, 0x02, 0xAC, 0xBD, 0x49, 0x45, 0x36, 0xFD, 0xBE, 0x47, 0x38,
	0x1A, 0x58, 0x08, 0x7E, 0x37, 0x38, 0x1A, 0x59, 0x35, 0x36, 0xFD, 0x74,
	0x02, 0xAC, 0xBD, 0x49, 0x35, 0x36, 0xFD, 0x59, 0x35, 0x37, 0x09, 0x0B,
	0xD0, 0xBE, 0xD0, 0x03, 0x68, 0x03, 0x02, 0x13, 0xD0, 0x7E, 0xB3, 0x37,
	0x0F, 0x70, 0x1E, 0x7E, 0xD0, 0x01, 0x0A, 0x3D, 0x09, 0x73, 0x37, 0x12,
	0x0A, 0x47, 0x3E, 0x44, 0x3E, 0x44, 0x74, 0x02, 0xAC, 0xBD, 0x59, 0x45,
	0x37, 0x09, 0x0B, 0xD0, 0xBE, 0xD0, 0x03, 0x78, 0xE5, 0x7E, 0xA3, 0x2E,
	0x5B, 0xBE, 0xA0, 0x03, 0x40, 0x36, 0x7E, 0xB3, 0x2E, 0x5C, 0xBE, 0xB0,
	0x03, 0x40, 0x2D, 0x7E, 0x37, 0x37, 0x0D, 0xBE, 0x37, 0x38, 0x14, 0x58,
	0x23, 0x74, 0x01, 0x7A, 0xB3, 0x38, 0x12, 0x7E, 0xB3, 0x37, 0x10, 0xBE,
	0xB3, 0x38, 0x13, 0x28, 0x13, 0x7E, 0xB3, 0x38, 0x18, 0xB4, 0x01, 0x0C,
	0x7E, 0xB3, 0x38, 0x17, 0x70, 0x06, 0x74, 0x01, 0x7A, 0xB3, 0x38, 0x0F,
	0xBE, 0xA0, 0x02, 0x40, 0x3A, 0x7E, 0x73, 0x2E, 0x5C, 0xBE, 0x70, 0x02,
	0x40, 0x31, 0x7E, 0x37, 0x37, 0x0B, 0xBE, 0x37, 0x38, 0x14, 0x58, 0x27,
	0x74, 0x01, 0x7A, 0xB3, 0x38, 0x12, 0x7E, 0x73, 0x37, 0x10, 0xBE, 0x73,
	0x38, 0x13, 0x28, 0x17, 0x7E, 0xB3, 0x38, 0x18, 0xB4, 0x01, 0x10, 0x7E,
	0xB3, 0x38, 0x17, 0x70, 0x0A, 0x74, 0x01, 0x7A, 0xB3, 0x38, 0x0F, 0x7A,
	0xB3, 0x38, 0x10, 0x7E, 0x37, 0x37, 0x09, 0xBE, 0x37, 0x38, 0x14, 0x58,
	0x28, 0x74, 0x01, 0x7A, 0xB3, 0x38, 0x12, 0x7E, 0xB3, 0x38, 0x17, 0x70,
	0x1C, 0x7E, 0xB3, 0x36, 0xF6, 0xB4, 0x01, 0x15, 0x7E, 0xB3, 0x36, 0xF7,
	0xB4, 0x01, 0x0E, 0x74, 0x01, 0x7A, 0xB3, 0x38, 0x0F, 0x7A, 0xB3, 0x38,
	0x10, 0x7A, 0xB3, 0x38, 0x11, 0xE4, 0x7E, 0x73, 0x38, 0x11, 0x12, 0xE6,
	0xB3, 0x74, 0x01, 0x7E, 0x73, 0x38, 0x10, 0x12, 0xE6, 0xB3, 0x74, 0x02,
	0x7E, 0x73, 0x38, 0x0F, 0x12, 0xE6, 0xB3, 0x7E, 0xB3, 0x38, 0x12, 0x60,
	0x13, 0x7E, 0xB3, 0x38, 0x17, 0x70, 0x0D, 0x7E, 0x08, 0x2E, 0x5D, 0x74,
	0xFC, 0x7E, 0x34, 0x00, 0x04, 0x12, 0xF2, 0x33, 0x7E, 0xA3, 0x37, 0x20,
	0x4C, 0xAA, 0x68, 0x10, 0x7E, 0xB3, 0x36, 0xF5, 0x60, 0x0A, 0xBE, 0xA3,
	0x2E, 0x5C, 0x50, 0x04, 0x7A, 0xA3, 0x2E, 0x5C, 0x7E, 0x34, 0xF7, 0xED,
	0x7E, 0x24, 0x00, 0xFF, 0x7E, 0x14, 0x38, 0x03, 0x74, 0x04, 0x12, 0x8D,
	0x5B, 0x7E, 0x34, 0xF7, 0xF1, 0x7E, 0x24, 0x00, 0xFF, 0x7E, 0x14, 0x38,
	0x07, 0x74, 0x04, 0x12, 0x8D, 0x5B, 0x7E, 0x34, 0xF7, 0xF5, 0x7E, 0x24,
	0x00, 0xFF, 0x7E, 0x14, 0x38, 0x0B, 0x74, 0x04, 0x12, 0x8D, 0x5B, 0x0A,
	0x3F, 0x09, 0xB3, 0x2E, 0x5D, 0xBE, 0xB0, 0x7F, 0x58, 0x08, 0x2E, 0x34,
	0x2E, 0x5D, 0x04, 0x7A, 0x39, 0xB0, 0x7E, 0x73, 0x2E, 0x5C, 0x0A, 0x37,
	0x09, 0xA3, 0x38, 0x03, 0x0A, 0x3F, 0x09, 0xB3, 0x2E, 0x5D, 0xBC, 0xBA,
	0x08, 0x03, 0x02, 0x16, 0xAA, 0xB4, 0x01, 0x30, 0x7E, 0x70, 0x80, 0xAC,
	0x7F, 0x2E, 0x34, 0x2E, 0x61, 0x7E, 0x24, 0x00, 0x80, 0x12, 0xF2, 0xA4,
	0x7E, 0x70, 0x80, 0xAC, 0x7F, 0x2E, 0x34, 0x31, 0xE1, 0x7E, 0x24, 0x00,
	0x80, 0x12, 0xF2, 0xA4, 0x7E, 0x70, 0x48, 0xAC, 0x7F, 0x2E, 0x34, 0x35,
	0x21, 0x7E, 0x24, 0x00, 0x48, 0x12, 0xF2, 0xA4, 0x6C, 0xEE, 0x80, 0x5E,
	0x74, 0x02, 0xAC, 0xBE, 0x49, 0xF5, 0x37, 0x4C, 0x7D, 0x3F, 0x1A, 0x36,
	0x1A, 0xE6, 0x7E, 0x10, 0x04, 0xAC, 0x1E, 0x7E, 0x30, 0x80, 0xAC, 0x3F,
	0x2D, 0x10, 0x2E, 0x14, 0x2E, 0x61, 0x49, 0x31, 0x00, 0x02, 0x0B, 0x18,
	0x20, 0x2F, 0x17, 0x59, 0x31, 0x00, 0x02, 0x1B, 0x18, 0x20, 0x74, 0x02,
	0xAC, 0xBE, 0x49, 0xF5, 0x37, 0x94, 0x7D, 0x3F, 0x1A, 0x36, 0x1A, 0xE6,
	0x7E, 0x10, 0x04, 0xAC, 0x1E, 0x7E, 0x30, 0x80, 0xAC, 0x3F, 0x2D, 0x10,
	0x2E, 0x14, 0x31, 0xE1, 0x49, 0x31, 0x00, 0x02, 0x0B, 0x18, 0x20, 0x2F,
	0x17, 0x59, 0x31, 0x00, 0x02, 0x1B, 0x18, 0x20, 0x0B, 0xE0, 0x7E, 0x73,
	0x2E, 0x56, 0xBC, 0x7E, 0x38, 0x9A, 0x6C, 0xEE, 0x80, 0x30, 0x74, 0x02,
	0xAC, 0xBE, 0x49, 0xF5, 0x37, 0xDC, 0x7D, 0x3F, 0x1A, 0x36, 0x1A, 0xE6,
	0x7E, 0x10, 0x04, 0xAC, 0x1E, 0x7E, 0x30, 0x48, 0xAC, 0x3F, 0x2D, 0x10,
	0x2E, 0x14, 0x35, 0x21, 0x49, 0x31, 0x00, 0x02, 0x0B, 0x18, 0x20, 0x2F,
	0x17, 0x59, 0x31, 0x00, 0x02, 0x1B, 0x18, 0x20, 0x0B, 0xE0, 0x7E, 0x73,
	0x2E, 0x57, 0xBC, 0x7E, 0x38, 0xC8, 0x6C, 0xCC, 0x80, 0x16, 0x7E, 0x73,
	0x2E, 0x5C, 0x0A, 0x37, 0x09, 0x63, 0x38, 0x07, 0x0A, 0x2C, 0x09, 0x72,
	0x2E, 0x5D, 0xBC, 0x76, 0x08, 0x0A, 0x0B, 0xC0, 0x7E, 0x73, 0x2E, 0x58,
	0xBC, 0x7C, 0x38, 0xE2, 0x7E, 0x73, 0x2E, 0x58, 0xBC, 0x7C, 0x68, 0x03,
	0x02, 0x17, 0xF8, 0x6C, 0xCC, 0x02, 0x17, 0xC4, 0x6C, 0xEE, 0x80, 0x7C,
	0x7E, 0x10, 0x04, 0xAC, 0x1E, 0x7E, 0x30, 0x80, 0xAC, 0x3C, 0x2D, 0x10,
	0x49, 0x31, 0x2E, 0x63, 0x49, 0x21, 0x2E, 0x61, 0x7E, 0x33, 0x2E, 0x5C,
	0x0A, 0x13, 0x09, 0xB1, 0x38, 0x0B, 0x60, 0x0C, 0x1E, 0x34, 0x0E, 0x24,
	0x50, 0x03, 0x4E, 0x60, 0x80, 0x14, 0x78, 0xF4, 0x7D, 0x43, 0x7E, 0x70,
	0x02, 0xAC, 0x7E, 0x74, 0x40, 0xAC, 0xBC, 0x2D, 0x53, 0x59, 0x45, 0x30,
	0x61, 0x7E, 0x10, 0x04, 0xAC, 0x1E, 0x7E, 0x30, 0x80, 0xAC, 0x3C, 0x2D,
	0x10, 0x49, 0x31, 0x31, 0xE3, 0x49, 0x21, 0x31, 0xE1, 0x7E, 0x33, 0x2E,
	0x5C, 0x0A, 0x13, 0x09, 0xB1, 0x38, 0x0B, 0x60, 0x0C, 0x1E, 0x34, 0x0E,
	0x24, 0x50, 0x03, 0x4E, 0x60, 0x80, 0x14, 0x78, 0xF4, 0x7D, 0x43, 0x7E,
	0x70, 0x02, 0xAC, 0x7E, 0x74, 0x40, 0xAC, 0xBC, 0x2D, 0x53, 0x59, 0x45,
	0x33, 0xE1, 0x0B, 0xE0, 0x7E, 0x73, 0x2E, 0x56, 0xBC, 0x7E, 0x28, 0x03,
	0x02, 0x16, 0xE0, 0x6C, 0xEE, 0x80, 0x3F, 0x7E, 0x10, 0x04, 0xAC, 0x1E,
	0x7E, 0x30, 0x48, 0xAC, 0x3C, 0x2D, 0x10, 0x49, 0x31, 0x35, 0x23, 0x49,
	0x21, 0x35, 0x21, 0x7E, 0x33, 0x2E, 0x5C, 0x0A, 0x13, 0x09, 0xB1, 0x38,
	0x0B, 0x60, 0x0C, 0x1E, 0x34, 0x0E, 0x24, 0x50, 0x03, 0x4E, 0x60, 0x80,
	0x14, 0x78, 0xF4, 0x7D, 0x43, 0x7E, 0x70, 0x02, 0xAC, 0x7E, 0x74, 0x24,
	0xAC, 0xBC, 0x2D, 0x53, 0x59, 0x45, 0x36, 0x41, 0x0B, 0xE0, 0x7E, 0x73,
	0x2E, 0x57, 0xBC, 0x7E, 0x38, 0xB9, 0x7E, 0x73, 0x2E, 0x5C, 0x0A, 0x37,
	0x09, 0x73, 0x38, 0x03, 0x0A, 0x2C, 0x19, 0x72, 0x2E, 0x5D, 0x0B, 0xC0,
	0x7E, 0x73, 0x2E, 0x58, 0xBC, 0x7C, 0x28, 0x03, 0x02, 0x16, 0xDC, 0x7E,
	0xB3, 0x2E, 0x5C, 0x04, 0x7A, 0xB3, 0x2E, 0x5C, 0x7E, 0x73, 0x2E, 0x5C,
	0xBE, 0x70, 0x03, 0x40, 0x12, 0x74, 0x03, 0x7A, 0xB3, 0x2E, 0x5C, 0x7E,
	0x08, 0x2E, 0x5D, 0xE4, 0x7E, 0x34, 0x00, 0x04, 0x12, 0xF2, 0x33, 0xE4,
	0x7A, 0xB3, 0x37, 0x0F, 0x7E, 0xB3, 0x37, 0x45, 0xB4, 0x01, 0x27, 0xE4,
	0x7A, 0xB3, 0x36, 0xFC, 0x7E, 0xB3, 0x36, 0xF7, 0x60, 0x06, 0x74, 0x01,
	0x7A, 0xB3, 0x36, 0xFC, 0x7E, 0xB3, 0x36, 0xF6, 0x60, 0x06, 0x74, 0x02,
	0x7A, 0xB3, 0x36, 0xFC, 0x7E, 0xB3, 0x36, 0xF5, 0x60, 0x22, 0x74, 0x03,
	0x80, 0x1A, 0x74, 0x04, 0x7A, 0xB3, 0x36, 0xFC, 0x7E, 0xB3, 0x36, 0xF5,
	0x70, 0x12, 0x7E, 0xB3, 0x36, 0xF6, 0x70, 0x0C, 0x7E, 0xB3, 0x36, 0xF7,
	0x70, 0x06, 0x74, 0x05, 0x7A, 0xB3, 0x36, 0xFC, 0xDA, 0x3B, 0x22, 0xCA,
	0x3B, 0x7E, 0xB3, 0x04, 0x50, 0x7E, 0x70, 0x04, 0xAC, 0xB7, 0x7A, 0x57,
	0x37, 0x65, 0x7E, 0xB3, 0x04, 0x4F, 0xAC, 0xB7, 0x7A, 0x57, 0x37, 0x67,
	0x7E, 0x73, 0x05, 0x18, 0x0A, 0x37, 0x1B, 0x34, 0x7C, 0x67, 0x6C, 0x77,
	0x9E, 0x37, 0x37, 0x67, 0x7A, 0x37, 0x37, 0x69, 0x7E, 0x73, 0x04, 0x51,
	0x0A, 0x77, 0x4D, 0x77, 0x78, 0x04, 0x7E, 0x74, 0x20, 0x00, 0x6C, 0xDD,
	0x7E, 0x70, 0x10, 0xAC, 0x7D, 0x2E, 0x34, 0x08, 0xE3, 0x7A, 0x37, 0x37,
	0x61, 0x0A, 0x3D, 0x09, 0xB3, 0x07, 0x31, 0x70, 0x03, 0x02, 0x1D, 0xE0,
	0x7E, 0x34, 0x37, 0x51, 0x7E, 0x27, 0x37, 0x61, 0x74, 0x10, 0x12, 0xF3,
	0x33, 0x0A, 0x3D, 0x09, 0xC3, 0x07, 0x95, 0x74, 0x10, 0xAC, 0xBC, 0x49,
	0x35, 0x07, 0xA1, 0x7A, 0x37, 0x37, 0x6B, 0x74, 0x03, 0xAC, 0xBC, 0x7C,
	0xCB, 0x74, 0x02, 0xAC, 0xBC, 0x49, 0x45, 0x03, 0x52, 0x7A, 0x47, 0x37,
	0x45, 0x49, 0x35, 0x03, 0x54, 0x7A, 0x37, 0x37, 0x47, 0x7E, 0x70, 0x04,
	0xAC, 0x7D, 0x2E, 0x34, 0x00, 0x03, 0x7C, 0xC7, 0x0A, 0x3D, 0x09, 0xB3,
	0x07, 0x27, 0xB4, 0x01, 0x02, 0x80, 0x03, 0x02, 0x19, 0x97, 0x7E, 0xB3,
	0x37, 0x51, 0x70, 0x19, 0x74, 0x01, 0x7A, 0xB3, 0x37, 0x51, 0x7E, 0x37,
	0x37, 0x45, 0x7A, 0x37, 0x37, 0x5B, 0x7E, 0x37, 0x37, 0x47, 0x7A, 0x37,
	0x37, 0x5D, 0x02, 0x1D, 0xC5, 0x0A, 0x3D, 0x09, 0xB3, 0x0A, 0xB5, 0xB4,
	0x10, 0x51, 0xE4, 0x7A, 0xB3, 0x37, 0x52, 0x9F, 0x11, 0x7A, 0x1F, 0x37,
	0x53, 0x7A, 0x1F, 0x37, 0x57, 0x7E, 0x37, 0x37, 0x45, 0x7A, 0x37, 0x37,
	0x5B, 0x7E, 0x37, 0x37, 0x47, 0x7A, 0x37, 0x37, 0x5D, 0x7E, 0x47, 0x37,
	0x45, 0x74, 0x02, 0xAC, 0xBD, 0x59, 0x45, 0x07, 0x4F, 0x7E, 0x47, 0x37,
	0x47, 0x74, 0x02, 0xAC, 0xBD, 0x59, 0x45, 0x07, 0x63, 0x7C, 0xBD, 0x7E,
	0x37, 0x37, 0x45, 0x7E, 0x27, 0x37, 0x47, 0x12, 0xDF, 0x28, 0x7C, 0xBD,
	0x7E, 0x37, 0x37, 0x45, 0x7E, 0x27, 0x37, 0x47, 0x12, 0xEC, 0xCC, 0x7E,
	0xB3, 0x37, 0x52, 0x04, 0x7A, 0xB3, 0x37, 0x52, 0x7E, 0x17, 0x37, 0x45,
	0x1A, 0x02, 0x1A, 0x00, 0x7E, 0x1F, 0x37, 0x53, 0x2F, 0x10, 0x7A, 0x1F,
	0x37, 0x53, 0x7E, 0x17, 0x37, 0x47, 0x1A, 0x02, 0x1A, 0x00, 0x7E, 0x1F,
	0x37, 0x57, 0x2F, 0x10, 0x7A, 0x1F, 0x37, 0x57, 0x02, 0x1D, 0xC5, 0x7E,
	0x73, 0x37, 0x51, 0xBE, 0x70, 0x01, 0x28, 0x03, 0x02, 0x1B, 0xC2, 0x7E,
	0x17, 0x37, 0x45, 0x7A, 0x17, 0x37, 0x49, 0x7E, 0xD7, 0x37, 0x47, 0x7A,
	0xD7, 0x37, 0x4B, 0x1A, 0x02, 0x1A, 0x00, 0x7E, 0x1F, 0x37, 0x53, 0x2F,
	0x10, 0x7E, 0x33, 0x37, 0x52, 0x0A, 0xF3, 0x6D, 0xEE, 0x0B, 0x7C, 0x7F,
	0x07, 0x12, 0x8D, 0x27, 0x7A, 0x37, 0x37, 0x45, 0x7D, 0x1D, 0x1A, 0x02,
	0x1A, 0x00, 0x7E, 0x1F, 0x37, 0x57, 0x2F, 0x10, 0x7F, 0x07, 0x12, 0x8D,
	0x27, 0x7A, 0x37, 0x37, 0x47, 0xE4, 0x7A, 0xB3, 0x37, 0x52, 0x7E, 0x37,
	0x08, 0xDF, 0x7A, 0x37, 0x37, 0x4D, 0x7E, 0x37, 0x08, 0xE1, 0x7A, 0x37,
	0x37, 0x4F, 0x7E, 0xB3, 0x03, 0xB7, 0x60, 0x03, 0x02, 0x1A, 0xA1, 0x7E,
	0x17, 0x37, 0x4D, 0xBE, 0x14, 0x80, 0x00, 0x78, 0x03, 0x02, 0x1A, 0xA1,
	0x7E, 0x37, 0x37, 0x45, 0x7E, 0x27, 0x37, 0x47, 0x7E, 0x07, 0x37, 0x4F,
	0x12, 0xF1, 0x4D, 0x7E, 0xA3, 0x04, 0x3D, 0x7C, 0xBA, 0x54, 0x7F, 0x0A,
	0x2B, 0xBD, 0x32, 0x38, 0x74, 0x7C, 0xBA, 0x30, 0xE7, 0x0E, 0x7E, 0x37,
	0x37, 0x4D, 0x7A, 0x37, 0x37, 0x45, 0x7E, 0x37, 0x37, 0x4F, 0x80, 0x5A,
	0x7E, 0x37, 0x37, 0x4D, 0x1A, 0x26, 0x1A, 0x24, 0x7E, 0x44, 0x00, 0x3F,
	0x7D, 0x14, 0x12, 0x8C, 0xCB, 0x7E, 0x17, 0x37, 0x45, 0x1A, 0x02, 0x1A,
	0x00, 0x2F, 0x10, 0x2E, 0x18, 0x00, 0x20, 0x74, 0x06, 0x1E, 0x34, 0x0E,
	0x24, 0x50, 0x03, 0x4E, 0x60, 0x80, 0x14, 0x78, 0xF4, 0x7A, 0x37, 0x37,
	0x45, 0x7E, 0x37, 0x37, 0x4F, 0x1A, 0x26, 0x1A, 0x24, 0x7D, 0x14, 0x12,
	0x8C, 0xCB, 0x7E, 0x17, 0x37, 0x47, 0x1A, 0x02, 0x1A, 0x00, 0x2F, 0x10,
	0x2E, 0x18, 0x00, 0x20, 0x74, 0x06, 0x1E, 0x34, 0x0E, 0x24, 0x50, 0x03,
	0x4E, 0x60, 0x80, 0x14, 0x78, 0xF4, 0x7A, 0x37, 0x37, 0x47, 0x02, 0x1B,
	0x54, 0x7E, 0xB3, 0x37, 0x51, 0xB4, 0x01, 0x02, 0x80, 0x03, 0x02, 0x1B,
	0x54, 0x7E, 0xB3, 0x04, 0x4F, 0x60, 0x42, 0x7E, 0x37, 0x37, 0x67, 0xBE,
	0x37, 0x37, 0x5D, 0x08, 0x18, 0x7E, 0x37, 0x37, 0x4B, 0x9E, 0x37, 0x37,
	0x5D, 0x7A, 0x37, 0x37, 0x63, 0x7E, 0x37, 0x37, 0x65, 0xBE, 0x37, 0x37,
	0x63, 0x48, 0x39, 0x80, 0x20, 0x7E, 0x37, 0x37, 0x69, 0xBE, 0x37, 0x37,
	0x5D, 0x58, 0x16, 0x7E, 0x37, 0x37, 0x5D, 0x9E, 0x37, 0x37, 0x4B, 0x7A,
	0x37, 0x37, 0x63, 0x7E, 0x37, 0x37, 0x65, 0xBE, 0x37, 0x37, 0x63, 0x48,
	0x17, 0x7E, 0x37, 0x37, 0x5B, 0x7E, 0x27, 0x37, 0x5D, 0x7E, 0x17, 0x37,
	0x49, 0x7E, 0x07, 0x37, 0x4B, 0x12, 0xF1, 0x4D, 0xBD, 0x37, 0x40, 0x48,
	0x74, 0x03, 0x7A, 0xB3, 0x37, 0x51, 0x7E, 0x37, 0x37, 0x49, 0x7E, 0x27,
	0x37, 0x5B, 0x12, 0xF3, 0xFB, 0x7A, 0x37, 0x37, 0x53, 0x7E, 0x37, 0x37,
	0x4B, 0x7E, 0x27, 0x37, 0x5D, 0x12, 0xF3, 0xFB, 0x7A, 0x37, 0x37, 0x57,
	0x7E, 0x37, 0x37, 0x49, 0x7A, 0x37, 0x37, 0x45, 0x7E, 0x37, 0x37, 0x4B,
	0x7A, 0x37, 0x37, 0x47, 0x7A, 0xB3, 0x37, 0x52, 0x7E, 0x37, 0x37, 0x5B,
	0x7A, 0x37, 0x37, 0x55, 0x7E, 0x37, 0x37, 0x5D, 0x7A, 0x37, 0x37, 0x59,
	0x7E, 0xB3, 0x37, 0x51, 0xBE, 0xB0, 0x03, 0x68, 0x52, 0x7E, 0x47, 0x37,
	0x45, 0x74, 0x02, 0xAC, 0xBD, 0x59, 0x45, 0x07, 0x4F, 0x7E, 0x47, 0x37,
	0x47, 0x74, 0x02, 0xAC, 0xBD, 0x59, 0x45, 0x07, 0x63, 0x7C, 0xBD, 0x7E,
	0x37, 0x37, 0x45, 0x7E, 0x27, 0x37, 0x47, 0x12, 0xDF, 0x28, 0x7C, 0xBD,
	0x7E, 0x37, 0x37, 0x45, 0x7E, 0x27, 0x37, 0x47, 0x12, 0xEC, 0xCC, 0x74,
	0x02, 0x7A, 0xB3, 0x37, 0x51, 0x6D, 0x33, 0x7A, 0x37, 0x37, 0x53, 0x7A,
	0x37, 0x37, 0x57, 0x7E, 0x37, 0x37, 0x45, 0x7A, 0x37, 0x37, 0x5B, 0x7E,
	0x37, 0x37, 0x47, 0x7A, 0x37, 0x37, 0x5D, 0x7E, 0x47, 0x37, 0x5B, 0x74,
	0x02, 0xAC, 0xBC, 0x59, 0x45, 0x05, 0xF1, 0x7E, 0x47, 0x37, 0x5D, 0x02,
	0x1C, 0x60, 0x7E, 0xB3, 0x37, 0x52, 0x70, 0x03, 0x02, 0x1C, 0x68, 0x14,
	0x7A, 0xB3, 0x37, 0x52, 0x74, 0x02, 0xAC, 0xBC, 0x49, 0x35, 0x05, 0xF1,
	0x1A, 0x26, 0x1A, 0x24, 0x7E, 0x33, 0x37, 0x52, 0x0A, 0xD3, 0x6D, 0xCC,
	0x7E, 0x08, 0x00, 0x04, 0x9F, 0x06, 0x12, 0x8C, 0xBA, 0x7F, 0x71, 0x7E,
	0x37, 0x37, 0x55, 0x1A, 0x26, 0x1A, 0x24, 0x7F, 0x06, 0x12, 0x8C, 0xBA,
	0x2F, 0x17, 0x74, 0x02, 0x1E, 0x34, 0x0E, 0x24, 0x50, 0x03, 0x4E, 0x60,
	0x80, 0x14, 0x78, 0xF4, 0x7A, 0x37, 0x37, 0x55, 0x74, 0x02, 0xAC, 0xBC,
	0x49, 0x35, 0x06, 0x41, 0x1A, 0x26, 0x1A, 0x24, 0x7E, 0x33, 0x37, 0x52,
	0x0A, 0xD3, 0x6D, 0xCC, 0x7E, 0x08, 0x00, 0x04, 0x9F, 0x06, 0x12, 0x8C,
	0xBA, 0x7F, 0x71, 0x7E, 0x37, 0x37, 0x59, 0x1A, 0x26, 0x1A, 0x24, 0x7F,
	0x06, 0x12, 0x8C, 0xBA, 0x2F, 0x17, 0x74, 0x02, 0x1E, 0x34, 0x0E, 0x24,
	0x50, 0x03, 0x4E, 0x60, 0x80, 0x14, 0x78, 0xF4, 0x7A, 0x37, 0x37, 0x59,
	0x7E, 0x47, 0x37, 0x55, 0x74, 0x02, 0xAC, 0xBC, 0x59, 0x45, 0x05, 0xF1,
	0x7E, 0x47, 0x37, 0x59, 0x74, 0x02, 0xAC, 0xBC, 0x59, 0x45, 0x06, 0x41,
	0x74, 0x02, 0xAC, 0xBC, 0x49, 0x45, 0x05, 0xF1, 0x74, 0x02, 0xAC, 0xBD,
	0x59, 0x45, 0x06, 0x91, 0x7A, 0x47, 0x37, 0x4D, 0x74, 0x02, 0xAC, 0xBC,
	0x49, 0x45, 0x06, 0x41, 0x74, 0x02, 0xAC, 0xBD, 0x59, 0x45, 0x06, 0xA5,
	0x7A, 0x47, 0x37, 0x4F, 0x7E, 0xB3, 0x37, 0x51, 0xB4, 0x02, 0x30, 0x7E,
	0x37, 0x37, 0x6B, 0x3E, 0x34, 0xBE, 0x37, 0x37, 0x5F, 0x38, 0x07, 0x7E,
	0xB3, 0x04, 0x6D, 0x20, 0xE0, 0x1D, 0x7E, 0x37, 0x37, 0x5B, 0x7E, 0x27,
	0x37, 0x5D, 0x7E, 0x17, 0x37, 0x4D, 0x7E, 0x07, 0x37, 0x4F, 0x12, 0xF1,
	0x4D, 0xBD, 0x37, 0x40, 0x06, 0x74, 0x03, 0x7A, 0xB3, 0x37, 0x51, 0x7E,
	0xB3, 0x37, 0x51, 0xB4, 0x03, 0x36, 0x7E, 0x37, 0x37, 0x45, 0x7E, 0x27,
	0x37, 0x4D, 0x7E, 0x17, 0x37, 0x5B, 0x7E, 0x07, 0x37, 0x53, 0x12, 0xD5,
	0x6E, 0x74, 0x02, 0xAC, 0xBD, 0x59, 0x35, 0x06, 0x91, 0x7E, 0x37, 0x37,
	0x47, 0x7E, 0x27, 0x37, 0x4F, 0x7E, 0x17, 0x37, 0x5D, 0x7E, 0x07, 0x37,
	0x57, 0x12, 0xD5, 0x6E, 0x74, 0x02, 0xAC, 0xBD, 0x59, 0x35, 0x06, 0xA5,
	0x7E, 0x37, 0x37, 0x45, 0x7E, 0x27, 0x37, 0x5B, 0x12, 0xF3, 0xFB, 0x7D,
	0x53, 0x1A, 0x46, 0x1A, 0x48, 0x7E, 0x37, 0x37, 0x53, 0x1A, 0x26, 0x1A,
	0x24, 0x7E, 0x14, 0x00, 0x03, 0x12, 0x8C, 0xCB, 0x2F, 0x12, 0x74, 0x02,
	0x1E, 0x34, 0x0E, 0x24, 0x50, 0x03, 0x4E, 0x60, 0x80, 0x14, 0x78, 0xF4,
	0x7A, 0x37, 0x37, 0x53, 0x7E, 0x37, 0x37, 0x47, 0x7E, 0x27, 0x37, 0x5D,
	0x12, 0xF3, 0xFB, 0x7D, 0x53, 0x1A, 0x46, 0x1A, 0x48, 0x7E, 0x37, 0x37,
	0x57, 0x1A, 0x26, 0x1A, 0x24, 0x7E, 0x14, 0x00, 0x03, 0x12, 0x8C, 0xCB,
	0x2F, 0x12, 0x74, 0x02, 0x1E, 0x34, 0x0E, 0x24, 0x50, 0x03, 0x4E, 0x60,
	0x80, 0x14, 0x78, 0xF4, 0x7A, 0x37, 0x37, 0x57, 0x7E, 0xB3, 0x37, 0x51,
	0xB4, 0x03, 0x32, 0x7E, 0x37, 0x37, 0x4D, 0x7E, 0x27, 0x37, 0x5B, 0x12,
	0xF3, 0xFB, 0xBE, 0x34, 0x00, 0x10, 0x08, 0x08, 0x7E, 0x37, 0x37, 0x4D,
	0x7A, 0x37, 0x37, 0x5B, 0x7E, 0x37, 0x37, 0x4F, 0x7E, 0x27, 0x37, 0x5D,
	0x12, 0xF3, 0xFB, 0xBE, 0x34, 0x00, 0x10, 0x08, 0x08, 0x7E, 0x37, 0x37,
	0x4F, 0x7A, 0x37, 0x37, 0x5D, 0x0A, 0x3D, 0x09, 0xB3, 0x07, 0x81, 0x70,
	0x18, 0x74, 0x02, 0xAC, 0xBD, 0x49, 0x35, 0x06, 0x91, 0x7A, 0x37, 0x08,
	0xDF, 0x74, 0x02, 0xAC, 0xBD, 0x49, 0x35, 0x06, 0xA5, 0x7A, 0x37, 0x08,
	0xE1, 0x7E, 0x37, 0x37, 0x6B, 0x2E, 0x37, 0x37, 0x5F, 0x1E, 0x34, 0x7A,
	0x37, 0x37, 0x5F, 0x7E, 0x37, 0x37, 0x61, 0x7E, 0x24, 0x37, 0x51, 0x74,
	0x10, 0x12, 0xF3, 0x33, 0x0B, 0xD0, 0xBE, 0xD0, 0x0A, 0x50, 0x03, 0x02,
	0x18, 0x84, 0xDA, 0x3B, 0x22, 0xCA, 0x3B, 0x7C, 0xFB, 0x7E, 0x34, 0xC1,
	0x5C, 0x7A, 0x37, 0x37, 0x66, 0x7E, 0x34, 0xC1, 0x20, 0x7A, 0x37, 0x37,
	0x68, 0x7E, 0x34, 0xC1, 0x2A, 0x7A, 0x37, 0x37, 0x58, 0x7E, 0x34, 0xC1,
	0x34, 0x7A, 0x37, 0x37, 0x5A, 0x7E, 0x34, 0xC1, 0x3E, 0x7A, 0x37, 0x37,
	0x5C, 0x7E, 0x34, 0xC1, 0x48, 0x7A, 0x37, 0x37, 0x5E, 0x7E, 0x34, 0xC1,
	0x52, 0x7A, 0x37, 0x37, 0x60, 0x7E, 0x34, 0xC2, 0x24, 0x7A, 0x37, 0x37,
	0x62, 0x7E, 0x34, 0xC2, 0x38, 0x7A, 0x37, 0x37, 0x64, 0x7E, 0x34, 0xC1,
	0x3E, 0x0A, 0x2B, 0x12, 0xF2, 0xA4, 0xE4, 0x7A, 0xB3, 0x37, 0x4A, 0x7E,
	0x37, 0x37, 0x66, 0x7A, 0x37, 0x37, 0x56, 0x6C, 0xEE, 0x02, 0x1E, 0xDA,
	0x7E, 0x34, 0x37, 0x46, 0x7A, 0x37, 0x37, 0x6A, 0x7E, 0x34, 0x37, 0x54,
	0x7A, 0x37, 0x37, 0x6C, 0x7E, 0x37, 0x37, 0x56, 0x7C, 0xBF, 0x7E, 0x50,
	0xFF, 0x7C, 0x4B, 0x9F, 0x00, 0x7E, 0x04, 0x37, 0x45, 0x12, 0xCC, 0xF4,
	0x7D, 0x23, 0x7A, 0x37, 0x37, 0x52, 0x7E, 0x70, 0x02, 0xAC, 0x7E, 0x2E,
	0x37, 0x37, 0x64, 0x1B, 0x38, 0x20, 0x7E, 0x73, 0x37, 0x45, 0x0A, 0x37,
	0x2E, 0x37, 0x37, 0x5C, 0x7E, 0x39, 0xB0, 0x04, 0x7A, 0x39, 0xB0, 0x7E,
	0x73, 0x37, 0x45, 0x0A, 0x37, 0x7D, 0x23, 0x2E, 0x27, 0x37, 0x5C, 0x7E,
	0x29, 0xB0, 0xB4, 0x01, 0x16, 0x2E, 0x37, 0x37, 0x68, 0x7A, 0x39, 0xE0,
	0x7E, 0x53, 0x37, 0x45, 0x0A, 0x3E, 0x2E, 0x37, 0x37, 0x60, 0x7A, 0x39,
	0x50, 0x80, 0x0B, 0x74, 0xFF, 0x0A, 0x3E, 0x2E, 0x37, 0x37, 0x60, 0x7A,
	0x39, 0xB0, 0x7E, 0x37, 0x37, 0x56, 0x0B, 0x35, 0x7A, 0x37, 0x37, 0x56,
	0x0B, 0xE0, 0xBC, 0xFE, 0x28, 0x03, 0x02, 0x1E, 0x54, 0x7E, 0x37, 0x37,
	0x66, 0x7A, 0x37, 0x37, 0x56, 0x6C, 0xDD, 0x80, 0x7D, 0x0A, 0x3D, 0x2E,
	0x37, 0x37, 0x5C, 0x7E, 0x39, 0xA0, 0x4C, 0xAA, 0x78, 0x16, 0x7E, 0x73,
	0x37, 0x4A, 0x7C, 0xB7, 0x04, 0x7A, 0xB3, 0x37, 0x4A, 0x0A, 0x37, 0x2E,
	0x37, 0x37, 0x58, 0x7A, 0x39, 0xD0, 0x80, 0x4B, 0xBE, 0xA0, 0x01, 0x78,
	0x46, 0x0A, 0x3D, 0x2E, 0x37, 0x37, 0x68, 0x7E, 0x39, 0xE0, 0x7E, 0x34,
	0x37, 0x46, 0x7A, 0x37, 0x37, 0x6A, 0x7E, 0x34, 0x37, 0x54, 0x7A, 0x37,
	0x37, 0x6C, 0x7E, 0x37, 0x37, 0x56, 0x7C, 0xBF, 0x7C, 0x5E, 0x7E, 0x40,
	0x01, 0x7E, 0x17, 0x37, 0x64, 0x7E, 0x04, 0x37, 0x45, 0x12, 0xCC, 0xF4,
	0x7A, 0x37, 0x37, 0x52, 0x7E, 0x50, 0x02, 0xAC, 0x5E, 0x2E, 0x27, 0x37,
	0x64, 0x0B, 0x28, 0x30, 0x9E, 0x37, 0x37, 0x52, 0x1B, 0x28, 0x30, 0x7E,
	0x70, 0x02, 0xAC, 0x7F, 0x2E, 0x37, 0x37, 0x56, 0x7A, 0x37, 0x37, 0x56,
	0x0B, 0xD0, 0xBC, 0xFD, 0x28, 0x03, 0x02, 0x1E, 0xED, 0xE4, 0x7A, 0xB3,
	0x37, 0x47, 0x7E, 0xB3, 0x37, 0x47, 0x04, 0x7A, 0xB3, 0x37, 0x47, 0x6C,
	0xCC, 0x7E, 0x73, 0x37, 0x4A, 0x7A, 0x73, 0x37, 0x4B, 0xE4, 0x7A, 0xB3,
	0x37, 0x4A, 0x02, 0x20, 0x6F, 0x0A, 0x3C, 0x2E, 0x37, 0x37, 0x58, 0x7E,
	0x39, 0xD0, 0x0B, 0xC0, 0x7C, 0x7D, 0xAC, 0x7F, 0x3E, 0x34, 0x2E, 0x37,
	0x37, 0x66, 0x7A, 0x37, 0x37, 0x56, 0x7E, 0x24, 0x37, 0x46, 0x7A, 0x27,
	0x37, 0x6A, 0x7E, 0x24, 0x37, 0x54, 0x7A, 0x27, 0x37, 0x6C, 0x7C, 0xBF,
	0x7E, 0x50, 0xFF, 0x7E, 0x40, 0x01, 0x7E, 0x17, 0x37, 0x64, 0x7E, 0x04,
	0x37, 0x45, 0x12, 0xCC, 0xF4, 0x7A, 0x37, 0x37, 0x52, 0x7E, 0x43, 0x37,
	0x45, 0x0A, 0x34, 0x2E, 0x37, 0x37, 0x60, 0x7E, 0x39, 0x50, 0x7A, 0x53,
	0x37, 0x4C, 0x7E, 0x47, 0x37, 0x54, 0xBE, 0x47, 0x37, 0x52, 0x08, 0x17,
	0x9E, 0x47, 0x37, 0x52, 0x7E, 0x50, 0x02, 0xAC, 0x45, 0x2E, 0x27, 0x37,
	0x64, 0x0B, 0x28, 0x30, 0x9D, 0x34, 0x1B, 0x28, 0x30, 0x80, 0x22, 0x7E,
	0xB3, 0x37, 0x4C, 0xBE, 0xB0, 0xFF, 0x68, 0x19, 0x7E, 0x73, 0x37, 0x46,
	0x7A, 0x73, 0x37, 0x45, 0x7E, 0x73, 0x37, 0x46, 0x0A, 0x37, 0x2E, 0x37,
	0x37, 0x60, 0x7E, 0x39, 0x70, 0x7A, 0x73, 0x37, 0x4C, 0x7E, 0x53, 0x37,
	0x45, 0x0A, 0x3D, 0x2E, 0x37, 0x37, 0x68, 0x7A, 0x39, 0x50, 0x7E, 0x73,
	0x37, 0x45, 0x0A, 0x37, 0x2E, 0x37, 0x37, 0x60, 0x7A, 0x39, 0xD0, 0x7E,
	0xA3, 0x37, 0x4C, 0xBE, 0xA0, 0xFF, 0x68, 0x27, 0x7E, 0x37, 0x37, 0x54,
	0xBE, 0x37, 0x37, 0x52, 0x08, 0x09, 0x7C, 0xBC, 0x14, 0x7C, 0xCB, 0x0A,
	0x3B, 0x80, 0x0D, 0x7E, 0x73, 0x37, 0x4A, 0x7C, 0xB7, 0x04, 0x7A, 0xB3,
	0x37, 0x4A, 0x0A, 0x37, 0x2E, 0x37, 0x37, 0x58, 0x7A, 0x39, 0xA0, 0x7E,
	0x73, 0x37, 0x4B, 0xBC, 0x7C, 0x28, 0x03, 0x02, 0x1F, 0x91, 0x7E, 0x73,
	0x37, 0x47, 0xBE, 0x70, 0x02, 0x50, 0x03, 0x02, 0x1F, 0x76, 0x6C, 0x77,
	0x02, 0x22, 0xF7, 0x0A, 0x27, 0x2E, 0x27, 0x37, 0x58, 0x7E, 0x29, 0x50,
	0x7A, 0x53, 0x37, 0x4D, 0xAC, 0x5F, 0x3E, 0x24, 0x2E, 0x27, 0x37, 0x66,
	0x7A, 0x27, 0x37, 0x56, 0x6C, 0xEE, 0x80, 0x40, 0x7E, 0x50, 0x02, 0xAC,
	0x5E, 0x7D, 0x12, 0x2E, 0x17, 0x37, 0x64, 0x0B, 0x18, 0x00, 0x7E, 0x17,
	0x37, 0x56, 0x0B, 0x18, 0x10, 0x9D, 0x10, 0x2E, 0x27, 0x37, 0x62, 0x1B,
	0x28, 0x10, 0x7E, 0x27, 0x37, 0x56, 0x0B, 0x25, 0x7A, 0x27, 0x37, 0x56,
	0x7E, 0x63, 0x37, 0x4D, 0x0A, 0x2E, 0x2E, 0x27, 0x37, 0x5E, 0x7A, 0x29,
	0x60, 0x0A, 0x2E, 0x2E, 0x27, 0x37, 0x5A, 0x7A, 0x29, 0xE0, 0x0B, 0xE0,
	0xBC, 0xFE, 0x38, 0xBC, 0x6C, 0x66, 0x6C, 0x55, 0x6C, 0x44, 0xBC, 0x65,
	0x68, 0x03, 0x02, 0x21, 0x97, 0x7A, 0x63, 0x37, 0x49, 0x7C, 0xA5, 0x0B,
	0x50, 0x0A, 0x1A, 0x2E, 0x17, 0x37, 0x5A, 0x7E, 0x19, 0x20, 0x7E, 0x30,
	0x02, 0xAC, 0x23, 0x2E, 0x17, 0x37, 0x62, 0x0B, 0x18, 0x10, 0x7A, 0x17,
	0x37, 0x4E, 0x7C, 0xC5, 0x80, 0x4D, 0x0A, 0x4C, 0x2E, 0x47, 0x37, 0x5A,
	0x7E, 0x49, 0xE0, 0x74, 0x02, 0xAC, 0xBE, 0x2E, 0x57, 0x37, 0x62, 0x0B,
	0x58, 0x50, 0x7A, 0x57, 0x37, 0x50, 0x7E, 0x57, 0x37, 0x4E, 0xBE, 0x57,
	0x37, 0x50, 0x48, 0x29, 0xBE, 0x57, 0x37, 0x50, 0x08, 0x0A, 0x7C, 0x56,
	0x7E, 0x57, 0x37, 0x50, 0x7A, 0x57, 0x37, 0x4E, 0x0A, 0x55, 0x2E, 0x57,
	0x37, 0x5A, 0x7E, 0x59, 0x30, 0x7A, 0x49, 0x30, 0x7C, 0xA5, 0x0B, 0x50,
	0x0A, 0x1A, 0x2E, 0x17, 0x37, 0x5A, 0x7A, 0x19, 0xE0, 0x0B, 0xC0, 0xBC,
	0xFC, 0x38, 0xAF, 0x7C, 0xC6, 0x80, 0x20, 0x0A, 0x1C, 0x2E, 0x17, 0x37,
	0x5A, 0x7E, 0x19, 0xA0, 0x0A, 0x1A, 0x2E, 0x17, 0x37, 0x60, 0x7E, 0x19,
	0xB0, 0xB4, 0xFF, 0x09, 0x7A, 0xA3, 0x37, 0x48, 0x7E, 0x40, 0x01, 0x80,
	0x06, 0x0B, 0xC0, 0xBC, 0x5C, 0x38, 0xDC, 0xA5, 0xBC, 0x00, 0x02, 0x80,
	0x03, 0x02, 0x22, 0x77, 0x0A, 0x16, 0x2E, 0x17, 0x37, 0x5A, 0x7E, 0x19,
	0x30, 0x7A, 0x33, 0x37, 0x45, 0x0B, 0x60, 0x7E, 0x23, 0x37, 0x45, 0x0A,
	0x02, 0x2E, 0x07, 0x37, 0x60, 0x7E, 0x09, 0xD0, 0x7C, 0x1D, 0xAC, 0x1F,
	0x3E, 0x04, 0x2E, 0x07, 0x37, 0x66, 0x7A, 0x07, 0x37, 0x56, 0x7E, 0x30,
	0x02, 0xAC, 0x23, 0x7D, 0x01, 0x2E, 0x07, 0x37, 0x64, 0x0B, 0x08, 0x00,
	0x2E, 0x17, 0x37, 0x56, 0x0B, 0x18, 0x10, 0x9D, 0x10, 0x9E, 0x17, 0x37,
	0x4E, 0x7A, 0x17, 0x37, 0x50, 0x7C, 0xC5, 0x02, 0x22, 0x70, 0x0A, 0x1C,
	0x2E, 0x17, 0x37, 0x5A, 0x7E, 0x19, 0xE0, 0x74, 0x02, 0xAC, 0xBE, 0x7D,
	0x45, 0x2E, 0x47, 0x37, 0x64, 0x0B, 0x48, 0x10, 0x7D, 0x05, 0x2E, 0x07,
	0x37, 0x56, 0x0B, 0x08, 0x40, 0x9D, 0x41, 0x9E, 0x47, 0x37, 0x50, 0x2E,
	0x57, 0x37, 0x62, 0x0B, 0x58, 0x50, 0xBD, 0x54, 0x08, 0x50, 0x0A, 0x5E,
	0x2E, 0x57, 0x37, 0x5E, 0x7A, 0x59, 0xD0, 0x7E, 0x57, 0x37, 0x4E, 0xBD,
	0x54, 0x78, 0x34, 0x0A, 0x5E, 0x2E, 0x57, 0x37, 0x60, 0x7E, 0x59, 0xB0,
	0xB4, 0xFF, 0x09, 0x7A, 0xE3, 0x37, 0x48, 0x7E, 0x40, 0x01, 0x80, 0x33,
	0x0A, 0x55, 0x2E, 0x57, 0x37, 0x5A, 0x7E, 0x59, 0x30, 0x0A, 0x5C, 0x2E,
	0x57, 0x37, 0x5A, 0x7A, 0x59, 0x30, 0x7C, 0xA5, 0x0B, 0x50, 0x0A, 0x5A,
	0x2E, 0x57, 0x37, 0x5A, 0x7A, 0x59, 0xE0, 0x74, 0x02, 0xAC, 0xBE, 0x2E,
	0x57, 0x37, 0x62, 0x1B, 0x58, 0x40, 0x0B, 0xC0, 0xBC, 0xFC, 0x28, 0x03,
	0x02, 0x21, 0xEE, 0x4C, 0x44, 0x78, 0x03, 0x02, 0x20, 0xF2, 0x6C, 0xCC,
	0x80, 0x31, 0x0A, 0x1C, 0x2E, 0x17, 0x37, 0x5A, 0x7E, 0x19, 0x30, 0x7A,
	0x33, 0x37, 0x45, 0x7E, 0x03, 0x37, 0x45, 0x7E, 0x10, 0x02, 0xAC, 0x01,
	0x7D, 0x10, 0x2E, 0x17, 0x37, 0x62, 0x0B, 0x18, 0x50, 0x2E, 0x07, 0x37,
	0x64, 0x0B, 0x08, 0x10, 0x2D, 0x15, 0x9E, 0x17, 0x37, 0x4E, 0x1B, 0x08,
	0x10, 0x0B, 0xC0, 0x7E, 0x33, 0x37, 0x49, 0xBC, 0x3C, 0x38, 0xC7, 0x7E,
	0x33, 0x37, 0x48, 0x0A, 0x13, 0x7D, 0x01, 0x2E, 0x07, 0x37, 0x5E, 0x7E,
	0x09, 0xD0, 0x2E, 0x17, 0x37, 0x60, 0x7A, 0x19, 0xD0, 0x7E, 0x33, 0x37,
	0x48, 0x7A, 0x33, 0x37, 0x45, 0x0A, 0x0D, 0x2E, 0x07, 0x37, 0x68, 0x7E,
	0x09, 0x30, 0x7A, 0x33, 0x37, 0x48, 0x7E, 0x33, 0x37, 0x45, 0x7A, 0x09,
	0x30, 0x7E, 0x33, 0x37, 0x4D, 0xBC, 0x3D, 0x78, 0xC6, 0x0B, 0x70, 0x7E,
	0x33, 0x37, 0x4A, 0xBC, 0x37, 0x28, 0x03, 0x02, 0x20, 0x8B, 0xDA, 0x3B,
	0x22, 0xCA, 0x3B, 0x7F, 0x30, 0xE4, 0x7E, 0xA0, 0xFF, 0x80, 0x0B, 0x7E,
	0xB3, 0x37, 0x45, 0x0A, 0x4B, 0x19, 0xA4, 0x37, 0x4C, 0x04, 0x7A, 0xB3,
	0x37, 0x45, 0x7E, 0xB3, 0x03, 0xB6, 0xBE, 0xB3, 0x37, 0x45, 0x38, 0xE7,
	0xE4, 0x7A, 0xB3, 0x37, 0x45, 0x7E, 0x73, 0x37, 0x45, 0x0A, 0x47, 0x7F,
	0x13, 0x2D, 0x34, 0x7E, 0x1B, 0x70, 0x7A, 0x73, 0x37, 0x46, 0x7E, 0x73,
	0x03, 0xB6, 0xBE, 0x73, 0x37, 0x46, 0x38, 0x03, 0x02, 0x24, 0xE3, 0x7E,
	0xB3, 0x37, 0x45, 0x7E, 0x70, 0x02, 0xAC, 0xB7, 0x49, 0x55, 0x0A, 0x88,
	0x7A, 0x57, 0x37, 0x5A, 0x7E, 0x63, 0x37, 0x46, 0x74, 0x10, 0xAC, 0xB6,
	0x49, 0x55, 0x07, 0xA1, 0x7A, 0x57, 0x37, 0x5C, 0x09, 0xB4, 0x07, 0x27,
	0xBE, 0xB0, 0x01, 0x68, 0x12, 0xBE, 0xB0, 0x02, 0x68, 0x0D, 0xBE, 0xB0,
	0x03, 0x68, 0x08, 0xB4, 0x04, 0x02, 0x80, 0x03, 0x02, 0x24, 0xEA, 0x7E,
	0x73, 0x37, 0x45, 0x0A, 0x56, 0x19, 0x75, 0x37, 0x4C, 0x7E, 0xB3, 0x05,
	0x31, 0x70, 0x03, 0x02, 0x24, 0x5B, 0x09, 0x74, 0x0A, 0x56, 0x0A, 0x37,
	0x0B, 0x34, 0x7A, 0x73, 0x37, 0x66, 0x7E, 0xB3, 0x37, 0x45, 0x7E, 0x34,
	0x37, 0x5E, 0x7E, 0x24, 0x37, 0x62, 0x12, 0xED, 0x64, 0x7E, 0x37, 0x37,
	0x5E, 0x7E, 0xB3, 0x37, 0x45, 0x7E, 0x50, 0x02, 0xAC, 0xB5, 0x49, 0x25,
	0x0A, 0x60, 0x12, 0xF2, 0xB9, 0x7A, 0x37, 0x37, 0x60, 0x7E, 0x37, 0x37,
	0x62, 0x7E, 0xB3, 0x37, 0x45, 0x7E, 0x50, 0x02, 0xAC, 0xB5, 0x49, 0x25,
	0x0A, 0x74, 0x12, 0xF2, 0xB9, 0x7A, 0x37, 0x37, 0x64, 0x7E, 0x73, 0x05,
	0x31, 0x0A, 0x37, 0xBE, 0x37, 0x37, 0x60, 0x08, 0x1B, 0x7E, 0x37, 0x37,
	0x64, 0xBE, 0x34, 0x00, 0x10, 0x58, 0x11, 0x7E, 0x73, 0x37, 0x66, 0xBE,
	0x70, 0x78, 0x28, 0x3E, 0x74, 0x78, 0x7A, 0xB3, 0x37, 0x66, 0x80, 0x36,
	0x7E, 0x37, 0x37, 0x64, 0xBE, 0x34, 0x00, 0x10, 0x18, 0x0E, 0x7E, 0x73,
	0x37, 0x66, 0xBE, 0x70, 0x78, 0x40, 0x05, 0xBE, 0x70, 0x7C, 0x40, 0x1E,
	0xE4, 0x7A, 0xB3, 0x37, 0x66, 0x7E, 0x47, 0x37, 0x5E, 0x7E, 0xB3, 0x37,
	0x45, 0x7E, 0x70, 0x02, 0xAC, 0xB7, 0x59, 0x45, 0x0A, 0x60, 0x7E, 0x37,
	0x37, 0x62, 0x59, 0x35, 0x0A, 0x74, 0x7E, 0x73, 0x37, 0x66, 0x7E, 0x63,
	0x37, 0x45, 0x0A, 0x26, 0x19, 0x72, 0x0A, 0x56, 0xBE, 0x70, 0x78, 0x50,
	0x06, 0x74, 0x01, 0x7A, 0xB3, 0x0A, 0x9F, 0x7E, 0xD7, 0x37, 0x5A, 0x7D,
	0x3D, 0x7D, 0xFD, 0x1A, 0x36, 0x1A, 0xE6, 0x7E, 0x14, 0x00, 0x07, 0x7F,
	0x17, 0x12, 0x8C, 0xCB, 0x7E, 0x17, 0x37, 0x5C, 0x1A, 0x02, 0x1A, 0x00,
	0x2F, 0x10, 0x74, 0x03, 0x1E, 0x34, 0x1E, 0x24, 0x50, 0x03, 0x4E, 0x60,
	0x80, 0x14, 0x78, 0xF4, 0x7D, 0x43, 0x7E, 0x63, 0x37, 0x45, 0x74, 0x02,
	0xAC, 0xB6, 0x59, 0x45, 0x0A, 0x88, 0x7E, 0x73, 0x05, 0x32, 0x4C, 0x77,
	0x78, 0x03, 0x02, 0x25, 0x1E, 0x0A, 0x46, 0x09, 0x64, 0x0A, 0x56, 0xBE,
	0x60, 0x78, 0x40, 0x72, 0x7D, 0x5D, 0x9E, 0x57, 0x37, 0x5C, 0x7A, 0x57,
	0x37, 0x5C, 0x0A, 0x17, 0x6D, 0x00, 0x7F, 0x17, 0x12, 0x8C, 0xBA, 0x7C,
	0x76, 0x7C, 0x65, 0x7A, 0x37, 0x37, 0x5A, 0x6D, 0x55, 0x9E, 0x57, 0x37,
	0x5A, 0xBE, 0x57, 0x37, 0x5C, 0x18, 0x0A, 0x7E, 0x57, 0x37, 0x5A, 0xBE,
	0x57, 0x37, 0x5C, 0x58, 0x41, 0x74, 0x01, 0x19, 0xB4, 0x0A, 0xAB, 0xE4,
	0x19, 0xB4, 0x0A, 0xA1, 0x80, 0x34, 0xE4, 0x7E, 0xA3, 0x37, 0x45, 0x0A,
	0x3A, 0x19, 0xB3, 0x0A, 0x56, 0x7E, 0x44, 0x7F, 0xFF, 0x7E, 0xB3, 0x37,
	0x45, 0x7E, 0x70, 0x02, 0xAC, 0xB7, 0x59, 0x45, 0x0A, 0x60, 0x7E, 0xB3,
	0x37, 0x45, 0xAC, 0xB7, 0x59, 0x45, 0x0A, 0x74, 0x7E, 0x47, 0x37, 0x5C,
	0x7E, 0xB3, 0x37, 0x45, 0xAC, 0xB7, 0x59, 0x45, 0x0A, 0x88, 0x7E, 0xB3,
	0x37, 0x45, 0x04, 0x7A, 0xB3, 0x37, 0x45, 0xB4, 0x0A, 0x02, 0x80, 0x03,
	0x02, 0x23, 0x2D, 0x7E, 0xB3, 0x05, 0x2A, 0x70, 0x03, 0x02, 0x27, 0x97,
	0xE4, 0x02, 0x27, 0x86, 0xE4, 0x7A, 0xB3, 0x37, 0x56, 0x7E, 0xB3, 0x37,
	0x45, 0x0A, 0x3B, 0x09, 0xF3, 0x37, 0x4C, 0x7E, 0x70, 0x10, 0xAC, 0xB7,
	0x09, 0x75, 0x07, 0xA6, 0x7A, 0x73, 0x37, 0x47, 0x09, 0x75, 0x07, 0xA7,
	0x7A, 0x73, 0x37, 0x48, 0x7E, 0xB3, 0x37, 0x45, 0x7E, 0x70, 0x06, 0xAC,
	0xB7, 0x49, 0x35, 0x03, 0x52, 0x7A, 0x37, 0x37, 0x5E, 0x7E, 0xB3, 0x37,
	0x45, 0x7E, 0x70, 0x06, 0xAC, 0xB7, 0x49, 0x35, 0x03, 0x54, 0x7A, 0x37,
	0x37, 0x62, 0x6C, 0xEE, 0x02, 0x27, 0x43, 0x7E, 0x73, 0x37, 0x45, 0xBC,
	0x7E, 0x78, 0x03, 0x02, 0x27, 0x41, 0x0A, 0x3E, 0x09, 0xB3, 0xC1, 0x2A,
	0xBE, 0xB0, 0x02, 0x78, 0x03, 0x02, 0x27, 0x41, 0x7E, 0x37, 0x37, 0x5E,
	0x74, 0x06, 0xAC, 0xBE, 0x49, 0x25, 0x03, 0x52, 0x12, 0xF2, 0xB9, 0x7E,
	0x53, 0x05, 0x2A, 0x0A, 0x25, 0xBD, 0x32, 0x08, 0x03, 0x02, 0x27, 0x41,
	0x7E, 0x37, 0x37, 0x62, 0x74, 0x06, 0xAC, 0xBE, 0x49, 0x25, 0x03, 0x54,
	0x12, 0xF2, 0xB9, 0xBE, 0x34, 0x00, 0x20, 0x08, 0x03, 0x02, 0x27, 0x41,
	0x74, 0x10, 0xAC, 0xBE, 0x09, 0x35, 0x07, 0xA6, 0x7A, 0x33, 0x37, 0x49,
	0x09, 0xD5, 0x07, 0xA7, 0x0A, 0x0D, 0x7E, 0x73, 0x37, 0x48, 0x0A, 0x27,
	0x2D, 0x20, 0x7E, 0x63, 0x37, 0x47, 0x0A, 0x06, 0x9D, 0x20, 0x0A, 0x13,
	0x9D, 0x21, 0x0B, 0x25, 0x7A, 0x53, 0x37, 0x4A, 0xBE, 0x63, 0x37, 0x49,
	0x50, 0x04, 0x7A, 0x63, 0x37, 0x49, 0xBC, 0x7D, 0x28, 0x02, 0x7C, 0xD7,
	0x7E, 0x73, 0x37, 0x49, 0x0A, 0x27, 0x0A, 0x3D, 0x9D, 0x32, 0x0B, 0x34,
	0x7A, 0x73, 0x37, 0x4B, 0x7E, 0x73, 0x05, 0x2B, 0x4C, 0x77, 0x68, 0x09,
	0xBE, 0x73, 0x37, 0x4B, 0x38, 0x03, 0x02, 0x27, 0x41, 0x7E, 0x73, 0x05,
	0x2C, 0x7A, 0x73, 0x37, 0x57, 0xBE, 0xF0, 0xFF, 0x68, 0x35, 0x7E, 0xA3,
	0x37, 0x4A, 0xBE, 0xA0, 0x05, 0x50, 0x18, 0x7E, 0xB3, 0x37, 0x57, 0x0B,
	0xB2, 0x7A, 0xB3, 0x37, 0x57, 0xBE, 0xA0, 0x04, 0x50, 0x1D, 0xE4, 0x0A,
	0x3F, 0x19, 0xB3, 0x0A, 0xA1, 0x80, 0x14, 0x7E, 0x73, 0x37, 0x4B, 0xBE,
	0x73, 0x37, 0x4A, 0x50, 0x0A, 0x7E, 0xB3, 0x37, 0x57, 0x0B, 0xB1, 0x7A,
	0xB3, 0x37, 0x57, 0x0A, 0x3E, 0x09, 0xC3, 0x37, 0x4C, 0xBE, 0xF0, 0xFF,
	0x78, 0x13, 0xBE, 0xC0, 0xFF, 0x68, 0x03, 0x02, 0x27, 0x14, 0xBE, 0xE3,
	0x37, 0x45, 0x38, 0x03, 0x02, 0x27, 0x14, 0x80, 0x7B, 0x0A, 0x3F, 0x09,
	0xB3, 0x07, 0x27, 0xB4, 0x01, 0x36, 0xBE, 0xC0, 0xFF, 0x78, 0x02, 0x80,
	0x0F, 0x0A, 0x3C, 0x09, 0xB3, 0x07, 0x27, 0xB4, 0x01, 0x0E, 0xBE, 0xE3,
	0x37, 0x45, 0x28, 0x08, 0x74, 0x02, 0x0A, 0x3E, 0x19, 0xB3, 0xC1, 0x2A,
	0x0A, 0x3F, 0x09, 0x73, 0x0A, 0xA1, 0xBE, 0x73, 0x37, 0x57, 0x28, 0x50,
	0x7E, 0x73, 0x37, 0x57, 0x0A, 0x2F, 0x19, 0x72, 0x0A, 0xA1, 0x80, 0x44,
	0xBE, 0xC0, 0xFF, 0x68, 0x09, 0x0A, 0x3C, 0x09, 0xB3, 0x07, 0x27, 0xB4,
	0x01, 0x14, 0x74, 0x01, 0x7A, 0xB3, 0x37, 0x56, 0x0A, 0x3F, 0x09, 0x73,
	0x0A, 0xA1, 0xBE, 0x73, 0x37, 0x57, 0x38, 0x24, 0x80, 0x1A, 0x74, 0x08,
	0xAC, 0xBC, 0x49, 0x35, 0x05, 0xA1, 0x1E, 0x34, 0x7A, 0x37, 0x37, 0x58,
	0x7E, 0x73, 0x05, 0x2D, 0x0A, 0x37, 0xBE, 0x37, 0x37, 0x58, 0x38, 0x08,
	0x74, 0x02, 0x0A, 0x3E, 0x19, 0xB3, 0xC1, 0x2A, 0x0A, 0x3E, 0x09, 0xB3,
	0xC1, 0x2A, 0xB4, 0x02, 0x24, 0xBE, 0xF0, 0xFF, 0x68, 0x1F, 0x74, 0x01,
	0x7A, 0xB3, 0x37, 0x56, 0x0A, 0x3F, 0x09, 0x73, 0x0A, 0x56, 0xBE, 0x70,
	0x78, 0x40, 0x0E, 0x0A, 0x3F, 0x2E, 0x34, 0x0A, 0xAB, 0x7E, 0x39, 0xB0,
	0x44, 0x02, 0x7A, 0x39, 0xB0, 0x0B, 0xE0, 0x7E, 0x73, 0x03, 0xB6, 0xBC,
	0x7E, 0x28, 0x03, 0x02, 0x25, 0x87, 0xBE, 0xF0, 0xFF, 0x68, 0x2E, 0x0A,
	0x3F, 0x2E, 0x34, 0x0A, 0xA1, 0x7E, 0x39, 0xB0, 0x04, 0x7A, 0x39, 0xB0,
	0x7E, 0xB3, 0x37, 0x56, 0x60, 0x14, 0x0A, 0x3F, 0x09, 0x73, 0x0A, 0xA1,
	0x0A, 0x27, 0x7E, 0x73, 0x37, 0x57, 0x2E, 0x34, 0x00, 0x10, 0xBD, 0x23,
	0x08, 0x07, 0xE4, 0x0A, 0x3F, 0x19, 0xB3, 0x0A, 0xA1, 0x7E, 0xB3, 0x37,
	0x45, 0x04, 0x7A, 0xB3, 0x37, 0x45, 0x7E, 0x73, 0x03, 0xB6, 0xBE, 0x73,
	0x37, 0x45, 0x28, 0x03, 0x02, 0x25, 0x3C, 0xDA, 0x3B, 0x22, 0xCA, 0x79,
	0xE4, 0x7A, 0xB3, 0x2C, 0x89, 0xE4, 0x7A, 0xB3, 0x2C, 0x8A, 0x7E, 0x73,
	0x2C, 0x90, 0xBE, 0x70, 0xFF, 0x68, 0x14, 0x0A, 0x37, 0x2E, 0x34, 0x2C,
	0xC4, 0x7E, 0x39, 0xB0, 0x54, 0x7F, 0x7A, 0x39, 0xB0, 0x74, 0xFF, 0x7A,
	0xB3, 0x2C, 0x90, 0x7E, 0x73, 0x2D, 0x02, 0xBE, 0x73, 0x2D, 0x83, 0x28,
	0x22, 0x7E, 0x73, 0x2D, 0x83, 0x7A, 0x73, 0x2D, 0x0D, 0x12, 0xCA, 0x4D,
	0x7A, 0xB3, 0x2D, 0x0E, 0x7E, 0xB3, 0x2D, 0x0D, 0x7E, 0x73, 0x2D, 0x0E,
	0x7E, 0x63, 0x2D, 0x13, 0x12, 0x88, 0x8E, 0xE4, 0x02, 0x2C, 0x0B, 0x7E,
	0xF3, 0x2D, 0x0B, 0x7E, 0x73, 0x2D, 0x03, 0x0A, 0x37, 0xBE, 0x37, 0x2D,
	0x14, 0x50, 0x4F, 0x7E, 0x34, 0x37, 0x30, 0x7E, 0x24, 0x37, 0x32, 0x7E,
	0x14, 0x37, 0x2F, 0x12, 0xD8, 0xDB, 0x7C, 0xAB, 0x7E, 0xB3, 0x2D, 0x03,
	0x0A, 0x3B, 0xBE, 0x37, 0x37, 0x30, 0x40, 0x06, 0x7E, 0xB3, 0x2C, 0x8B,
	0x70, 0x0C, 0x7E, 0x37, 0x37, 0x32, 0x7A, 0x37, 0x37, 0x30, 0x7E, 0xA3,
	0x37, 0x2F, 0x7E, 0xB3, 0x2D, 0x04, 0x0A, 0x2B, 0x2E, 0x27, 0x37, 0x30,
	0x7E, 0xB3, 0x2D, 0x03, 0x0A, 0x3B, 0xBE, 0x37, 0x37, 0x30, 0x38, 0x08,
	0x7E, 0x37, 0x2D, 0x14, 0xBD, 0x32, 0x28, 0x02, 0x7C, 0xFA, 0x7E, 0xB3,
	0x2C, 0x8B, 0x60, 0x03, 0x02, 0x28, 0xFE, 0x74, 0x01, 0x7A, 0xB3, 0x2C,
	0x89, 0x74, 0x01, 0x7A, 0xB3, 0x2C, 0x8A, 0xBE, 0xF3, 0x2D, 0x0B, 0x68,
	0x2E, 0x7A, 0xF3, 0x2D, 0x0D, 0x7A, 0xF3, 0x2D, 0x0E, 0x7E, 0xB3, 0x2D,
	0x0D, 0x7E, 0x73, 0x2D, 0x0E, 0x7E, 0x63, 0x2D, 0x13, 0x12, 0x88, 0x8E,
	0x12, 0xF5, 0xBB, 0x7E, 0xB3, 0x2D, 0x7C, 0x04, 0x7A, 0xB3, 0x2D, 0x7C,
	0x74, 0x01, 0x7A, 0xB3, 0x2D, 0x73, 0x74, 0x01, 0x02, 0x2C, 0x0B, 0x12,
	0xD7, 0x2F, 0x12, 0xEB, 0x22, 0x12, 0xF5, 0xB7, 0x70, 0x3C, 0x7E, 0x73,
	0x2D, 0x0B, 0x7A, 0x73, 0x2D, 0x0E, 0x7E, 0xB3, 0x2D, 0x0B, 0x0A, 0x3B,
	0x09, 0xA3, 0x2D, 0x50, 0xBE, 0xA0, 0x06, 0x40, 0x12, 0x12, 0xC6, 0x85,
	0x7A, 0xB3, 0x2D, 0x0E, 0xB4, 0xFF, 0x08, 0x7E, 0x73, 0x2D, 0x0B, 0x7A,
	0x73, 0x2D, 0x0E, 0x7E, 0xB3, 0x2D, 0x0D, 0x7E, 0x73, 0x2D, 0x0E, 0x7E,
	0x63, 0x2D, 0x13, 0x12, 0x88, 0x8E, 0xE4, 0x02, 0x2C, 0x0B, 0x74, 0x01,
	0x7A, 0xB3, 0x2C, 0x8B, 0x7E, 0x73, 0x2D, 0x0B, 0x7A, 0x73, 0x2C, 0x8E,
	0x74, 0xFF, 0x7A, 0xB3, 0x2C, 0x91, 0x74, 0xFF, 0x7E, 0xA3, 0x2D, 0x0B,
	0x0A, 0x3A, 0x19, 0xB3, 0x2C, 0xC4, 0x7E, 0xB3, 0x2C, 0x8B, 0xB4, 0x01,
	0x02, 0x80, 0x03, 0x02, 0x2A, 0xE7, 0x30, 0x32, 0x07, 0xC2, 0x32, 0xE4,
	0x7A, 0xB3, 0x2C, 0x8C, 0x7E, 0xB3, 0x2D, 0x10, 0x60, 0x0E, 0x74, 0x01,
	0x7A, 0xB3, 0x2C, 0x89, 0xE4, 0x7A, 0xB3, 0x2C, 0x8C, 0x02, 0x2A, 0xF3,
	0x7E, 0xB3, 0x2C, 0x8C, 0x60, 0x08, 0x14, 0x7A, 0xB3, 0x2C, 0x8C, 0x02,
	0x2A, 0xF3, 0xA2, 0x15, 0xE4, 0x33, 0x68, 0x03, 0x02, 0x2A, 0xF3, 0x74,
	0xFF, 0x7A, 0xB3, 0x2C, 0x91, 0x7E, 0xB3, 0x2C, 0x8E, 0x7E, 0x70, 0x02,
	0xAC, 0xB7, 0x49, 0x25, 0x2D, 0x16, 0x7E, 0x73, 0x2D, 0x03, 0x0A, 0x37,
	0xBD, 0x23, 0x28, 0x2D, 0x7E, 0x34, 0x37, 0x30, 0x7E, 0x24, 0x37, 0x32,
	0x7E, 0x14, 0x37, 0x2F, 0x12, 0xD8, 0xDB, 0x7A, 0xB3, 0x2C, 0x8E, 0xE4,
	0x7A, 0xB3, 0x2C, 0x8D, 0x7E, 0x73, 0x2D, 0x03, 0x0A, 0x37, 0xBE, 0x37,
	0x37, 0x30, 0x50, 0x09, 0x74, 0x1E, 0x7A, 0xB3, 0x2C, 0x8C, 0x02, 0x2A,
	0xF3, 0x7E, 0xB3, 0x2C, 0x8D, 0x60, 0x17, 0x7E, 0xB3, 0x2C, 0x8F, 0x7E,
	0x70, 0x02, 0xAC, 0xB7, 0x49, 0x25, 0x2D, 0x16, 0x7E, 0x73, 0x2D, 0x03,
	0x0A, 0x37, 0xBD, 0x23, 0x28, 0x52, 0x74, 0xFF, 0x12, 0xC6, 0x85, 0x7A,
	0xB3, 0x2C, 0x8F, 0x7E, 0x73, 0x2C, 0x8F, 0xBE, 0x70, 0xFF, 0x78, 0x03,
	0x02, 0x2A, 0xF3, 0x74, 0x02, 0xAC, 0xB7, 0x49, 0x15, 0x2D, 0x16, 0x7E,
	0x63, 0x2D, 0x03, 0x0A, 0x26, 0xBD, 0x12, 0x28, 0x09, 0x74, 0x1E, 0x7A,
	0xB3, 0x2C, 0x8C, 0x02, 0x2A, 0xF3, 0x0A, 0x37, 0x2E, 0x34, 0x2C, 0xC4,
	0x7E, 0x39, 0xB0, 0x04, 0x7A, 0x39, 0xB0, 0x7E, 0x73, 0x2C, 0x8F, 0x0A,
	0x37, 0x09, 0xB3, 0x2C, 0xC4, 0xBE, 0xB0, 0x10, 0x68, 0x97, 0x74, 0x01,
	0x7A, 0xB3, 0x2C, 0x8D, 0x7E, 0xB3, 0x2C, 0x8D, 0xB4, 0x01, 0x15, 0x7E,
	0x73, 0x2D, 0x0B, 0xBE, 0x73, 0x2C, 0x8E, 0x78, 0x0B, 0x12, 0xD7, 0x2F,
	0x60, 0x06, 0x74, 0x02, 0x7A, 0xB3, 0x2C, 0x8D, 0x7E, 0xB3, 0x2C, 0x8D,
	0xB4, 0x02, 0x10, 0x7E, 0x73, 0x2D, 0x0B, 0xBE, 0x73, 0x2C, 0x8F, 0x78,
	0x06, 0x74, 0x03, 0x7A, 0xB3, 0x2C, 0x8D, 0x7E, 0xB3, 0x2C, 0x8D, 0xB4,
	0x03, 0x77, 0x7E, 0x73, 0x2D, 0x0B, 0xBE, 0x73, 0x2C, 0x8E, 0x78, 0x6D,
	0x12, 0xEB, 0xA8, 0x7E, 0xB3, 0x2C, 0x88, 0x7E, 0x70, 0x02, 0xAC, 0xB7,
	0x49, 0x25, 0x2C, 0x95, 0x9E, 0x27, 0x2C, 0x92, 0xBE, 0x24, 0x00, 0x00,
	0x58, 0x06, 0x6E, 0x24, 0xFF, 0xFF, 0x0B, 0x24, 0x7E, 0x37, 0x2D, 0xE1,
	0x09, 0x73, 0x00, 0x0F, 0x0A, 0x37, 0xBD, 0x32, 0x08, 0x1C, 0x7E, 0x73,
	0x2C, 0x8F, 0x7A, 0x73, 0x2C, 0x90, 0x7E, 0x73, 0x2C, 0x8F, 0x0A, 0x37,
	0x2E, 0x34, 0x2C, 0xC4, 0x7E, 0x39, 0xB0, 0x44, 0x80, 0x7A, 0x39, 0xB0,
	0x80, 0x1B, 0x7E, 0x37, 0x2C, 0xA6, 0x0B, 0x34, 0x7A, 0x37, 0x2C, 0xA6,
	0x7E, 0x73, 0x2C, 0x8F, 0x0A, 0x37, 0x2E, 0x34, 0x2C, 0xC4, 0x7E, 0x39,
	0xB0, 0x14, 0x7A, 0x39, 0xB0, 0xE4, 0x7A, 0xB3, 0x2C, 0x8D, 0x02, 0x29,
	0x89, 0x74, 0x01, 0x7A, 0xB3, 0x2C, 0x89, 0x74, 0x01, 0x7A, 0xB3, 0x2C,
	0x8A, 0x7E, 0x73, 0x2C, 0x8E, 0x7A, 0x73, 0x2D, 0x0D, 0x7E, 0x73, 0x2C,
	0x8F, 0x7A, 0x73, 0x2D, 0x0E, 0x7E, 0xB3, 0x2C, 0x8D, 0xB4, 0x02, 0x1B,
	0x7E, 0x73, 0x2C, 0x8F, 0x0A, 0x27, 0x09, 0x62, 0x2D, 0x50, 0xBE, 0x60,
	0x03, 0x40, 0x0C, 0x7A, 0x73, 0x2D, 0x0D, 0x7E, 0x73, 0x2C, 0x8E, 0x7A,
	0x73, 0x2D, 0x0E, 0x7E, 0xB3, 0x2C, 0x8B, 0xB4, 0x03, 0x02, 0x80, 0x03,
	0x02, 0x2B, 0x83, 0xE4, 0x7A, 0xB3, 0x2C, 0x8D, 0x74, 0xFF, 0x7A, 0xB3,
	0x2C, 0x94, 0x7E, 0xE3, 0x2D, 0x0B, 0xBC, 0xEF, 0x78, 0x28, 0x7A, 0xE3,
	0x2D, 0x0D, 0x7E, 0xA3, 0x2D, 0x0B, 0x0A, 0x3A, 0x09, 0xB3, 0x2D, 0x50,
	0xBE, 0xB0, 0x04, 0x40, 0x06, 0x7E, 0xB3, 0x2D, 0x12, 0x60, 0x06, 0x7A,
	0xA3, 0x2D, 0x0E, 0x80, 0x5E, 0x12, 0xCA, 0x4D, 0x7A, 0xB3, 0x2D, 0x0E,
	0x80, 0x55, 0x7E, 0x73, 0x2D, 0x4F, 0xBE, 0x70, 0x40, 0x28, 0x32, 0x7E,
	0x73, 0x2D, 0x07, 0x4C, 0x77, 0x68, 0x08, 0x0A, 0x37, 0xBE, 0x37, 0x2D,
	0x14, 0x28, 0x22, 0x0A, 0x3F, 0x09, 0x73, 0x2D, 0x50, 0xBE, 0x70, 0x04,
	0x50, 0x0A, 0x7A, 0xE3, 0x2D, 0x0D, 0x7A, 0xF3, 0x2D, 0x0E, 0x80, 0x27,
	0x7A, 0xF3, 0x2D, 0x0D, 0x12, 0xCA, 0x4D, 0x7A, 0xB3, 0x2D, 0x0E, 0x80,
	0x1A, 0x7A, 0xF3, 0x2D, 0x0D, 0x12, 0xCA, 0x4D, 0x7A, 0xB3, 0x2D, 0x0E,
	0x7E, 0xB3, 0x2D, 0x7A, 0x04, 0x7A, 0xB3, 0x2D, 0x7A, 0x74, 0x01, 0x7A,
	0xB3, 0x2D, 0x73, 0x7E, 0xB3, 0x2D, 0x0D, 0x7E, 0x73, 0x2D, 0x0E, 0x7E,
	0x63, 0x2D, 0x13, 0x12, 0x88, 0x8E, 0xE4, 0x7A, 0xB3, 0x2D, 0x12, 0x7E,
	0xA3, 0x2D, 0x0B, 0x0A, 0x3A, 0x09, 0xB3, 0x2C, 0xC4, 0xBE, 0xB0, 0xFF,
	0x68, 0x0D, 0xBE, 0xA3, 0x2C, 0x91, 0x68, 0x07, 0x7A, 0xA3, 0x2C, 0x91,
	0x12, 0xB6, 0xFC, 0x12, 0xE4, 0xE7, 0x7E, 0x73, 0x2D, 0x05, 0x4C, 0x77,
	0x68, 0x17, 0x0A, 0x37, 0xBE, 0x37, 0x2D, 0x14, 0x50, 0x0F, 0x7E, 0xB3,
	0x2D, 0x7B, 0x04, 0x7A, 0xB3, 0x2D, 0x7B, 0x74, 0x01, 0x7A, 0xB3, 0x2D,
	0x73, 0x7E, 0x73, 0x2D, 0x0B, 0x0A, 0x37, 0x09, 0x73, 0x2D, 0x50, 0xBE,
	0x70, 0x04, 0x50, 0x0F, 0x7E, 0xB3, 0x2D, 0x79, 0x04, 0x7A, 0xB3, 0x2D,
	0x79, 0x74, 0x01, 0x7A, 0xB3, 0x2D, 0x73, 0x12, 0xA0, 0xA5, 0x60, 0x0F,
	0x7E, 0xB3, 0x2D, 0x78, 0x04, 0x7A, 0xB3, 0x2D, 0x78, 0x74, 0x01, 0x7A,
	0xB3, 0x2D, 0x73, 0x7E, 0xB3, 0x2D, 0x73, 0xDA, 0x79, 0x22, 0xCA, 0x3B,
	0x7C, 0xFB, 0xE4, 0x7A, 0xB3, 0x37, 0x53, 0xBE, 0xF0, 0x0B, 0x08, 0x03,
	0x02, 0x30, 0x0F, 0x7E, 0x64, 0xC1, 0x50, 0x9F, 0x11, 0x7A, 0x37, 0x37,
	0x49, 0x7A, 0x67, 0x37, 0x4B, 0x7E, 0xB3, 0x03, 0xC9, 0x54, 0x0F, 0x7A,
	0xB3, 0x37, 0x55, 0xB4, 0x0F, 0x04, 0x74, 0x02, 0x80, 0x06, 0x7E, 0xB3,
	0x37, 0x55, 0x24, 0x03, 0x7A, 0xB3, 0x37, 0x55, 0xE4, 0x80, 0x65, 0x09,
	0xB6, 0x00, 0x09, 0x70, 0x56, 0x09, 0x76, 0x00, 0x04, 0x0A, 0x27, 0x09,
	0x76, 0x00, 0x05, 0x0A, 0x37, 0x9D, 0x32, 0x7E, 0x53, 0x37, 0x55, 0xBD,
	0x32, 0x58, 0x12, 0x09, 0x76, 0x00, 0x06, 0x0A, 0x17, 0x09, 0x76, 0x00,
	0x07, 0x0A, 0x37, 0x9D, 0x31, 0xBD, 0x32, 0x48, 0x2E, 0x09, 0x66, 0x00,
	0x08, 0xBE, 0x63, 0x04, 0x31, 0x40, 0x10, 0x7E, 0x73, 0x04, 0x12, 0x1E,
	0x70, 0x0A, 0x17, 0x49, 0x26, 0x00, 0x02, 0xBD, 0x21, 0x58, 0x14, 0x7E,
	0x27, 0x37, 0x49, 0x4D, 0x22, 0x68, 0x08, 0x09, 0x72, 0x00, 0x08, 0xBC,
	0x76, 0x50, 0x04, 0x7A, 0x67, 0x37, 0x49, 0x2E, 0x64, 0x00, 0x10, 0x7E,
	0xB3, 0x37, 0x51, 0x04, 0x7A, 0xB3, 0x37, 0x51, 0xBE, 0xF3, 0x37, 0x51,
	0x18, 0x91, 0x7E, 0x37, 0x37, 0x49, 0x4D, 0x33, 0x78, 0x03, 0x02, 0x30,
	0x0F, 0xE4, 0x7A, 0xB3, 0x37, 0x54, 0x80, 0x61, 0x7E, 0x27, 0x37, 0x4B,
	0x09, 0xB2, 0x00, 0x09, 0x70, 0x4A, 0xBE, 0x37, 0x37, 0x4B, 0x68, 0x44,
	0x09, 0x23, 0x00, 0x05, 0x09, 0x32, 0x00, 0x04, 0xBC, 0x32, 0x38, 0x16,
	0x09, 0x23, 0x00, 0x04, 0x09, 0x32, 0x00, 0x05, 0xBC, 0x32, 0x40, 0x0A,
	0x7E, 0xB3, 0x37, 0x54, 0x44, 0x01, 0x7A, 0xB3, 0x37, 0x54, 0x09, 0x23,
	0x00, 0x07, 0x09, 0x32, 0x00, 0x06, 0xBC, 0x32, 0x38, 0x16, 0x09, 0x23,
	0x00, 0x06, 0x09, 0x32, 0x00, 0x07, 0xBC, 0x32, 0x40, 0x0A, 0x7E, 0xB3,
	0x37, 0x54, 0x44, 0x02, 0x7A, 0xB3, 0x37, 0x54, 0x2E, 0x24, 0x00, 0x10,
	0x7A, 0x27, 0x37, 0x4B, 0x7E, 0xB3, 0x37, 0x51, 0x04, 0x7A, 0xB3, 0x37,
	0x51, 0xBE, 0xF3, 0x37, 0x51, 0x18, 0x95, 0x09, 0x33, 0x00, 0x04, 0x7A,
	0x33, 0x37, 0x4D, 0x09, 0x23, 0x00, 0x05, 0x0A, 0x22, 0x1A, 0x13, 0x9D,
	0x21, 0x0B, 0x24, 0x7A, 0x53, 0x37, 0x4E, 0x09, 0x33, 0x00, 0x06, 0x7A,
	0x33, 0x37, 0x4F, 0x09, 0x23, 0x00, 0x07, 0x0A, 0x22, 0x1A, 0x13, 0x9D,
	0x21, 0x0B, 0x24, 0x7A, 0x53, 0x37, 0x50, 0x7E, 0xB3, 0x37, 0x55, 0x04,
	0x7A, 0xB3, 0x37, 0x55, 0x7D, 0x26, 0x74, 0x04, 0x12, 0xEB, 0xFE, 0x7E,
	0x43, 0x05, 0x1A, 0x0A, 0x14, 0x7E, 0x53, 0x37, 0x4F, 0x1A, 0x05, 0xAD,
	0x10, 0x3E, 0x14, 0x7E, 0x53, 0x37, 0x4D, 0x1A, 0x35, 0x3E, 0x34, 0x2D,
	0x31, 0x2E, 0x37, 0x03, 0x10, 0x7A, 0x37, 0x37, 0x45, 0x74, 0x01, 0x7A,
	0xB3, 0x37, 0x53, 0x7E, 0x53, 0x37, 0x55, 0xBE, 0x53, 0x37, 0x50, 0x28,
	0x03, 0x02, 0x2E, 0xC5, 0x7E, 0xB3, 0x37, 0x54, 0x30, 0xE1, 0x03, 0x02,
	0x2E, 0xC5, 0x7E, 0x37, 0x37, 0x45, 0x7E, 0xB3, 0x37, 0x50, 0x7E, 0x53,
	0x37, 0x4E, 0x7E, 0x30, 0x01, 0x12, 0x78, 0xB6, 0x7D, 0x23, 0x7A, 0x37,
	0x37, 0x47, 0x7E, 0x29, 0x70, 0x0B, 0x24, 0x7A, 0x27, 0x37, 0x47, 0x7A,
	0x73, 0x37, 0x53, 0x7E, 0x73, 0x37, 0x53, 0xBE, 0x70, 0x01, 0x18, 0x03,
	0x02, 0x2E, 0xC5, 0x1A, 0x6F, 0x3E, 0x64, 0x3E, 0x64, 0x3E, 0x64, 0x3E,
	0x64, 0x2E, 0x64, 0xC1, 0x50, 0x7E, 0x37, 0x37, 0x49, 0x09, 0x73, 0x00,
	0x08, 0x0A, 0x37, 0x7E, 0xA3, 0x37, 0x53, 0x1A, 0x2A, 0x12, 0x8C, 0x88,
	0x7A, 0x73, 0x37, 0x52, 0x7A, 0xA3, 0x37, 0x51, 0x7E, 0x37, 0x37, 0x47,
	0x7E, 0x39, 0xE0, 0x0B, 0x34, 0x7A, 0x37, 0x37, 0x47, 0x7E, 0x37, 0x37,
	0x49, 0x09, 0x73, 0x00, 0x06, 0x2C, 0xE7, 0x19, 0xE6, 0x00, 0x06, 0x19,
	0xE6, 0x00, 0x07, 0x7E, 0x73, 0x37, 0x52, 0x19, 0x76, 0x00, 0x08, 0xE4,
	0x19, 0xB6, 0x00, 0x09, 0x7E, 0x37, 0x37, 0x47, 0x7E, 0x39, 0xE0, 0x0B,
	0x34, 0x7A, 0x37, 0x37, 0x47, 0x7E, 0x37, 0x37, 0x49, 0x09, 0x73, 0x00,
	0x04, 0x2C, 0xE7, 0x19, 0xE6, 0x00, 0x04, 0x19, 0xE6, 0x00, 0x05, 0x09,
	0x66, 0x00, 0x06, 0x7E, 0x73, 0x05, 0x1A, 0xAC, 0x67, 0x09, 0x56, 0x00,
	0x04, 0x0A, 0x25, 0x2D, 0x32, 0x3E, 0x34, 0x2E, 0x37, 0x03, 0x10, 0x0B,
	0x38, 0x30, 0x59, 0x36, 0x00, 0x02, 0x1B, 0x68, 0x30, 0x7E, 0x37, 0x37,
	0x49, 0x09, 0x73, 0x00, 0x0C, 0x19, 0x76, 0x00, 0x0C, 0x7E, 0x37, 0x37,
	0x49, 0x09, 0x73, 0x00, 0x0D, 0x19, 0x76, 0x00, 0x0D, 0x7E, 0x37, 0x37,
	0x49, 0x09, 0x73, 0x00, 0x0E, 0x19, 0x76, 0x00, 0x0E, 0x7E, 0x37, 0x37,
	0x49, 0x09, 0x73, 0x00, 0x0F, 0x19, 0x76, 0x00, 0x0F, 0x74, 0x01, 0x19,
	0xB6, 0x00, 0x0B, 0x2E, 0x64, 0x00, 0x10, 0x7E, 0xB3, 0x37, 0x51, 0x14,
	0x7A, 0xB3, 0x37, 0x51, 0x68, 0x03, 0x02, 0x2E, 0x10, 0x7E, 0x73, 0x37,
	0x55, 0xBE, 0x73, 0x37, 0x4E, 0x28, 0x03, 0x02, 0x2F, 0xEE, 0x7E, 0xB3,
	0x37, 0x54, 0x30, 0xE0, 0x03, 0x02, 0x2F, 0xEE, 0x7E, 0x37, 0x37, 0x45,
	0x7E, 0xB3, 0x37, 0x4E, 0x7E, 0x53, 0x37, 0x50, 0x7E, 0x40, 0x01, 0x7E,
	0x33, 0x05, 0x1A, 0x12, 0x78, 0xB6, 0x7D, 0x23, 0x7A, 0x37, 0x37, 0x47,
	0x7E, 0x29, 0x70, 0x0B, 0x24, 0x7A, 0x27, 0x37, 0x47, 0x7E, 0x63, 0x37,
	0x53, 0xBC, 0x67, 0x48, 0x03, 0x02, 0x2F, 0xEE, 0x7A, 0x73, 0x37, 0x53,
	0x1A, 0x6F, 0x3E, 0x64, 0x3E, 0x64, 0x3E, 0x64, 0x3E, 0x64, 0x2E, 0x64,
	0xC1, 0x50, 0x7E, 0x37, 0x37, 0x49, 0x09, 0x73, 0x00, 0x08, 0x0A, 0x37,
	0x7E, 0xA3, 0x37, 0x53, 0x1A, 0x2A, 0x12, 0x8C, 0x88, 0x7A, 0x73, 0x37,
	0x52, 0x7A, 0xA3, 0x37, 0x51, 0x7E, 0x37, 0x37, 0x47, 0x7E, 0x39, 0xE0,
	0x0B, 0x34, 0x7A, 0x37, 0x37, 0x47, 0x7E, 0x37, 0x37, 0x49, 0x09, 0x73,
	0x00, 0x04, 0x2C, 0xE7, 0x19, 0xE6, 0x00, 0x04, 0x19, 0xE6, 0x00, 0x05,
	0x7E, 0x73, 0x37, 0x52, 0x19, 0x76, 0x00, 0x08, 0xE4, 0x19, 0xB6, 0x00,
	0x09, 0x7E, 0x37, 0x37, 0x47, 0x7E, 0x39, 0xE0, 0x0B, 0x34, 0x7A, 0x37,
	0x37, 0x47, 0x7E, 0x37, 0x37, 0x49, 0x09, 0x73, 0x00, 0x06, 0x2C, 0xE7,
	0x19, 0xE6, 0x00, 0x06, 0x19, 0xE6, 0x00, 0x07, 0x09, 0x66, 0x00, 0x06,
	0x7E, 0x73, 0x05, 0x1A, 0xAC, 0x67, 0x09, 0x56, 0x00, 0x04, 0x0A, 0x25,
	0x2D, 0x32, 0x3E, 0x34, 0x2E, 0x37, 0x03, 0x10, 0x0B, 0x38, 0x30, 0x59,
	0x36, 0x00, 0x02, 0x1B, 0x68, 0x30, 0x7E, 0x37, 0x37, 0x49, 0x09, 0x73,
	0x00, 0x0C, 0x19, 0x76, 0x00, 0x0C, 0x7E, 0x37, 0x37, 0x49, 0x09, 0x73,
	0x00, 0x0D, 0x19, 0x76, 0x00, 0x0D, 0x7E, 0x37, 0x37, 0x49, 0x09, 0x73,
	0x00, 0x0E, 0x19, 0x76, 0x00, 0x0E, 0x7E, 0x37, 0x37, 0x49, 0x09, 0x73,
	0x00, 0x0F, 0x19, 0x76, 0x00, 0x0F, 0x74, 0x01, 0x19, 0xB6, 0x00, 0x0B,
	0x2E, 0x64, 0x00, 0x10, 0x7E, 0xB3, 0x37, 0x51, 0x14, 0x7A, 0xB3, 0x37,
	0x51, 0x68, 0x03, 0x02, 0x2F, 0x39, 0x7E, 0x73, 0x37, 0x53, 0xBE, 0x70,
	0x01, 0x08, 0x18, 0x74, 0x01, 0x7E, 0x37, 0x37, 0x49, 0x19, 0xB3, 0x00,
	0x09, 0x7E, 0x37, 0x37, 0x49, 0x19, 0xB3, 0x00, 0x0B, 0x7E, 0x73, 0x37,
	0x53, 0x2C, 0xF7, 0x7C, 0xBF, 0xDA, 0x3B, 0x22, 0xCA, 0x3B, 0x7D, 0x62,
	0x7A, 0x37, 0x37, 0x4F, 0x7C, 0xFB, 0x0A, 0x33, 0x7A, 0x37, 0x37, 0x5F,
	0x1A, 0x0F, 0x09, 0x50, 0x07, 0x45, 0x0A, 0x25, 0x9D, 0x32, 0x7A, 0x37,
	0x37, 0x5F, 0x19, 0x70, 0x0A, 0x42, 0x1A, 0x0F, 0x19, 0x30, 0x07, 0x45,
	0x1A, 0x2F, 0x19, 0x22, 0x07, 0x95, 0x1A, 0x3F, 0x09, 0x73, 0x07, 0x95,
	0x12, 0xD3, 0xFA, 0xE4, 0x7A, 0xB3, 0x37, 0x52, 0x1A, 0x3F, 0x09, 0xB3,
	0x07, 0x27, 0xB4, 0x01, 0x66, 0x74, 0x01, 0x7A, 0xB3, 0x37, 0x52, 0x6C,
	0xEE, 0x3E, 0x34, 0x3E, 0x34, 0x3E, 0x34, 0x49, 0x33, 0x05, 0xF1, 0x7A,
	0x37, 0x37, 0x5B, 0x1A, 0x3F, 0x3E, 0x34, 0x3E, 0x34, 0x3E, 0x34, 0x49,
	0x33, 0x06, 0x41, 0x7A, 0x37, 0x37, 0x5D, 0x7E, 0x37, 0x37, 0x4F, 0x7D,
	0x26, 0x7E, 0x17, 0x37, 0x5B, 0x7E, 0x07, 0x37, 0x5D, 0x12, 0xF1, 0x4D,
	0x7A, 0x37, 0x37, 0x53, 0x7E, 0xB3, 0x04, 0x3D, 0x54, 0x7F, 0x0A, 0x3B,
	0xBE, 0x37, 0x37, 0x53, 0x48, 0x03, 0x7E, 0xE0, 0x01, 0x4C, 0xEE, 0x68,
	0x16, 0x7C, 0xBF, 0x7E, 0x37, 0x37, 0x4F, 0x7D, 0x26, 0x12, 0xDF, 0x28,
	0x7C, 0xBF, 0x7E, 0x37, 0x37, 0x4F, 0x7D, 0x26, 0x12, 0xEC, 0xCC, 0x1A,
	0x3F, 0x09, 0xB3, 0x07, 0x27, 0xB4, 0x04, 0x6C, 0x3E, 0x34, 0x49, 0x33,
	0x06, 0x91, 0x7A, 0x37, 0x37, 0x5B, 0x1A, 0x3F, 0x3E, 0x34, 0x49, 0x33,
	0x06, 0xA5, 0x7A, 0x37, 0x37, 0x5D, 0x7C, 0xBF, 0x7E, 0x37, 0x37, 0x5B,
	0x7E, 0x27, 0x37, 0x5D, 0x12, 0xDF, 0x28, 0x7C, 0xBF, 0x7E, 0x37, 0x37,
	0x5B, 0x7E, 0x27, 0x37, 0x5D, 0x12, 0xEC, 0xCC, 0x7E, 0x37, 0x37, 0x5B,
	0x1A, 0x2F, 0x3E, 0x24, 0x59, 0x32, 0x07, 0x4F, 0x7E, 0x37, 0x37, 0x5D,
	0x1A, 0x2F, 0x3E, 0x24, 0x59, 0x32, 0x07, 0x63, 0x7E, 0x37, 0x37, 0x5B,
	0x1A, 0x2F, 0x3E, 0x24, 0x3E, 0x24, 0x3E, 0x24, 0x3E, 0x24, 0x59, 0x32,
	0x08, 0xE7, 0x7E, 0x37, 0x37, 0x5D, 0x1A, 0x2F, 0x3E, 0x24, 0x3E, 0x24,
	0x3E, 0x24, 0x3E, 0x24, 0x59, 0x32, 0x08, 0xEB, 0x7C, 0xBF, 0x7E, 0x34,
	0x37, 0x5B, 0x7E, 0x24, 0x37, 0x5D, 0x12, 0xED, 0x64, 0x7E, 0x37, 0x37,
	0x4F, 0x7D, 0x26, 0x7E, 0x17, 0x37, 0x5B, 0x7E, 0x07, 0x37, 0x5D, 0x12,
	0xF1, 0x4D, 0x7A, 0x37, 0x37, 0x53, 0x0E, 0x34, 0x0E, 0x34, 0x7A, 0x37,
	0x37, 0x53, 0x7E, 0xE3, 0x04, 0x18, 0x7E, 0x70, 0x10, 0x7E, 0x27, 0x37,
	0x53, 0xBE, 0x24, 0x00, 0x10, 0x58, 0x02, 0x7C, 0x75, 0x0A, 0x07, 0x7E,
	0x14, 0x00, 0x10, 0x9D, 0x10, 0x7E, 0x63, 0x04, 0x17, 0x0A, 0x06, 0xAD,
	0x10, 0xAC, 0x7E, 0x2D, 0x31, 0x0E, 0x34, 0x0E, 0x34, 0x0E, 0x34, 0x0E,
	0x34, 0x7C, 0xE7, 0xBE, 0xE0, 0x01, 0x50, 0x03, 0x7E, 0xE0, 0x01, 0x1A,
	0x3F, 0x09, 0xB3, 0x0A, 0xAB, 0x60, 0x03, 0x7E, 0xE0, 0x0A, 0xE4, 0x7A,
	0xB3, 0x37, 0x51, 0x7C, 0xBF, 0x7E, 0x37, 0x37, 0x4F, 0x7D, 0x26, 0x0A,
	0x1E, 0x12, 0x9D, 0x65, 0x7C, 0xBF, 0x7E, 0x34, 0x37, 0x5B, 0x7E, 0x24,
	0x37, 0x5D, 0x12, 0xEA, 0x9A, 0x7E, 0x37, 0x37, 0x4F, 0x7D, 0x26, 0x7E,
	0x17, 0x37, 0x5B, 0x7E, 0x07, 0x37, 0x5D, 0x12, 0xF1, 0x4D, 0x7A, 0x37,
	0x37, 0x55, 0x7E, 0xB3, 0x04, 0x44, 0x0A, 0x3B, 0xBE, 0x37, 0x37, 0x55,
	0x18, 0x14, 0x60, 0x12, 0x7E, 0xB3, 0x37, 0x51, 0x04, 0x7A, 0xB3, 0x37,
	0x51, 0x7E, 0x73, 0x37, 0x51, 0xBE, 0x70, 0x06, 0x48, 0xB1, 0x7E, 0xE3,
	0x04, 0x19, 0x7E, 0x73, 0x03, 0xCB, 0x0A, 0x27, 0x7A, 0x27, 0x37, 0x5F,
	0x7E, 0x73, 0x04, 0x46, 0x1A, 0x37, 0xAD, 0x32, 0x7D, 0x23, 0x0E, 0x24,
	0x0E, 0x24, 0x0E, 0x24, 0x7E, 0x37, 0x37, 0x53, 0x9D, 0x32, 0x7A, 0x37,
	0x37, 0x53, 0x7E, 0xB3, 0x37, 0x52, 0x60, 0x23, 0x7E, 0x37, 0x37, 0x5B,
	0x1A, 0x2F, 0x3E, 0x24, 0x59, 0x32, 0x07, 0x4F, 0x7E, 0x37, 0x37, 0x5D,
	0x1A, 0x2F, 0x3E, 0x24, 0x59, 0x32, 0x07, 0x63, 0x74, 0x02, 0x1A, 0x3F,
	0x19, 0xB3, 0x07, 0x77, 0x02, 0x33, 0xB6, 0x4C, 0xEE, 0x78, 0x03, 0x02,
	0x33, 0xB6, 0x1A, 0x3F, 0x09, 0x53, 0x07, 0x77, 0xBE, 0x50, 0x01, 0x28,
	0x5A, 0x7E, 0xA3, 0x04, 0x45, 0x7C, 0xBA, 0x54, 0x0F, 0x0A, 0x1B, 0x7E,
	0x27, 0x37, 0x5F, 0x9D, 0x21, 0x7A, 0x27, 0x37, 0x5F, 0x7C, 0xBA, 0xC4,
	0x54, 0x0F, 0x7C, 0xAB, 0x7E, 0x07, 0x37, 0x5F, 0xBE, 0x04, 0x00, 0x00,
	0x08, 0x35, 0x4C, 0xAA, 0x68, 0x31, 0x7E, 0xB3, 0x03, 0xB7, 0xBE, 0xB0,
	0x01, 0x38, 0x28, 0x0A, 0x2E, 0x7A, 0x27, 0x37, 0x55, 0x0A, 0x1A, 0xAD,
	0x10, 0x7D, 0x21, 0x2E, 0x27, 0x37, 0x55, 0x7A, 0x27, 0x37, 0x55, 0xBE,
	0x24, 0x00, 0xFF, 0x08, 0x08, 0x7E, 0x24, 0x00, 0xFF, 0x7A, 0x27, 0x37,
	0x55, 0x7E, 0x27, 0x37, 0x55, 0x7C, 0xE5, 0x7E, 0x53, 0x04, 0x00, 0x2C,
	0xE5, 0x3E, 0x34, 0x49, 0x33, 0x07, 0x4F, 0x7A, 0x37, 0x37, 0x57, 0x1A,
	0x3F, 0x3E, 0x34, 0x49, 0x33, 0x07, 0x63, 0x7A, 0x37, 0x37, 0x59, 0x7E,
	0x37, 0x37, 0x57, 0x7E, 0x27, 0x37, 0x59, 0x12, 0xDD, 0x33, 0x0A, 0x3B,
	0x4D, 0x33, 0x68, 0x0D, 0x7E, 0x73, 0x03, 0xCA, 0xBE, 0x70, 0x14, 0x28,
	0x04, 0x1E, 0xE0, 0x1E, 0xE0, 0x7E, 0x37, 0x37, 0x5B, 0x7E, 0x27, 0x37,
	0x5D, 0x7E, 0x17, 0x37, 0x57, 0x7E, 0x07, 0x37, 0x59, 0x12, 0xF1, 0x4D,
	0x7D, 0x23, 0x1A, 0x4F, 0x09, 0x74, 0x07, 0x77, 0x7C, 0xBE, 0xAC, 0xB7,
	0xBD, 0x52, 0x48, 0x03, 0x02, 0x33, 0xA6, 0x7E, 0x60, 0x02, 0x7C, 0xBE,
	0xAC, 0xB6, 0xBD, 0x52, 0x58, 0x12, 0xA5, 0xBF, 0x01, 0x0E, 0x7E, 0x37,
	0x37, 0x5B, 0x7A, 0x37, 0x37, 0x57, 0x7E, 0x37, 0x37, 0x5D, 0x80, 0x52,
	0x7E, 0x37, 0x37, 0x57, 0x1A, 0x26, 0x1A, 0x24, 0x7E, 0x14, 0x00, 0x03,
	0x12, 0x8C, 0xCB, 0x7E, 0x17, 0x37, 0x5B, 0x1A, 0x02, 0x1A, 0x00, 0x2F,
	0x10, 0x74, 0x02, 0x1E, 0x34, 0x0E, 0x24, 0x50, 0x03, 0x4E, 0x60, 0x80,
	0x14, 0x78, 0xF4, 0x7A, 0x37, 0x37, 0x57, 0x7E, 0x37, 0x37, 0x59, 0x1A,
	0x26, 0x1A, 0x24, 0x7E, 0x14, 0x00, 0x03, 0x12, 0x8C, 0xCB, 0x7E, 0x17,
	0x37, 0x5D, 0x1A, 0x02, 0x1A, 0x00, 0x2F, 0x10, 0x74, 0x02, 0x1E, 0x34,
	0x0E, 0x24, 0x50, 0x03, 0x4E, 0x60, 0x80, 0x14, 0x78, 0xF4, 0x7A, 0x37,
	0x37, 0x59, 0x7E, 0x37, 0x37, 0x57, 0x1A, 0x2F, 0x3E, 0x24, 0x59, 0x32,
	0x07, 0x4F, 0x7E, 0x37, 0x37, 0x59, 0x1A, 0x2F, 0x3E, 0x24, 0x59, 0x32,
	0x07, 0x63, 0x74, 0x01, 0x1A, 0x3F, 0x19, 0xB3, 0x07, 0x77, 0x7E, 0x37,
	0x37, 0x57, 0x7A, 0x37, 0x37, 0x5B, 0x7E, 0x37, 0x37, 0x59, 0x7A, 0x37,
	0x37, 0x5D, 0x7C, 0xBF, 0x7E, 0x37, 0x37, 0x5B, 0x7E, 0x27, 0x37, 0x5D,
	0x7E, 0x14, 0x37, 0x57, 0x7E, 0x04, 0x37, 0x59, 0x12, 0xC6, 0x02, 0x7C,
	0xBF, 0x7E, 0x37, 0x37, 0x5B, 0x7E, 0x27, 0x37, 0x5D, 0x12, 0xE7, 0x59,
	0xDA, 0x3B, 0x22, 0xCA, 0x3B, 0x7C, 0xFB, 0x7E, 0xB3, 0x03, 0xBB, 0x70,
	0x05, 0xE4, 0x7A, 0xB3, 0x03, 0xF9, 0x7E, 0x73, 0x03, 0xB7, 0xBE, 0x70,
	0x03, 0x50, 0x08, 0x7E, 0xB3, 0x04, 0x73, 0x54, 0x7C, 0x78, 0x06, 0x74,
	0x01, 0x7A, 0xB3, 0x03, 0xF9, 0x7E, 0xB3, 0x04, 0x31, 0xB4, 0xFF, 0x0F,
	0x7E, 0xB3, 0x03, 0xF9, 0x60, 0x09, 0x74, 0x03, 0x7A, 0xB3, 0x03, 0xF9,
	0x02, 0x37, 0x36, 0x7E, 0xB3, 0x03, 0xFA, 0x70, 0x03, 0x02, 0x37, 0x36,
	0x6C, 0xEE, 0xE4, 0x1A, 0x3E, 0x19, 0xB3, 0x37, 0x50, 0x0B, 0xE0, 0xBE,
	0xE0, 0x0A, 0x48, 0xF2, 0x7E, 0x64, 0xC1, 0x50, 0x6C, 0xEE, 0x02, 0x35,
	0xDD, 0x09, 0xB6, 0x00, 0x09, 0x60, 0x0B, 0x09, 0xB6, 0x00, 0x0B, 0x54,
	0x03, 0x78, 0x03, 0x02, 0x35, 0xD7, 0xE4, 0x7A, 0xB3, 0x37, 0x5A, 0x7E,
	0x34, 0x00, 0xFF, 0x7A, 0x37, 0x37, 0x4A, 0x7A, 0xB3, 0x37, 0x49, 0x7E,
	0x73, 0x37, 0x49, 0x1A, 0x37, 0x7E, 0x14, 0x00, 0x0E, 0xAD, 0x13, 0x7D,
	0x21, 0x2E, 0x24, 0x08, 0x53, 0x7A, 0x27, 0x37, 0x47, 0x7E, 0x29, 0xB0,
	0x70, 0x03, 0x02, 0x35, 0x74, 0x7E, 0x27, 0x37, 0x47, 0x09, 0xB2, 0x00,
	0x01, 0xB4, 0x01, 0x22, 0x09, 0xB6, 0x00, 0x09, 0x60, 0x03, 0x02, 0x35,
	0x74, 0x09, 0x56, 0x00, 0x08, 0xBE, 0x53, 0x04, 0x31, 0x40, 0x03, 0x02,
	0x35, 0x74, 0x09, 0xB3, 0x07, 0x27, 0xB4, 0x02, 0x02, 0x80, 0x03, 0x02,
	0x35, 0x74, 0x7E, 0x37, 0x37, 0x47, 0x09, 0x73, 0x00, 0x03, 0x7A, 0x73,
	0x37, 0x5B, 0x7E, 0x37, 0x37, 0x47, 0x09, 0x73, 0x00, 0x04, 0x7A, 0x73,
	0x37, 0x5C, 0x7E, 0x37, 0x37, 0x47, 0x09, 0x73, 0x00, 0x05, 0x7A, 0x73,
	0x37, 0x5D, 0x7E, 0x37, 0x37, 0x47, 0x09, 0x73, 0x00, 0x06, 0x7A, 0x73,
	0x37, 0x5E, 0xE4, 0x7A, 0xB3, 0x37, 0x4F, 0x7E, 0x37, 0x37, 0x47, 0x09,
	0xB3, 0x00, 0x02, 0x30, 0xE1, 0x06, 0x74, 0x01, 0x7A, 0xB3, 0x37, 0x4F,
	0x09, 0xB6, 0x00, 0x08, 0xB4, 0x01, 0x09, 0x7E, 0xB3, 0x37, 0x4F, 0x04,
	0x7A, 0xB3, 0x37, 0x4F, 0x7D, 0x36, 0x7E, 0xB3, 0x37, 0x5B, 0x7E, 0x53,
	0x37, 0x5C, 0x7E, 0x43, 0x37, 0x5D, 0x7E, 0x33, 0x37, 0x5E, 0x7E, 0x23,
	0x37, 0x4F, 0x12, 0xD8, 0x86, 0x60, 0x5D, 0x7E, 0xA3, 0x37, 0x49, 0x1A,
	0x3A, 0x09, 0xB3, 0x07, 0x45, 0x0A, 0x3B, 0x09, 0xB6, 0x00, 0x08, 0x0A,
	0x2B, 0x9D, 0x32, 0x7A, 0x37, 0x37, 0x4C, 0xBE, 0x34, 0x00, 0x00, 0x58,
	0x0A, 0x6D, 0x33, 0x9E, 0x37, 0x37, 0x4C, 0x7A, 0x37, 0x37, 0x4C, 0x7E,
	0x37, 0x37, 0x47, 0x09, 0xB3, 0x00, 0x01, 0xB4, 0x01, 0x0A, 0x7E, 0x27,
	0x37, 0x4C, 0xBE, 0x24, 0x00, 0x0A, 0x18, 0x20, 0x7E, 0x47, 0x37, 0x4C,
	0xBE, 0x47, 0x37, 0x4A, 0x58, 0x16, 0x7A, 0x47, 0x37, 0x4A, 0x0A, 0x2B,
	0x3E, 0x24, 0x3E, 0x24, 0x3E, 0x24, 0x3E, 0x24, 0x1A, 0x3A, 0x2D, 0x32,
	0x7A, 0x73, 0x37, 0x5A, 0x7E, 0xB3, 0x37, 0x49, 0x04, 0x7A, 0xB3, 0x37,
	0x49, 0x7E, 0x73, 0x37, 0x49, 0xBE, 0x70, 0x0A, 0x58, 0x03, 0x02, 0x34,
	0x5B, 0x7E, 0xB3, 0x37, 0x5A, 0x60, 0x48, 0x54, 0x30, 0x7A, 0xB3, 0x37,
	0x4E, 0x7D, 0x26, 0x2E, 0x24, 0x00, 0x0B, 0x7E, 0x29, 0x70, 0x4E, 0x73,
	0x37, 0x4E, 0x7A, 0x29, 0x70, 0x7E, 0xB3, 0x37, 0x4E, 0x30, 0xE5, 0x2B,
	0x09, 0xB6, 0x00, 0x09, 0x60, 0x0A, 0x7E, 0xB3, 0x37, 0x5A, 0x24, 0x80,
	0x7A, 0xB3, 0x37, 0x5A, 0x7E, 0x73, 0x37, 0x5A, 0x19, 0x76, 0x00, 0x09,
	0x7E, 0xB3, 0x37, 0x5A, 0x54, 0x0F, 0x0A, 0x3B, 0x2E, 0x34, 0x37, 0x50,
	0x7E, 0x39, 0xB0, 0x04, 0x7A, 0x39, 0xB0, 0x2E, 0x64, 0x00, 0x10, 0x0B,
	0xE0, 0xBC, 0xFE, 0x08, 0x03, 0x02, 0x34, 0x39, 0x6C, 0xEE, 0x1A, 0x3E,
	0x09, 0xB3, 0x37, 0x50, 0x60, 0x79, 0x7E, 0x64, 0xC1, 0x50, 0x9F, 0x11,
	0x7A, 0x37, 0x37, 0x45, 0xE4, 0x80, 0x62, 0x09, 0xB6, 0x00, 0x09, 0x7A,
	0xB3, 0x37, 0x5A, 0x54, 0x30, 0x7A, 0xB3, 0x37, 0x4E, 0x68, 0x49, 0x7E,
	0xB3, 0x37, 0x5A, 0x54, 0x0F, 0xBC, 0xBE, 0x78, 0x3F, 0xE4, 0x19, 0xB6,
	0x00, 0x09, 0x7E, 0xB3, 0x37, 0x5A, 0x30, 0xE7, 0x10, 0x1A, 0x3E, 0x09,
	0x73, 0x37, 0x50, 0xBE, 0x70, 0x01, 0x28, 0x05, 0xE4, 0x19, 0xB6, 0x00,
	0x08, 0x7E, 0x37, 0x37, 0x45, 0x4D, 0x33, 0x78, 0x06, 0x7A, 0x67, 0x37,
	0x45, 0x80, 0x15, 0x7D, 0x26, 0x12, 0xAD, 0xF1, 0x7E, 0x37, 0x37, 0x45,
	0x2E, 0x34, 0x00, 0x0B, 0x7E, 0x39, 0xB0, 0x44, 0x80, 0x7A, 0x39, 0xB0,
	0x2E, 0x64, 0x00, 0x10, 0x7E, 0xB3, 0x37, 0x49, 0x04, 0x7A, 0xB3, 0x37,
	0x49, 0xBE, 0xF3, 0x37, 0x49, 0x18, 0x94, 0x0B, 0xE0, 0xBE, 0xE0, 0x0A,
	0x58, 0x03, 0x02, 0x35, 0xE6, 0x7E, 0xB3, 0x04, 0x73, 0x54, 0x03, 0x7A,
	0xB3, 0x37, 0x4F, 0x78, 0x03, 0x02, 0x37, 0x36, 0x7E, 0x73, 0x04, 0x72,
	0x3E, 0x70, 0x0A, 0x37, 0x7A, 0x37, 0x37, 0x5F, 0x7E, 0x64, 0xC1, 0x50,
	0x6C, 0xEE, 0x02, 0x37, 0x2F, 0x09, 0xB6, 0x00, 0x0B, 0x54, 0x30, 0x7A,
	0xB3, 0x37, 0x4E, 0x09, 0xB6, 0x00, 0x09, 0x60, 0x03, 0x02, 0x37, 0x29,
	0x7E, 0xB3, 0x37, 0x4E, 0x30, 0xE5, 0x7A, 0x7E, 0x34, 0xC1, 0x50, 0x7A,
	0x37, 0x37, 0x45, 0xE4, 0x80, 0x65, 0x7E, 0x17, 0x37, 0x45, 0x09, 0xB1,
	0x00, 0x09, 0x70, 0x4A, 0x09, 0xB1, 0x00, 0x0B, 0x54, 0x30, 0x78, 0x42,
	0x09, 0x71, 0x00, 0x08, 0xBE, 0x73, 0x04, 0x31, 0x50, 0x38, 0x7E, 0xB3,
	0x37, 0x4E, 0xBE, 0xB0, 0x30, 0x68, 0x0A, 0x49, 0x01, 0x00, 0x02, 0xBE,
	0x07, 0x37, 0x5F, 0x58, 0x25, 0x7D, 0x36, 0x09, 0xB1, 0x00, 0x04, 0x09,
	0x51, 0x00, 0x05, 0x09, 0x41, 0x00, 0x06, 0x09, 0x31, 0x00, 0x07, 0x7E,
	0x23, 0x37, 0x4F, 0x12, 0xD8, 0x86, 0x60, 0x0A, 0x74, 0x01, 0x7E, 0x37,
	0x37, 0x45, 0x19, 0xB3, 0x00, 0x09, 0x7E, 0x37, 0x37, 0x45, 0x2E, 0x34,
	0x00, 0x10, 0x7A, 0x37, 0x37, 0x45, 0x7E, 0xB3, 0x37, 0x49, 0x04, 0x7A,
	0xB3, 0x37, 0x49, 0xBE, 0xF3, 0x37, 0x49, 0x18, 0x91, 0x2E, 0x64, 0x00,
	0x10, 0x0B, 0xE0, 0xBC, 0xFE, 0x08, 0x03, 0x02, 0x36, 0x95, 0xDA, 0x3B,
	0x22, 0xCA, 0x3B, 0x7C, 0xFB, 0x7F, 0x61, 0x7F, 0x50, 0x9F, 0x77, 0x6D,
	0x33, 0x7A, 0x37, 0x38, 0xEF, 0x7E, 0x73, 0x37, 0x22, 0x7A, 0x73, 0x38,
	0xF5, 0x0A, 0x3F, 0x1B, 0x34, 0x7A, 0x73, 0x38, 0xF6, 0x7E, 0x73, 0x2E,
	0x57, 0xBC, 0x7F, 0x78, 0x08, 0x74, 0x01, 0x7A, 0xB3, 0x38, 0xF4, 0x80,
	0x08, 0x7E, 0x73, 0x37, 0x11, 0x7A, 0x73, 0x38, 0xF4, 0x6C, 0xEE, 0x02,
	0x38, 0x83, 0x7A, 0xE3, 0x38, 0x29, 0x6D, 0x00, 0x6D, 0x44, 0x7E, 0x73,
	0x38, 0xF4, 0x0A, 0x97, 0x0A, 0x3F, 0x9D, 0x39, 0x7E, 0x23, 0x38, 0x29,
	0x0A, 0x52, 0xBD, 0x53, 0x18, 0x35, 0xE4, 0x80, 0x22, 0x7E, 0x33, 0x38,
	0x29, 0x7E, 0x70, 0x02, 0x7C, 0xB3, 0xAC, 0xB7, 0x7E, 0x1F, 0x38, 0x1C,
	0x2D, 0x35, 0x0B, 0x1A, 0x50, 0x2D, 0x45, 0x7C, 0xB3, 0x04, 0x7A, 0xB3,
	0x38, 0x29, 0x7E, 0xB3, 0x38, 0x28, 0x04, 0x7A, 0xB3, 0x38, 0x28, 0x7E,
	0x73, 0x38, 0xF4, 0xBE, 0x73, 0x38, 0x28, 0x38, 0xD0, 0x80, 0x4F, 0x7A,
	0x23, 0x38, 0x28, 0xE4, 0x7A, 0xB3, 0x38, 0x2A, 0x80, 0x2F, 0x7E, 0x33,
	0x38, 0x29, 0x7E, 0x70, 0x02, 0x7C, 0xB3, 0xAC, 0xB7, 0x7E, 0x1F, 0x38,
	0x1C, 0x2D, 0x35, 0x0B, 0x1A, 0x50, 0x2D, 0x45, 0x7C, 0xB3, 0x04, 0x7A,
	0xB3, 0x38, 0x29, 0x7E, 0xB3, 0x38, 0x2A, 0x04, 0x7A, 0xB3, 0x38, 0x2A,
	0x7E, 0xB3, 0x38, 0x28, 0x04, 0x7A, 0xB3, 0x38, 0x28, 0xBE, 0xF3, 0x38,
	0x28, 0x38, 0xCB, 0x7E, 0x73, 0x38, 0x2A, 0x0A, 0x27, 0x7D, 0x34, 0x12,
	0x8C, 0x88, 0xAD, 0x39, 0x7D, 0x43, 0xBE, 0x44, 0x00, 0x00, 0x58, 0x02,
	0x7D, 0x40, 0x74, 0x02, 0x7C, 0x3E, 0xAC, 0x3B, 0x59, 0x41, 0x38, 0x2D,
	0x4C, 0xEE, 0x78, 0x0E, 0x49, 0x31, 0x38, 0x2D, 0x1A, 0x26, 0x1A, 0x24,
	0x74, 0x04, 0xAC, 0xBE, 0x80, 0x16, 0x49, 0x11, 0x38, 0x2D, 0x1A, 0x02,
	0x1A, 0x00, 0x74, 0x04, 0xAC, 0xBE, 0x49, 0x35, 0x38, 0x6B, 0x49, 0x25,
	0x38, 0x69, 0x2F, 0x10, 0x59, 0x35, 0x38, 0x6F, 0x59, 0x25, 0x38, 0x6D,
	0x74, 0x02, 0xAC, 0xBE, 0x49, 0x85, 0x38, 0x2D, 0x7D, 0x18, 0x1A, 0x02,
	0x1A, 0x00, 0x0A, 0x3E, 0x6D, 0x22, 0x0B, 0x1C, 0x12, 0x8C, 0xBA, 0x2F,
	0x71, 0x7E, 0x73, 0x2E, 0x56, 0xBC, 0x7F, 0x78, 0x08, 0x74, 0x02, 0xAC,
	0xBE, 0x59, 0x85, 0x31, 0xA1, 0x0B, 0xE0, 0xBC, 0xFE, 0x28, 0x03, 0x02,
	0x37, 0x76, 0x7E, 0x93, 0x38, 0xF5, 0x0A, 0x09, 0x7E, 0xB3, 0x38, 0xF6,
	0x0A, 0x1B, 0x9D, 0x10, 0x3E, 0x14, 0x3E, 0x14, 0x49, 0x31, 0x38, 0x6F,
	0x49, 0x21, 0x38, 0x6D, 0x7E, 0x30, 0x04, 0xAC, 0xB3, 0x49, 0x95, 0x38,
	0x6F, 0x49, 0x85, 0x38, 0x6D, 0x7F, 0x04, 0x9F, 0x01, 0x7E, 0x70, 0x04,
	0x7C, 0xB9, 0xAC, 0xB7, 0x49, 0x35, 0x38, 0x6B, 0x49, 0x25, 0x38, 0x69,
	0x2F, 0x10, 0x7A, 0x1F, 0x38, 0xF7, 0xBE, 0x48, 0x00, 0x00, 0x68, 0x16,
	0x7E, 0x14, 0x00, 0x64, 0x7F, 0x17, 0x12, 0x8C, 0xCB, 0x7F, 0x04, 0x12,
	0x8D, 0x27, 0x9E, 0x34, 0x00, 0x64, 0x7A, 0x37, 0x38, 0xEF, 0x7F, 0x14,
	0x1E, 0x34, 0x0E, 0x24, 0x50, 0x03, 0x4E, 0x60, 0x80, 0x7F, 0x71, 0x7E,
	0x73, 0x38, 0xF6, 0x0A, 0x37, 0x7A, 0x37, 0x38, 0xED, 0x7E, 0x73, 0x38,
	0xF6, 0x7E, 0xD0, 0x64, 0xAC, 0xD7, 0x6C, 0xEE, 0x80, 0x76, 0x7E, 0x70,
	0x04, 0x7C, 0xBE, 0xAC, 0xB7, 0x49, 0x95, 0x38, 0x6F, 0x49, 0x85, 0x38,
	0x6D, 0xBF, 0x47, 0x48, 0x61, 0x4C, 0xEE, 0x78, 0x04, 0x6D, 0x66, 0x80,
	0x46, 0x49, 0x15, 0x38, 0x6B, 0x49, 0x05, 0x38, 0x69, 0xBF, 0x04, 0x68,
	0x35, 0x7F, 0x17, 0x9F, 0x10, 0x7E, 0x64, 0x00, 0x64, 0x7D, 0x16, 0x12,
	0x8C, 0xCB, 0x49, 0x95, 0x38, 0x6B, 0x49, 0x85, 0x38, 0x69, 0x49, 0x15,
	0x38, 0x6F, 0x49, 0x05, 0x38, 0x6D, 0x9F, 0x04, 0x12, 0x8D, 0x27, 0x7D,
	0x53, 0x0A, 0x3E, 0x6D, 0x22, 0x1B, 0x1C, 0x7D, 0x16, 0x12, 0x8C, 0xCB,
	0x7D, 0x63, 0x2D, 0x65, 0x80, 0x05, 0x7E, 0xD0, 0x64, 0xAC, 0xDE, 0x7D,
	0x36, 0x2E, 0x34, 0x00, 0x32, 0x7E, 0x24, 0x00, 0x64, 0x12, 0x8C, 0x88,
	0x7A, 0x37, 0x38, 0xED, 0x80, 0x0A, 0x0B, 0xE0, 0x7E, 0x73, 0x38, 0xF6,
	0xBC, 0x7E, 0x38, 0x82, 0x7E, 0x47, 0x38, 0xEF, 0xBD, 0x46, 0x48, 0x0B,
	0xE4, 0x7A, 0xB3, 0x38, 0xF2, 0x7E, 0x37, 0x38, 0xED, 0x80, 0x0C, 0x7E,
	0x37, 0x38, 0xED, 0x7A, 0x73, 0x38, 0xF2, 0x7E, 0x73, 0x38, 0xF6, 0x7A,
	0x73, 0x38, 0xF3, 0x7E, 0x34, 0xFF, 0xFF, 0x7A, 0x37, 0x38, 0x2B, 0x7E,
	0xE3, 0x38, 0xF2, 0x80, 0x18, 0x74, 0x02, 0xAC, 0xBE, 0x49, 0x25, 0x38,
	0x2D, 0xBE, 0x27, 0x38, 0x2B, 0x08, 0x08, 0x7A, 0x27, 0x38, 0x2B, 0x7A,
	0xE3, 0x38, 0xF1, 0x0B, 0xE0, 0x7E, 0x73, 0x38, 0xF3, 0xBC, 0x7E, 0x50,
	0xE0, 0xBD, 0x46, 0x48, 0x11, 0x7E, 0x70, 0x64, 0xAC, 0x7F, 0x0E, 0x34,
	0xBE, 0x37, 0x38, 0xEF, 0x08, 0x04, 0x74, 0x01, 0x80, 0x01, 0xE4, 0x7E,
	0x1F, 0x38, 0x20, 0x7A, 0x1B, 0xB0, 0x7E, 0xB3, 0x38, 0xF6, 0x7E, 0x70,
	0x04, 0xAC, 0xB7, 0x49, 0x35, 0x38, 0x6F, 0x49, 0x25, 0x38, 0x6D, 0x7F,
	0x01, 0x1E, 0x14, 0x0E, 0x04, 0x50, 0x03, 0x4E, 0x20, 0x80, 0x7E, 0x1F,
	0x38, 0xF7, 0xBF, 0x10, 0x08, 0x1C, 0x7E, 0x73, 0x38, 0xF5, 0xBE, 0x73,
	0x38, 0xF1, 0x38, 0x0E, 0x0A, 0x37, 0x0A, 0x2F, 0x9D, 0x23, 0x7E, 0x73,
	0x38, 0xF1, 0xBD, 0x32, 0x48, 0x04, 0x74, 0x01, 0x80, 0x01, 0xE4, 0x7E,
	0x1F, 0x38, 0x24, 0x7A, 0x1B, 0xB0, 0x7E, 0x37, 0x38, 0x2B, 0x1B, 0x5A,
	0x30, 0x7E, 0x73, 0x38, 0xF1, 0x7A, 0x6B, 0x70, 0xDA, 0x3B, 0x22, 0xCA,
	0x3B, 0x7D, 0x60, 0x7A, 0x17, 0x37, 0x32, 0x7A, 0x27, 0x37, 0x30, 0x7D,
	0x73, 0x7E, 0x24, 0x00, 0x0A, 0x12, 0xF2, 0xA4, 0xE4, 0x7A, 0xB3, 0x37,
	0x35, 0x7A, 0xB3, 0x37, 0x34, 0x7E, 0x73, 0x37, 0x34, 0x1A, 0x47, 0x7E,
	0x34, 0x00, 0x0B, 0xAD, 0x34, 0x7D, 0x53, 0x2E, 0x54, 0x09, 0x83, 0x7A,
	0x57, 0x37, 0x47, 0x09, 0xA4, 0x07, 0x27, 0xBE, 0xA0, 0x02, 0x50, 0x03,
	0x02, 0x3D, 0x40, 0x09, 0xB4, 0x07, 0x81, 0x7A, 0xB3, 0x37, 0x43, 0xBE,
	0xB0, 0x00, 0x58, 0x10, 0xBE, 0xA0, 0x05, 0x68, 0x03, 0x02, 0x3D, 0x40,
	0xE4, 0x19, 0xB4, 0x07, 0x27, 0x02, 0x3D, 0x40, 0x09, 0xB4, 0x08, 0x49,
	0x20, 0xE7, 0x06, 0x7E, 0xB3, 0x03, 0xE2, 0x60, 0x08, 0xE4, 0x7A, 0xB3,
	0x37, 0x42, 0x02, 0x3D, 0x18, 0x7E, 0xB3, 0x37, 0x43, 0x1A, 0x3B, 0x2D,
	0x37, 0x7A, 0x37, 0x37, 0x44, 0xBE, 0xA0, 0x05, 0x78, 0x66, 0x7E, 0x37,
	0x37, 0x47, 0x7E, 0x39, 0xB0, 0xB4, 0x08, 0x48, 0x74, 0x01, 0x7E, 0x37,
	0x37, 0x44, 0x7A, 0x39, 0xB0, 0x7E, 0x37, 0x37, 0x47, 0x09, 0xB3, 0x00,
	0x02, 0xB4, 0x01, 0x12, 0x49, 0x33, 0x00, 0x03, 0x7A, 0x37, 0x37, 0x3D,
	0x7E, 0x37, 0x37, 0x47, 0x49, 0x33, 0x00, 0x05, 0x80, 0x1C, 0x7E, 0x73,
	0x37, 0x34, 0x1A, 0x37, 0x3E, 0x34, 0x49, 0x33, 0x06, 0x91, 0x7A, 0x37,
	0x37, 0x3D, 0x7E, 0x73, 0x37, 0x34, 0x1A, 0x37, 0x3E, 0x34, 0x49, 0x33,
	0x06, 0xA5, 0x7A, 0x37, 0x37, 0x3F, 0x80, 0x7E, 0xE4, 0x7E, 0x37, 0x37,
	0x44, 0x7A, 0x39, 0xB0, 0x7E, 0xA3, 0x37, 0x34, 0x1A, 0x3A, 0x19, 0xB3,
	0x07, 0x27, 0x80, 0x6A, 0x74, 0x01, 0x7E, 0x37, 0x37, 0x44, 0x7A, 0x39,
	0xB0, 0x7E, 0x73, 0x37, 0x34, 0x1A, 0x47, 0x09, 0xA4, 0x07, 0x27, 0xBE,
	0xA0, 0x03, 0x78, 0x44, 0x7E, 0xB3, 0x04, 0x70, 0x30, 0xE5, 0x02, 0x80,
	0x40, 0x7E, 0xB3, 0x04, 0x2B, 0x0A, 0x3B, 0x1B, 0x34, 0x7A, 0x73, 0x37,
	0x3C, 0x7E, 0xB3, 0x05, 0x30, 0x2E, 0xB3, 0x37, 0x3C, 0x7A, 0xB3, 0x37,
	0x3C, 0xBE, 0xB0, 0x02, 0x28, 0x06, 0x74, 0x02, 0x7A, 0xB3, 0x37, 0x3C,
	0x09, 0xB4, 0x07, 0x1D, 0xBE, 0xB3, 0x37, 0x3C, 0x50, 0x04, 0x74, 0x03,
	0x80, 0x11, 0x74, 0x04, 0x19, 0xB4, 0x07, 0x27, 0x74, 0x02, 0x80, 0x07,
	0xBE, 0xA0, 0x04, 0x78, 0x09, 0x74, 0x03, 0x7E, 0x37, 0x37, 0x44, 0x7A,
	0x39, 0xB0, 0x7E, 0x73, 0x37, 0x34, 0x1A, 0x27, 0x09, 0x72, 0x07, 0x27,
	0xBE, 0x70, 0x04, 0x50, 0x16, 0xBE, 0x70, 0x02, 0x40, 0x11, 0x7E, 0xB3,
	0x37, 0x34, 0x7E, 0x34, 0x37, 0x3D, 0x7E, 0x24, 0x37, 0x3F, 0x12, 0xED,
	0x64, 0x80, 0x2F, 0x7E, 0x73, 0x37, 0x34, 0x1A, 0x37, 0x09, 0xB3, 0x07,
	0x27, 0xBE, 0xB0, 0x05, 0x68, 0x20, 0x7E, 0x73, 0x37, 0x34, 0x1A, 0x37,
	0x3E, 0x34, 0x49, 0x33, 0x06, 0x91, 0x7A, 0x37, 0x37, 0x3D, 0x7E, 0x73,
	0x37, 0x34, 0x1A, 0x37, 0x3E, 0x34, 0x49, 0x33, 0x06, 0xA5, 0x7A, 0x37,
	0x37, 0x3F, 0x7E, 0x33, 0x04, 0x1C, 0x7A, 0x33, 0x37, 0x36, 0x7E, 0x23,
	0x04, 0x1D, 0x7A, 0x23, 0x37, 0x37, 0x7E, 0x23, 0x04, 0x1E, 0x7A, 0x23,
	0x37, 0x38, 0x7E, 0x73, 0x04, 0x1F, 0x7A, 0x73, 0x37, 0x39, 0x7E, 0x13,
	0x04, 0x20, 0x7A, 0x13, 0x37, 0x3A, 0x7E, 0x03, 0x04, 0x21, 0x7A, 0x03,
	0x37, 0x3B, 0x7E, 0xB3, 0x05, 0x17, 0x7A, 0xB3, 0x37, 0x46, 0x7E, 0x37,
	0x04, 0x22, 0x7A, 0x37, 0x37, 0x89, 0x7E, 0x03, 0x04, 0x27, 0x7A, 0x03,
	0x37, 0x8C, 0x7E, 0x34, 0x37, 0x41, 0x7A, 0x37, 0x37, 0x8D, 0x7E, 0x37,
	0x37, 0x3D, 0x7E, 0x27, 0x05, 0x1C, 0x7E, 0x03, 0x04, 0x26, 0x12, 0x84,
	0x66, 0x7D, 0x23, 0x7E, 0x73, 0x37, 0x43, 0x1A, 0x37, 0x3E, 0x34, 0x2E,
	0x37, 0x37, 0x30, 0x1B, 0x38, 0x20, 0x7E, 0xB3, 0x37, 0x41, 0xB4, 0x01,
	0x12, 0xE4, 0x7E, 0xA3, 0x37, 0x34, 0x1A, 0x3A, 0x19, 0xB3, 0x07, 0x27,
	0x7E, 0x37, 0x37, 0x44, 0x7A, 0x39, 0xB0, 0x7E, 0xB3, 0x05, 0x18, 0x7A,
	0xB3, 0x37, 0x46, 0x7E, 0x37, 0x04, 0x24, 0x7A, 0x37, 0x37, 0x89, 0x7E,
	0xA3, 0x04, 0x29, 0x7A, 0xA3, 0x37, 0x8C, 0x7E, 0x34, 0x37, 0x41, 0x7A,
	0x37, 0x37, 0x8D, 0x7E, 0x37, 0x37, 0x3F, 0x7E, 0x27, 0x05, 0x1E, 0x7E,
	0x33, 0x37, 0x37, 0x7E, 0x23, 0x37, 0x39, 0x7E, 0x13, 0x37, 0x3B, 0x7E,
	0x03, 0x04, 0x28, 0x12, 0x84, 0x66, 0x7D, 0x23, 0x7E, 0x73, 0x37, 0x43,
	0x1A, 0x37, 0x3E, 0x34, 0x2E, 0x37, 0x37, 0x32, 0x1B, 0x38, 0x20, 0x7E,
	0xB3, 0x37, 0x41, 0xB4, 0x01, 0x12, 0xE4, 0x7E, 0xA3, 0x37, 0x34, 0x1A,
	0x3A, 0x19, 0xB3, 0x07, 0x27, 0x7E, 0x37, 0x37, 0x44, 0x7A, 0x39, 0xB0,
	0x7E, 0x73, 0x37, 0x34, 0x1A, 0x37, 0x09, 0x53, 0x07, 0x45, 0x7E, 0x43,
	0x37, 0x43, 0x1A, 0x34, 0x2D, 0x36, 0x7A, 0x39, 0x50, 0x7E, 0x37, 0x37,
	0x47, 0x7E, 0x39, 0x70, 0xBE, 0x70, 0x06, 0x50, 0x08, 0xE4, 0x7E, 0x37,
	0x37, 0x44, 0x7A, 0x39, 0xB0, 0x7E, 0x37, 0x37, 0x44, 0x7E, 0x39, 0x70,
	0x7A, 0x73, 0x37, 0x42, 0x7E, 0xB3, 0x37, 0x42, 0x60, 0x0B, 0x7E, 0xB3,
	0x37, 0x35, 0x04, 0x7A, 0xB3, 0x37, 0x35, 0x80, 0x17, 0xE4, 0x7E, 0xA3,
	0x37, 0x43, 0x1A, 0x3A, 0x19, 0xB3, 0x07, 0x8B, 0x74, 0xFE, 0x7E, 0xA3,
	0x37, 0x34, 0x1A, 0x3A, 0x19, 0xB3, 0x07, 0x81, 0x7E, 0xB3, 0x37, 0x34,
	0x04, 0x7A, 0xB3, 0x37, 0x34, 0x7E, 0x73, 0x37, 0x34, 0xBE, 0x70, 0x0A,
	0x58, 0x03, 0x02, 0x3A, 0x6D, 0x7E, 0x73, 0x37, 0x35, 0x1A, 0x37, 0xDA,
	0x3B, 0x22, 0xCA, 0xD8, 0xCA, 0x79, 0x7D, 0x73, 0x7E, 0xB3, 0x2D, 0x82,
	0x54, 0x0F, 0x7A, 0xB3, 0x2D, 0x70, 0x7E, 0x73, 0x2D, 0x70, 0xBE, 0x70,
	0x03, 0x38, 0x03, 0x02, 0x3E, 0x30, 0x6C, 0xDD, 0x7E, 0x37, 0x2D, 0xE1,
	0x09, 0xB3, 0x00, 0x06, 0x60, 0x13, 0x7E, 0x37, 0x2D, 0xE1, 0x09, 0x73,
	0x00, 0x06, 0x0A, 0x37, 0xBE, 0x37, 0x2D, 0x14, 0x38, 0x03, 0x7E, 0xD0,
	0x01, 0x7E, 0x37, 0x2D, 0xE1, 0x09, 0xB3, 0x00, 0x07, 0x60, 0x13, 0x7E,
	0x37, 0x2D, 0xE1, 0x09, 0x73, 0x00, 0x07, 0x0A, 0x37, 0xBE, 0x37, 0x2D,
	0x14, 0x38, 0x03, 0x7E, 0xD0, 0x02, 0xBE, 0xD3, 0x2D, 0x6E, 0x40, 0x0B,
	0x7A, 0xD3, 0x2D, 0x6E, 0xE4, 0x7A, 0xB3, 0x2D, 0x6F, 0x80, 0x3E, 0x7E,
	0xB3, 0x2D, 0x6F, 0x04, 0x7A, 0xB3, 0x2D, 0x6F, 0x7E, 0xB3, 0x2D, 0x6E,
	0xB4, 0x01, 0x13, 0x7E, 0x73, 0x2D, 0x6F, 0xBE, 0x70, 0x20, 0x40, 0x0A,
	0xE4, 0x7A, 0xB3, 0x2D, 0x6F, 0xE4, 0x7A, 0xB3, 0x2D, 0x6E, 0x7E, 0xB3,
	0x2D, 0x6E, 0xB4, 0x02, 0x14, 0x7E, 0x73, 0x2D, 0x6F, 0xBE, 0x70, 0x04,
	0x40, 0x0B, 0xE4, 0x7A, 0xB3, 0x2D, 0x6F, 0x74, 0x01, 0x7A, 0xB3, 0x2D,
	0x6E, 0xE4, 0x7A, 0xB3, 0x2D, 0x70, 0x7E, 0xB3, 0x2D, 0x6D, 0x60, 0x06,
	0x74, 0x01, 0x7A, 0xB3, 0x2D, 0x70, 0x7E, 0xB3, 0x2D, 0x6E, 0xB4, 0x01,
	0x06, 0x74, 0x02, 0x7A, 0xB3, 0x2D, 0x70, 0x7E, 0xB3, 0x2D, 0x6E, 0xB4,
	0x02, 0x06, 0x74, 0x03, 0x7A, 0xB3, 0x2D, 0x70, 0x7E, 0xB3, 0x2D, 0x82,
	0xC4, 0x54, 0x0F, 0x7C, 0xDB, 0xBE, 0xD0, 0x03, 0x50, 0x07, 0x7A, 0xD3,
	0x2D, 0x7E, 0x02, 0x3F, 0x04, 0x6C, 0xDD, 0x7E, 0xB3, 0x2D, 0x80, 0x60,
	0x03, 0x7E, 0xD0, 0x01, 0x7E, 0x37, 0x2D, 0xE1, 0x09, 0xB3, 0x00, 0x2F,
	0x60, 0x13, 0x7E, 0x37, 0x2D, 0xE1, 0x09, 0x73, 0x00, 0x2F, 0x0A, 0x37,
	0xBE, 0x37, 0x2D, 0x14, 0x38, 0x03, 0x7E, 0xD0, 0x01, 0x7E, 0x37, 0x2D,
	0xE1, 0x09, 0xB3, 0x00, 0x30, 0x60, 0x13, 0x7E, 0x37, 0x2D, 0xE1, 0x09,
	0x73, 0x00, 0x30, 0x0A, 0x37, 0xBE, 0x37, 0x2D, 0x14, 0x38, 0x03, 0x7E,
	0xD0, 0x02, 0xBE, 0xD3, 0x2D, 0x7E, 0x40, 0x0B, 0x7A, 0xD3, 0x2D, 0x7E,
	0xE4, 0x7A, 0xB3, 0x2D, 0x7F, 0x80, 0x3E, 0x7E, 0xB3, 0x2D, 0x7F, 0x04,
	0x7A, 0xB3, 0x2D, 0x7F, 0x7E, 0xB3, 0x2D, 0x7E, 0xB4, 0x01, 0x13, 0x7E,
	0x73, 0x2D, 0x7F, 0xBE, 0x70, 0x20, 0x40, 0x0A, 0xE4, 0x7A, 0xB3, 0x2D,
	0x7F, 0xE4, 0x7A, 0xB3, 0x2D, 0x7E, 0x7E, 0xB3, 0x2D, 0x7E, 0xB4, 0x02,
	0x14, 0x7E, 0x73, 0x2D, 0x7F, 0xBE, 0x70, 0x02, 0x40, 0x0B, 0xE4, 0x7A,
	0xB3, 0x2D, 0x7F, 0x74, 0x01, 0x7A, 0xB3, 0x2D, 0x7E, 0xE4, 0x7A, 0xB3,
	0x2D, 0x81, 0x7E, 0xB3, 0x2D, 0x80, 0x60, 0x06, 0x74, 0x01, 0x7A, 0xB3,
	0x2D, 0x81, 0x7E, 0xB3, 0x2D, 0x7E, 0xB4, 0x01, 0x06, 0x74, 0x02, 0x7A,
	0xB3, 0x2D, 0x81, 0x7E, 0xB3, 0x2D, 0x7E, 0xB4, 0x02, 0x06, 0x74, 0x03,
	0x7A, 0xB3, 0x2D, 0x81, 0x4D, 0x77, 0x78, 0x03, 0x02, 0x40, 0x61, 0x09,
	0x77, 0x00, 0x11, 0x7A, 0x73, 0x2D, 0x84, 0x09, 0xB7, 0x00, 0x12, 0x60,
	0x0A, 0x7E, 0x37, 0x2D, 0x87, 0x0B, 0x34, 0x7A, 0x37, 0x2D, 0x87, 0x09,
	0xB7, 0x00, 0x10, 0x60, 0x0A, 0x7E, 0x37, 0x2D, 0x85, 0x0B, 0x34, 0x7A,
	0x37, 0x2D, 0x85, 0x7D, 0x37, 0x7E, 0x24, 0x00, 0x16, 0x12, 0xF2, 0x4B,
	0x7E, 0xB3, 0x2D, 0x70, 0x70, 0x03, 0x02, 0x40, 0x11, 0xBE, 0xB0, 0x03,
	0x68, 0x04, 0x6C, 0x77, 0x80, 0x03, 0x7E, 0x70, 0x01, 0x0A, 0x27, 0x2E,
	0x27, 0x2D, 0xE1, 0x2E, 0x24, 0x00, 0x14, 0x7E, 0x29, 0x60, 0x19, 0x67,
	0x00, 0x02, 0x0A, 0x27, 0x2E, 0x27, 0x2D, 0xE1, 0x2E, 0x24, 0x00, 0x16,
	0x7E, 0x29, 0x60, 0x19, 0x67, 0x00, 0x05, 0x0A, 0x27, 0x2E, 0x27, 0x2D,
	0xE1, 0x2E, 0x24, 0x00, 0x18, 0x7E, 0x29, 0x60, 0x19, 0x67, 0x00, 0x06,
	0x0A, 0x27, 0x2E, 0x27, 0x2D, 0xE1, 0x2E, 0x24, 0x00, 0x1A, 0x7E, 0x29,
	0x60, 0x19, 0x67, 0x00, 0x07, 0x0A, 0x27, 0x2E, 0x27, 0x2D, 0xE1, 0x2E,
	0x24, 0x00, 0x1C, 0x7E, 0x29, 0x60, 0x19, 0x67, 0x00, 0x08, 0x0A, 0x37,
	0x2E, 0x37, 0x2D, 0xE1, 0x2E, 0x34, 0x00, 0x1E, 0x7E, 0x39, 0x70, 0x19,
	0x77, 0x00, 0x09, 0x7E, 0x37, 0x2D, 0xE1, 0x2E, 0x34, 0x00, 0x20, 0x7E,
	0x39, 0x70, 0x19, 0x77, 0x00, 0x0A, 0x7E, 0x37, 0x2D, 0xE1, 0x2E, 0x34,
	0x00, 0x21, 0x7E, 0x39, 0x70, 0x19, 0x77, 0x00, 0x0B, 0x7E, 0x37, 0x2D,
	0xE1, 0x2E, 0x34, 0x00, 0x22, 0x7E, 0x39, 0x70, 0x19, 0x77, 0x00, 0x0C,
	0x7E, 0x37, 0x2D, 0xE1, 0x2E, 0x34, 0x00, 0x23, 0x7E, 0x39, 0x70, 0x19,
	0x77, 0x00, 0x0D, 0x7E, 0x37, 0x2D, 0xE1, 0x2E, 0x34, 0x00, 0x24, 0x7E,
	0x39, 0x70, 0x19, 0x77, 0x00, 0x0E, 0x7E, 0x37, 0x2D, 0xE1, 0x2E, 0x34,
	0x00, 0x25, 0x7E, 0x39, 0x70, 0x19, 0x77, 0x00, 0x0F, 0x7E, 0xB3, 0x2C,
	0x8B, 0xB4, 0x01, 0x15, 0x7E, 0x73, 0x2D, 0x0B, 0x0A, 0x37, 0x09, 0xB3,
	0x2C, 0xC4, 0xBE, 0xB0, 0xFF, 0x68, 0x06, 0x74, 0x01, 0x19, 0xB7, 0x00,
	0x13, 0x7E, 0x73, 0x2D, 0x0B, 0x7A, 0x79, 0x70, 0x7E, 0x37, 0x2D, 0xE1,
	0x7E, 0x39, 0xB0, 0x30, 0xE1, 0x13, 0x7E, 0x73, 0x2D, 0x0B, 0x0A, 0x37,
	0x09, 0xB3, 0x2C, 0xC4, 0xB4, 0xFF, 0x06, 0x74, 0x01, 0x19, 0xB7, 0x00,
	0x01, 0x09, 0x77, 0x00, 0x15, 0x7A, 0x73, 0x2D, 0x7D, 0x7E, 0x73, 0x2D,
	0x7E, 0x19, 0x77, 0x00, 0x14, 0x7E, 0xB3, 0x2D, 0x70, 0xDA, 0x79, 0xDA,
	0xD8, 0x22, 0xCA, 0x3B, 0x7C, 0xFB, 0x7D, 0x63, 0xE4, 0x7A, 0xB3, 0x37,
	0x54, 0x7E, 0x73, 0x05, 0x1B, 0x7A, 0x73, 0x37, 0x4E, 0x7A, 0xB3, 0x37,
	0x4F, 0x7E, 0x73, 0x37, 0x4F, 0x1A, 0x27, 0x3E, 0x24, 0x49, 0x32, 0xC2,
	0x40, 0x59, 0x32, 0x03, 0xED, 0x7E, 0xB3, 0x37, 0x4F, 0x04, 0x7A, 0xB3,
	0x37, 0x4F, 0x7E, 0x73, 0x37, 0x4F, 0xBE, 0x70, 0x06, 0x48, 0xDE, 0x7C,
	0xEF, 0xBE, 0xE0, 0x00, 0x58, 0x03, 0x02, 0x41, 0x50, 0x7E, 0x73, 0x37,
	0x4E, 0xBC, 0x7E, 0x18, 0x03, 0x02, 0x41, 0x50, 0x7C, 0xBE, 0x7E, 0x08,
	0x37, 0x48, 0x9F, 0x11, 0x12, 0xE9, 0x55, 0x1A, 0x3E, 0x3E, 0x34, 0x49,
	0x33, 0xC0, 0x44, 0x7A, 0x37, 0x37, 0x52, 0x0A, 0x36, 0x7A, 0x73, 0x37,
	0x50, 0x1A, 0x37, 0x3E, 0x34, 0x2E, 0x37, 0x37, 0x48, 0x7A, 0x37, 0x37,
	0x48, 0x7E, 0x73, 0x37, 0x50, 0x1A, 0x37, 0x3E, 0x34, 0x2D, 0x63, 0x7E,
	0x37, 0x37, 0x52, 0x0A, 0x47, 0x7E, 0x73, 0x05, 0x1A, 0x0A, 0x57, 0x9D,
	0x54, 0x7C, 0xAB, 0x7A, 0xB3, 0x37, 0x51, 0x7C, 0xBE, 0x54, 0x03, 0x1A,
	0x2B, 0x7E, 0x34, 0x00, 0x44, 0xAD, 0x32, 0x2E, 0x34, 0xC1, 0x30, 0x7A,
	0x37, 0x37, 0x4A, 0x1A, 0x2A, 0x7E, 0x37, 0x37, 0x4A, 0x1B, 0x38, 0x20,
	0x7E, 0x37, 0x37, 0x4A, 0x0B, 0x35, 0x7A, 0x37, 0x37, 0x4A, 0x1A, 0x2E,
	0x7E, 0x37, 0x37, 0x4A, 0x1B, 0x38, 0x20, 0x7E, 0x37, 0x37, 0x4A, 0x0B,
	0x35, 0x7A, 0x37, 0x37, 0x4A, 0x74, 0x01, 0x7A, 0xB3, 0x37, 0x54, 0x7D,
	0x36, 0x7E, 0x27, 0x37, 0x48, 0x7E, 0x17, 0x37, 0x4A, 0x7E, 0xB3, 0x37,
	0x51, 0x12, 0xC2, 0x64, 0x1A, 0x3F, 0x1B, 0x35, 0x7C, 0xE7, 0xBE, 0xE0,
	0x00, 0x48, 0x54, 0x7E, 0x73, 0x37, 0x4E, 0xBC, 0x7E, 0x08, 0x4C, 0x7C,
	0xBE, 0x54, 0x03, 0x1A, 0x2B, 0x7E, 0x34, 0x00, 0x44, 0xAD, 0x32, 0x2E,
	0x34, 0xC1, 0x30, 0x7A, 0x37, 0x37, 0x4A, 0x1A, 0x2E, 0x3E, 0x24, 0x49,
	0x22, 0xC0, 0x44, 0x7A, 0x27, 0x37, 0x52, 0x0A, 0x24, 0x7C, 0x45, 0x7A,
	0x53, 0x37, 0x50, 0x0B, 0x38, 0x10, 0x7A, 0x33, 0x37, 0x51, 0x0B, 0x36,
	0x7A, 0x37, 0x37, 0x4A, 0x7E, 0xB3, 0x37, 0x54, 0x44, 0x02, 0x7A, 0xB3,
	0x37, 0x54, 0x7E, 0x37, 0x37, 0x4A, 0x7C, 0xBE, 0x7E, 0x53, 0x37, 0x51,
	0x12, 0xDC, 0x4E, 0x1A, 0x3F, 0x9E, 0x34, 0x00, 0x03, 0x7C, 0xE7, 0xBE,
	0xE0, 0x00, 0x58, 0x03, 0x02, 0x42, 0x87, 0x7E, 0x73, 0x37, 0x4E, 0xBC,
	0x7E, 0x18, 0x03, 0x02, 0x42, 0x87, 0x7C, 0xBE, 0x54, 0x03, 0x1A, 0x2B,
	0x7E, 0x34, 0x00, 0x44, 0xAD, 0x32, 0x2E, 0x34, 0xC1, 0x30, 0x7A, 0x37,
	0x37, 0x4A, 0x0B, 0x38, 0x20, 0x7A, 0x53, 0x37, 0x51, 0x0B, 0x36, 0x7A,
	0x37, 0x37, 0x4A, 0x7C, 0xBE, 0x9F, 0x00, 0x7E, 0x18, 0x37, 0x4C, 0x12,
	0xE9, 0x55, 0x1A, 0x3E, 0x3E, 0x34, 0x49, 0x33, 0xC0, 0x44, 0x7A, 0x37,
	0x37, 0x52, 0x0A, 0x36, 0x7A, 0x73, 0x37, 0x50, 0xE4, 0x80, 0x18, 0x6D,
	0x22, 0x7E, 0x37, 0x37, 0x4C, 0x1B, 0x38, 0x20, 0x7E, 0x37, 0x37, 0x4C,
	0x0B, 0x35, 0x7A, 0x37, 0x37, 0x4C, 0x7E, 0xB3, 0x37, 0x4F, 0x04, 0x7A,
	0xB3, 0x37, 0x4F, 0x7E, 0x53, 0x37, 0x50, 0xBE, 0x53, 0x37, 0x4F, 0x18,
	0xDA, 0x7E, 0x37, 0x37, 0x52, 0x0A, 0x37, 0x1A, 0x25, 0x9D, 0x32, 0x7A,
	0x73, 0x37, 0x50, 0xE4, 0x80, 0x1E, 0x6D, 0x22, 0x7E, 0x73, 0x37, 0x4F,
	0x1A, 0x17, 0x7E, 0x73, 0x37, 0x51, 0x1A, 0x37, 0x2D, 0x31, 0x3E, 0x34,
	0x2E, 0x37, 0x37, 0x4C, 0x1B, 0x38, 0x20, 0x7E, 0xB3, 0x37, 0x4F, 0x04,
	0x7A, 0xB3, 0x37, 0x4F, 0x7E, 0x73, 0x37, 0x50, 0xBE, 0x73, 0x37, 0x4F,
	0x18, 0xD4, 0x7E, 0xB3, 0x37, 0x54, 0x44, 0x04, 0x7A, 0xB3, 0x37, 0x54,
	0x7E, 0x37, 0x37, 0x4A, 0x7E, 0x27, 0x37, 0x4C, 0x7E, 0xB3, 0x37, 0x51,
	0x12, 0xF1, 0x84, 0x1A, 0x7F, 0x1B, 0x74, 0x7C, 0xEF, 0xBE, 0xE0, 0x00,
	0x48, 0x4F, 0x7E, 0x73, 0x37, 0x4E, 0xBC, 0x7E, 0x08, 0x47, 0x7C, 0xBE,
	0x12, 0xCC, 0x13, 0x7D, 0x23, 0x7C, 0xBE, 0x54, 0x03, 0x1A, 0x0B, 0x7E,
	0x14, 0x00, 0x44, 0xAD, 0x10, 0x7D, 0x31, 0x2E, 0x34, 0xC1, 0x30, 0x7A,
	0x37, 0x37, 0x4A, 0x1A, 0x1E, 0x3E, 0x14, 0x49, 0x11, 0xC0, 0x44, 0x7A,
	0x17, 0x37, 0x52, 0x0A, 0x12, 0x7C, 0x23, 0x7A, 0x33, 0x37, 0x50, 0x0B,
	0x38, 0x00, 0x7A, 0x13, 0x37, 0x51, 0x0B, 0x36, 0x7A, 0x37, 0x37, 0x4A,
	0x7C, 0xBE, 0x7E, 0x33, 0x37, 0x51, 0x12, 0x8E, 0x73, 0x7E, 0xB3, 0x37,
	0x54, 0x1A, 0x3B, 0x5E, 0x37, 0xFF, 0x00, 0x78, 0xF4, 0x30, 0xE0, 0x52,
	0x7E, 0x37, 0xFF, 0x16, 0x1A, 0x26, 0x1A, 0x24, 0x7A, 0x1F, 0xC2, 0x40,
	0x7E, 0x1F, 0xC2, 0x40, 0x5E, 0x34, 0x00, 0x20, 0x68, 0x0C, 0x7E, 0x1F,
	0xC2, 0x40, 0x4E, 0x34, 0xFF, 0xC0, 0x7A, 0x1F, 0xC2, 0x40, 0x7E, 0x1F,
	0xC2, 0x40, 0x7D, 0x03, 0x7E, 0x37, 0xFF, 0x14, 0x7D, 0x20, 0x7A, 0x1F,
	0xC2, 0x40, 0x7E, 0x37, 0xFF, 0x18, 0x7A, 0x37, 0xC2, 0x44, 0x7E, 0x37,
	0xFF, 0x1A, 0x7A, 0x37, 0xC2, 0x46, 0x7E, 0x37, 0xFF, 0x1C, 0x7A, 0x37,
	0xC2, 0x48, 0x7E, 0x37, 0xFF, 0x1E, 0x7A, 0x37, 0xC2, 0x4A, 0x7E, 0xB3,
	0x37, 0x54, 0x30, 0xE1, 0x08, 0x7E, 0x37, 0xFF, 0x58, 0x7A, 0x37, 0x03,
	0xE3, 0x7E, 0xB3, 0x37, 0x54, 0x30, 0xE2, 0x08, 0x7E, 0x37, 0xFF, 0x6C,
	0x7A, 0x37, 0x03, 0xEB, 0xDA, 0x3B, 0x22, 0xCA, 0x3B, 0x7C, 0xF4, 0x7C,
	0xE5, 0x7C, 0xAB, 0x7D, 0x63, 0x6C, 0x66, 0x6C, 0x22, 0x6C, 0x77, 0x74,
	0x01, 0x7A, 0xB3, 0x37, 0x2F, 0x7D, 0x26, 0x0B, 0x26, 0x7A, 0x27, 0x37,
	0x30, 0x6D, 0x22, 0x7A, 0x27, 0x37, 0x32, 0x30, 0x00, 0x05, 0x7E, 0x70,
	0x02, 0x80, 0x06, 0x6C, 0x77, 0x7E, 0x73, 0x18, 0xF8, 0x7A, 0x69, 0xA0,
	0x0A, 0x2E, 0x3E, 0x24, 0x2E, 0x24, 0x00, 0x03, 0x7C, 0xB5, 0x19, 0xB6,
	0x00, 0x01, 0x19, 0xF6, 0x00, 0x02, 0x19, 0x36, 0x00, 0x03, 0xBE, 0xA0,
	0x10, 0x68, 0x0B, 0x20, 0x00, 0x08, 0x7E, 0x69, 0xB0, 0x24, 0x80, 0x7A,
	0x69, 0xB0, 0x2E, 0xA0, 0xF6, 0x78, 0x03, 0x02, 0x45, 0x43, 0x2E, 0xA0,
	0xF8, 0x68, 0x79, 0x1B, 0xA0, 0x68, 0x57, 0x1B, 0xA1, 0x78, 0x03, 0x02,
	0x45, 0x0F, 0x1B, 0xA0, 0x78, 0x03, 0x02, 0x45, 0x6E, 0x2E, 0xA0, 0x06,
	0x68, 0x03, 0x02, 0x45, 0xCD, 0x6C, 0x66, 0x80, 0x12, 0x7E, 0x50, 0x02,
	0xAC, 0x56, 0x49, 0x02, 0x2C, 0x65, 0x2E, 0x27, 0x37, 0x30, 0x1B, 0x28,
	0x00, 0x0B, 0x60, 0xBC, 0xE6, 0x38, 0xEA, 0x30, 0x25, 0x12, 0x7E, 0x27,
	0x37, 0x30, 0x0B, 0x25, 0x0B, 0x28, 0x30, 0x4E, 0x60, 0x80, 0x1B, 0x28,
	0x30, 0x02, 0x45, 0xCD, 0x7E, 0x27, 0x37, 0x30, 0x0B, 0x25, 0x0B, 0x28,
	0x30, 0x5E, 0x60, 0x7F, 0x1B, 0x28, 0x30, 0x02, 0x45, 0xCD, 0xA5, 0xBF,
	0x02, 0x0E, 0x74, 0x02, 0x7C, 0x7F, 0x12, 0xB8, 0xCC, 0x7A, 0x37, 0x37,
	0x32, 0x02, 0x45, 0xCD, 0x7C, 0xBF, 0x12, 0xED, 0xD1, 0x7A, 0x37, 0x37,
	0x32, 0x02, 0x45, 0xCD, 0xE5, 0x59, 0x60, 0x05, 0xE5, 0x59, 0xB4, 0x02,
	0x1E, 0xA5, 0xBF, 0x02, 0x0E, 0x74, 0x04, 0x7C, 0x7F, 0x12, 0xB8, 0xCC,
	0x7A, 0x37, 0x37, 0x32, 0x02, 0x45, 0xCD, 0x7C, 0xBF, 0x12, 0xED, 0xF5,
	0x7A, 0x37, 0x37, 0x32, 0x02, 0x45, 0xCD, 0xA5, 0xBF, 0x02, 0x12, 0x7E,
	0x71, 0x5F, 0xAC, 0x7F, 0x3E, 0x34, 0x2E, 0x34, 0x18, 0xFE, 0x7A, 0x37,
	0x37, 0x32, 0x02, 0x45, 0xCD, 0xA5, 0xBF, 0x01, 0x20, 0x7E, 0x31, 0x5F,
	0xAC, 0x3F, 0x3E, 0x14, 0x7E, 0x73, 0x12, 0xE8, 0x0A, 0x27, 0x7E, 0x34,
	0x01, 0x80, 0xAD, 0x32, 0x2D, 0x31, 0x2E, 0x34, 0x12, 0xF1, 0x7A, 0x37,
	0x37, 0x32, 0x02, 0x45, 0xCD, 0x7E, 0x53, 0x2B, 0xAF, 0xBE, 0x50, 0x00,
	0x28, 0x4F, 0x7E, 0x27, 0x28, 0x1F, 0x7E, 0x07, 0x37, 0x30, 0x1B, 0x08,
	0x20, 0x7E, 0x07, 0x28, 0x19, 0x7E, 0x27, 0x37, 0x30, 0x59, 0x02, 0x00,
	0x02, 0x7E, 0x63, 0x2B, 0xB0, 0x0A, 0x06, 0x7E, 0x27, 0x37, 0x30, 0x59,
	0x02, 0x00, 0x04, 0x7E, 0x63, 0x2C, 0x84, 0x0A, 0x06, 0x7E, 0x27, 0x37,
	0x30, 0x59, 0x02, 0x00, 0x06, 0x7E, 0x60, 0x04, 0x80, 0x10, 0x6D, 0x00,
	0x7E, 0x50, 0x02, 0xAC, 0x56, 0x2E, 0x27, 0x37, 0x30, 0x1B, 0x28, 0x00,
	0x0B, 0x60, 0xBC, 0xE6, 0x38, 0xEC, 0x02, 0x45, 0xCD, 0x7E, 0x71, 0x5F,
	0xAC, 0x7F, 0x3E, 0x34, 0x2E, 0x34, 0x0E, 0x80, 0x7A, 0x37, 0x37, 0x32,
	0x02, 0x45, 0xCD, 0xA5, 0xBF, 0x02, 0x0E, 0x74, 0x08, 0x7C, 0x7F, 0x12,
	0xB8, 0xCC, 0x7A, 0x37, 0x37, 0x32, 0x02, 0x45, 0xCD, 0x7E, 0xB3, 0x12,
	0xEB, 0x60, 0x0E, 0x7E, 0x37, 0x37, 0x30, 0x7C, 0xBF, 0x7C, 0x5E, 0x12,
	0x7D, 0x9D, 0x02, 0x45, 0xCD, 0x74, 0x08, 0x7C, 0x7F, 0x12, 0xB8, 0xCC,
	0x7A, 0x37, 0x37, 0x32, 0x02, 0x45, 0xCD, 0xA5, 0xBF, 0x02, 0x02, 0x80,
	0x03, 0x02, 0x45, 0xCD, 0x74, 0x02, 0x7C, 0x73, 0x12, 0xB8, 0xCC, 0x7A,
	0x37, 0x37, 0x32, 0x7E, 0x71, 0x5F, 0x74, 0x02, 0xAC, 0x7B, 0x2E, 0x37,
	0x37, 0x32, 0x7A, 0x37, 0x37, 0x32, 0xE5, 0x60, 0x7A, 0xB3, 0x37, 0x2F,
	0x80, 0x5F, 0xA5, 0xBF, 0x02, 0x0D, 0x74, 0x20, 0x7C, 0x7F, 0x12, 0xB8,
	0xCC, 0x7A, 0x37, 0x37, 0x32, 0x80, 0x25, 0x4C, 0xFF, 0x68, 0x0B, 0xBE,
	0xF0, 0x01, 0x68, 0x06, 0x7E, 0xB3, 0x12, 0xEB, 0x70, 0x09, 0x12, 0xF1,
	0xB9, 0x7A, 0x37, 0x37, 0x32, 0x80, 0x0D, 0x7E, 0x37, 0x37, 0x30, 0x0A,
	0x5F, 0x1B, 0x55, 0x7C, 0x5E, 0x12, 0x7D, 0x9D, 0xBE, 0xF1, 0x40, 0x50,
	0x07, 0x74, 0x16, 0x7A, 0x69, 0xB0, 0x80, 0x12, 0x74, 0x17, 0x7A, 0x69,
	0xB0, 0x7D, 0x36, 0x0B, 0x35, 0x7E, 0x39, 0xB0, 0x9E, 0xB1, 0x40, 0x7A,
	0x39, 0xB0, 0x20, 0x00, 0x08, 0x7E, 0x69, 0xB0, 0x24, 0x80, 0x7A, 0x69,
	0xB0, 0xE4, 0x6D, 0x33, 0x7D, 0x26, 0x7D, 0x06, 0x7E, 0x17, 0x37, 0x30,
	0x9D, 0x10, 0x7C, 0xA3, 0x0A, 0x1A, 0x12, 0xAC, 0x00, 0x7C, 0x2B, 0x7E,
	0x27, 0x37, 0x32, 0x4D, 0x22, 0x68, 0x13, 0x7C, 0xB2, 0x7E, 0x37, 0x37,
	0x30, 0x7C, 0x3E, 0x7E, 0x23, 0x37, 0x2F, 0x12, 0xAC, 0x1E, 0x7C, 0x2B,
	0x80, 0x12, 0xE4, 0x6D, 0x33, 0x7D, 0x26, 0x09, 0xA6, 0x00, 0x01, 0x0A,
	0x1A, 0x0B, 0x14, 0x12, 0xAC, 0x00, 0x7C, 0x2B, 0x09, 0x36, 0x00, 0x01,
	0x0A, 0x33, 0x2D, 0x36, 0x19, 0x23, 0x00, 0x01, 0xDA, 0x3B, 0x22, 0xCA,
	0x3B, 0x7D, 0x73, 0x6D, 0xFF, 0x6D, 0x44, 0x6C, 0xDD, 0x7E, 0x73, 0x03,
	0xC0, 0xBE, 0x70, 0x20, 0x38, 0x03, 0x02, 0x46, 0xF7, 0x7E, 0xE7, 0x03,
	0x00, 0x7E, 0xD4, 0x03, 0x02, 0x7D, 0xC7, 0x6C, 0xCC, 0x02, 0x46, 0xD7,
	0x0B, 0xE8, 0x20, 0x0B, 0xC8, 0x30, 0x9D, 0x32, 0x7A, 0x37, 0x37, 0x45,
	0x1A, 0x26, 0x1A, 0x24, 0x7E, 0x33, 0x04, 0x34, 0x0A, 0x13, 0x6D, 0x00,
	0x12, 0x8C, 0xBA, 0x74, 0x06, 0x1E, 0x34, 0x0E, 0x24, 0x50, 0x03, 0x4E,
	0x60, 0x80, 0x14, 0x78, 0xF4, 0x7A, 0x37, 0x37, 0x45, 0x0B, 0xD8, 0xB0,
	0x7E, 0xB3, 0x05, 0x28, 0x60, 0x29, 0x7D, 0x3B, 0x1A, 0x26, 0x1A, 0x24,
	0x7E, 0x14, 0x00, 0x07, 0x12, 0x8C, 0xCB, 0x7E, 0x17, 0x37, 0x45, 0x1A,
	0x02, 0x1A, 0x00, 0x2F, 0x10, 0x74, 0x03, 0x1E, 0x34, 0x0E, 0x24, 0x50,
	0x03, 0x4E, 0x60, 0x80, 0x14, 0x78, 0xF4, 0x7D, 0xB3, 0x80, 0x1B, 0x7E,
	0x17, 0x37, 0x45, 0x1A, 0x02, 0x1A, 0x00, 0x7D, 0x3B, 0x1A, 0x26, 0x1A,
	0x24, 0x2F, 0x10, 0x1E, 0x34, 0x0E, 0x24, 0x50, 0x03, 0x4E, 0x60, 0x80,
	0x7D, 0xB3, 0x1B, 0xD8, 0xB0, 0xBD, 0xFB, 0x58, 0x04, 0x7D, 0xFB, 0x7C,
	0xDC, 0xBD, 0x4B, 0x08, 0x02, 0x7D, 0x4B, 0x0B, 0xD5, 0x0B, 0xE5, 0x0B,
	0xC5, 0x0B, 0xC0, 0x7E, 0x73, 0x05, 0x19, 0xBC, 0x7C, 0x28, 0x03, 0x02,
	0x46, 0x44, 0x7E, 0x73, 0x03, 0xBE, 0xBE, 0x70, 0xFF, 0x68, 0x12, 0x7C,
	0xD7, 0x74, 0x02, 0xAC, 0xBD, 0x49, 0xF5, 0x03, 0x02, 0x80, 0x06, 0x74,
	0xC8, 0x7A, 0xB3, 0x03, 0xBD, 0x7E, 0x73, 0x04, 0x36, 0x0A, 0x37, 0x7E,
	0x53, 0x04, 0x33, 0x0A, 0x25, 0x7E, 0xA3, 0x03, 0xCE, 0xBD, 0x2F, 0x58,
	0x12, 0x74, 0x0A, 0x7A, 0xB3, 0x03, 0xCF, 0x4C, 0xAA, 0x68, 0x1E, 0x74,
	0xFF, 0x7A, 0xB3, 0x03, 0xBE, 0x80, 0x16, 0x7E, 0xB3, 0x04, 0x48, 0x0A,
	0xEB, 0xBD, 0xEF, 0x58, 0x0C, 0x60, 0x0A, 0x7E, 0xB3, 0x04, 0x10, 0x20,
	0xE0, 0x03, 0x7E, 0xA0, 0x0C, 0x7E, 0xB3, 0x03, 0xCF, 0x70, 0x08, 0x7E,
	0xE7, 0x03, 0xB2, 0x4D, 0xEE, 0x68, 0x12, 0x6C, 0xAA, 0x7E, 0xB3, 0x04,
	0x48, 0x0A, 0xEB, 0xBD, 0xEF, 0x58, 0x06, 0x74, 0x0A, 0x7A, 0xB3, 0x03,
	0xCF, 0x7E, 0xB3, 0x03, 0xC8, 0x60, 0x02, 0x6C, 0xAA, 0xBE, 0xA0, 0x00,
	0x28, 0x0C, 0x1B, 0xA0, 0x2E, 0x34, 0x00, 0x03, 0x7E, 0xB3, 0x04, 0x48,
	0x0A, 0x2B, 0x7A, 0xA3, 0x03, 0xCE, 0xBD, 0x2F, 0x58, 0x60, 0xE4, 0x7A,
	0xB3, 0x04, 0x09, 0x7A, 0xB3, 0x03, 0xBD, 0x7E, 0x53, 0x03, 0xBE, 0xBC,
	0x5D, 0x68, 0x12, 0x7A, 0xD3, 0x03, 0xBE, 0x74, 0x01, 0x7A, 0xB3, 0x03,
	0xBF, 0x6D, 0x22, 0x7A, 0x27, 0x03, 0xB0, 0x80, 0x1C, 0x7E, 0x27, 0x03,
	0xB0, 0xBE, 0x24, 0x0F, 0xF0, 0x58, 0x06, 0x0B, 0x24, 0x7A, 0x27, 0x03,
	0xB0, 0xBE, 0x37, 0x03, 0xB0, 0x58, 0x06, 0x74, 0x02, 0x7A, 0xB3, 0x03,
	0xBF, 0x7E, 0x53, 0x04, 0x35, 0x0A, 0x25, 0x3E, 0x24, 0x3E, 0x24, 0x3E,
	0x24, 0x3E, 0x24, 0x7A, 0x27, 0x37, 0x45, 0xBE, 0x27, 0x03, 0xB0, 0x48,
	0x03, 0x02, 0x48, 0x5A, 0x12, 0xF4, 0xF6, 0x02, 0x48, 0x5A, 0x6D, 0x11,
	0x9D, 0x14, 0x7E, 0x53, 0x04, 0x33, 0x0A, 0x25, 0xBD, 0x12, 0x08, 0x0C,
	0x7E, 0xB3, 0x04, 0x09, 0xBE, 0xB0, 0x07, 0x50, 0x08, 0x04, 0x80, 0x01,
	0xE4, 0x7A, 0xB3, 0x04, 0x09, 0x7E, 0xB3, 0x03, 0xBD, 0xBE, 0xB0, 0xC8,
	0x50, 0x05, 0x04, 0x7A, 0xB3, 0x03, 0xBD, 0x7E, 0xA3, 0x03, 0xBF, 0xBE,
	0xA0, 0x01, 0x78, 0x02, 0x80, 0x28, 0xBE, 0xA0, 0x02, 0x78, 0x0E, 0x74,
	0x03, 0x7A, 0xB3, 0x03, 0xBF, 0x6D, 0x33, 0x7A, 0x37, 0x03, 0xB0, 0x80,
	0x20, 0xBE, 0xA0, 0x03, 0x78, 0x1B, 0x7E, 0x27, 0x03, 0xB0, 0x0B, 0x24,
	0x7A, 0x27, 0x03, 0xB0, 0xBE, 0x37, 0x03, 0xB0, 0x58, 0x0B, 0x74, 0xFF,
	0x7A, 0xB3, 0x03, 0xBE, 0xE4, 0x7A, 0xB3, 0x03, 0xBF, 0x7E, 0xB3, 0x03,
	0xBE, 0xB4, 0xFF, 0x0E, 0x7E, 0xB3, 0x03, 0xCF, 0xBE, 0xB0, 0x00, 0x28,
	0x05, 0x14, 0x7A, 0xB3, 0x03, 0xCF, 0x7E, 0xB3, 0x03, 0xBF, 0x70, 0x05,
	0xE4, 0x7A, 0xB3, 0x04, 0x0A, 0x7E, 0x73, 0x04, 0x2A, 0xBE, 0x73, 0x03,
	0xD1, 0x38, 0x0D, 0x7E, 0xB3, 0x04, 0x11, 0x30, 0xE2, 0x06, 0x74, 0x01,
	0x7A, 0xB3, 0x04, 0x0A, 0x7E, 0x73, 0x03, 0xBF, 0xBE, 0x70, 0x02, 0x40,
	0x09, 0x7E, 0xB3, 0x04, 0x0A, 0x60, 0x03, 0x12, 0xF4, 0x0B, 0x7E, 0x73,
	0x03, 0xBD, 0xBE, 0x70, 0x0A, 0x28, 0x2C, 0x6C, 0x22, 0x7E, 0x33, 0x03,
	0xC0, 0xBE, 0x30, 0x10, 0x50, 0x03, 0x7E, 0x20, 0x02, 0x7D, 0x37, 0x7E,
	0x27, 0x03, 0x00, 0x7E, 0xB3, 0x05, 0x19, 0x7E, 0x30, 0x01, 0x12, 0x96,
	0x96, 0x7E, 0xB3, 0x03, 0xC0, 0xBE, 0xB0, 0xC8, 0x50, 0x05, 0x04, 0x7A,
	0xB3, 0x03, 0xC0, 0x7E, 0x73, 0x03, 0xBF, 0xBE, 0x70, 0x02, 0x40, 0x06,
	0x7E, 0xB3, 0x03, 0xBE, 0x80, 0x02, 0x74, 0xFF, 0xDA, 0x3B, 0x22, 0xCA,
	0x3B, 0x74, 0x02, 0x7E, 0x34, 0x03, 0x00, 0x7E, 0x24, 0x0A, 0xBA, 0x12,
	0xD2, 0x81, 0x7F, 0x31, 0xBE, 0x38, 0x00, 0x00, 0x68, 0x0F, 0x74, 0x60,
	0x7A, 0xB3, 0x2C, 0x5E, 0x74, 0x43, 0x7A, 0xB3, 0x18, 0xF1, 0x02, 0x4B,
	0x65, 0x7E, 0x08, 0x03, 0x00, 0x7E, 0x34, 0x10, 0x00, 0x7E, 0x24, 0x02,
	0xD8, 0x12, 0xF0, 0x0A, 0x74, 0x02, 0x7E, 0x34, 0x03, 0x00, 0x7E, 0x24,
	0x02, 0xD8, 0x12, 0xD2, 0x81, 0x7F, 0x31, 0x74, 0x02, 0x7E, 0x34, 0x10,
	0x00, 0x7E, 0x24, 0x02, 0xD8, 0x12, 0xD2, 0x81, 0xBF, 0x31, 0x68, 0x0F,
	0x74, 0x60, 0x7A, 0xB3, 0x2C, 0x5E, 0x74, 0x43, 0x7A, 0xB3, 0x18, 0xF1,
	0x02, 0x4B, 0x65, 0x7E, 0x73, 0x10, 0x06, 0xBE, 0x70, 0x23, 0x40, 0x09,
	0x7E, 0x73, 0x10, 0x07, 0xBE, 0x70, 0x23, 0x28, 0x0F, 0x74, 0x60, 0x7A,
	0xB3, 0x2C, 0x5E, 0x74, 0x42, 0x7A, 0xB3, 0x18, 0xF1, 0x02, 0x4B, 0x65,
	0x7E, 0x34, 0x10, 0x00, 0x7A, 0x37, 0x2D, 0xD5, 0x49, 0x33, 0x00, 0x0E,
	0x2E, 0x34, 0x10, 0x00, 0x7A, 0x37, 0x2D, 0xD7, 0x7E, 0x37, 0x2D, 0xD5,
	0x49, 0x33, 0x00, 0x10, 0x2E, 0x34, 0x10, 0x00, 0x7A, 0x37, 0x2D, 0xD9,
	0x7E, 0x37, 0x2D, 0xD5, 0x49, 0x33, 0x00, 0x12, 0x2E, 0x34, 0x10, 0x00,
	0x7A, 0x37, 0x2D, 0xDB, 0x7E, 0x37, 0x2D, 0xD5, 0x49, 0x33, 0x00, 0x14,
	0x2E, 0x34, 0x10, 0x00, 0x7A, 0x37, 0x2D, 0xDD, 0x7E, 0x37, 0x2D, 0xD5,
	0x49, 0x33, 0x00, 0x16, 0x2E, 0x34, 0x10, 0x00, 0x7A, 0x37, 0x2D, 0xDF,
	0x7E, 0x37, 0x2D, 0xD5, 0x49, 0x33, 0x00, 0x18, 0x2E, 0x34, 0x10, 0x00,
	0x7A, 0x37, 0x2D, 0xE1, 0x7E, 0x37, 0x2D, 0xD5, 0x49, 0x33, 0x00, 0x1A,
	0x2E, 0x34, 0x10, 0x00, 0x7A, 0x37, 0x2D, 0xE3, 0x7E, 0x37, 0x2D, 0xD5,
	0x49, 0x33, 0x00, 0x1C, 0x2E, 0x34, 0x10, 0x00, 0x7A, 0x37, 0x2D, 0xE5,
	0x7E, 0x37, 0x2D, 0xD5, 0x49, 0x33, 0x00, 0x1E, 0x2E, 0x34, 0x10, 0x00,
	0x7A, 0x37, 0x2D, 0xE7, 0x7E, 0x37, 0x2D, 0xD5, 0x49, 0x33, 0x00, 0x20,
	0x2E, 0x34, 0x10, 0x00, 0x7A, 0x37, 0x2D, 0xE9, 0x7E, 0x37, 0x2D, 0xD5,
	0x49, 0x33, 0x00, 0x22, 0x2E, 0x34, 0x10, 0x00, 0x7A, 0x37, 0x2D, 0xEB,
	0x7E, 0x37, 0x2D, 0xD5, 0x49, 0x33, 0x00, 0x24, 0x2E, 0x34, 0x10, 0x00,
	0x7A, 0x37, 0x2D, 0xED, 0x7E, 0x37, 0x2D, 0xD9, 0x0B, 0x34, 0x7E, 0x39,
	0xB0, 0x1E, 0xB0, 0x1E, 0xB0, 0x13, 0x92, 0x13, 0x7E, 0x37, 0x2D, 0xD9,
	0x0B, 0x34, 0x7E, 0x39, 0xB0, 0x1E, 0xB0, 0x13, 0x92, 0x12, 0x7E, 0x37,
	0x2D, 0xD9, 0x0B, 0x34, 0x7E, 0x39, 0xB0, 0x13, 0x92, 0x11, 0x7E, 0x37,
	0x2D, 0xD5, 0x49, 0x33, 0x00, 0x28, 0x09, 0x73, 0x03, 0x0E, 0x7C, 0x47,
	0x6C, 0x55, 0x7E, 0x37, 0x2D, 0xD5, 0x49, 0x33, 0x00, 0x28, 0x09, 0x73,
	0x03, 0x0F, 0x0A, 0x37, 0x2D, 0x32, 0x7A, 0x37, 0x2D, 0x89, 0x7E, 0x37,
	0x2D, 0xD5, 0x49, 0x33, 0x00, 0x28, 0x09, 0x73, 0x03, 0x60, 0x7C, 0x47,
	0x6C, 0x55, 0x7E, 0x37, 0x2D, 0xD5, 0x49, 0x33, 0x00, 0x28, 0x09, 0x73,
	0x03, 0x61, 0x0A, 0x37, 0x2D, 0x32, 0x7A, 0x37, 0x2C, 0x79, 0x7E, 0x37,
	0x2D, 0xD9, 0x2E, 0x34, 0x00, 0x07, 0x7E, 0x39, 0x60, 0x7E, 0x70, 0x07,
	0xAC, 0x67, 0x2E, 0x34, 0x00, 0x14, 0x1B, 0x34, 0x7A, 0x73, 0x12, 0xEE,
	0x7E, 0x71, 0x5F, 0x3E, 0x70, 0x7A, 0x73, 0x2C, 0x58, 0x30, 0x12, 0x0A,
	0x7E, 0x73, 0x2C, 0x58, 0x3E, 0x70, 0x7A, 0x73, 0x2C, 0x58, 0x7E, 0xB3,
	0x2C, 0x58, 0x24, 0x5A, 0x7A, 0xB3, 0x2C, 0x58, 0x7E, 0x37, 0x2D, 0xD5,
	0x49, 0x33, 0x00, 0x28, 0x09, 0xB3, 0x03, 0x06, 0x13, 0x92, 0x03, 0x7E,
	0x37, 0x2D, 0xE9, 0x0B, 0x35, 0x0B, 0x38, 0x30, 0x5E, 0x34, 0x00, 0x01,
	0x2E, 0x34, 0xFF, 0xFF, 0x92, 0x05, 0x7E, 0x37, 0x2D, 0xD9, 0x7E, 0x39,
	0xB0, 0x1E, 0xB0, 0x1E, 0xB0, 0x13, 0x92, 0x0A, 0x7E, 0x37, 0x2D, 0xD9,
	0x7E, 0x39, 0xB0, 0xC4, 0x23, 0x13, 0x92, 0x0B, 0x7E, 0x37, 0x2D, 0xD9,
	0x7E, 0x39, 0xB0, 0xC4, 0x13, 0x92, 0x0C, 0x7E, 0x37, 0x2D, 0xD9, 0x7E,
	0x39, 0xB0, 0xC4, 0x03, 0x13, 0x92, 0x0D, 0x7E, 0x37, 0x2D, 0xD5, 0x49,
	0x13, 0x00, 0x26, 0x2E, 0x14, 0x03, 0x0E, 0x6D, 0x00, 0x7E, 0x34, 0x28,
	0x01, 0x7E, 0x24, 0x00, 0x18, 0x12, 0xF0, 0x0A, 0x7E, 0x37, 0x2D, 0xD5,
	0x49, 0x13, 0x00, 0x28, 0x2E, 0x14, 0x03, 0x3C, 0x6D, 0x00, 0x7E, 0x34,
	0x2C, 0x40, 0x7E, 0x24, 0x00, 0x18, 0x12, 0xF0, 0x0A, 0x7E, 0x37, 0x2D,
	0xE3, 0x2E, 0x34, 0x00, 0x0B, 0x7E, 0x39, 0xB0, 0x30, 0xE7, 0x03, 0xD3,
	0x80, 0x01, 0xC3, 0x92, 0x17, 0xDA, 0x3B, 0x22, 0xCA, 0x3B, 0x7E, 0xB3,
	0x03, 0xF9, 0xBE, 0xB0, 0x03, 0x78, 0x03, 0x02, 0x4D, 0xCB, 0x7E, 0xF3,
	0x03, 0xFA, 0xE4, 0x7A, 0xB3, 0x03, 0xFA, 0x6C, 0xEE, 0x1A, 0x3E, 0x09,
	0x73, 0x07, 0x27, 0x7A, 0x73, 0x37, 0x47, 0x1A, 0x2E, 0x7E, 0x34, 0x00,
	0x0E, 0xAD, 0x32, 0x7D, 0x63, 0x2E, 0x64, 0x08, 0x53, 0xE4, 0x7A, 0x69,
	0xB0, 0x7E, 0xB3, 0x37, 0x47, 0xBE, 0xB0, 0x01, 0x68, 0x08, 0xB4, 0x02,
	0x02, 0x80, 0x03, 0x02, 0x4D, 0xC1, 0x74, 0x01, 0x7A, 0x69, 0xB0, 0x1A,
	0x3E, 0x09, 0x73, 0x07, 0x45, 0xBE, 0x73, 0x04, 0x31, 0x40, 0x4B, 0x1A,
	0x3E, 0x09, 0xB3, 0x08, 0x49, 0x7A, 0xB3, 0x37, 0x4C, 0x20, 0xE6, 0x4C,
	0x7E, 0xB3, 0x37, 0x4C, 0x04, 0x7A, 0xB3, 0x37, 0x4C, 0x7E, 0xB3, 0x04,
	0x10, 0x20, 0xE3, 0x13, 0x7E, 0xB3, 0x03, 0xB7, 0x60, 0x09, 0x7E, 0x73,
	0x37, 0x4C, 0xBE, 0x70, 0x09, 0x40, 0x13, 0x74, 0xC0, 0x80, 0x0B, 0x7E,
	0x73, 0x37, 0x4C, 0xBE, 0x70, 0x03, 0x40, 0x06, 0x74, 0x40, 0x7A, 0xB3,
	0x37, 0x4C, 0x7E, 0x73, 0x37, 0x4C, 0x1A, 0x2E, 0x19, 0x72, 0x08, 0x49,
	0x80, 0x0E, 0x1A, 0x3E, 0x2E, 0x34, 0x08, 0x49, 0x7E, 0x39, 0xB0, 0x54,
	0xC0, 0x7A, 0x39, 0xB0, 0x1A, 0x3E, 0x09, 0x73, 0x07, 0x95, 0x7A, 0x73,
	0x37, 0x48, 0x1A, 0x37, 0x3E, 0x34, 0x3E, 0x34, 0x3E, 0x34, 0x3E, 0x34,
	0x2E, 0x34, 0x07, 0x9F, 0x7A, 0x37, 0x37, 0x45, 0x09, 0xB6, 0x00, 0x01,
	0x70, 0x06, 0x74, 0x01, 0x19, 0xB6, 0x00, 0x01, 0x09, 0xB6, 0x00, 0x01,
	0xB4, 0x01, 0x55, 0x09, 0xB6, 0x00, 0x02, 0x70, 0x4F, 0x7E, 0x73, 0x04,
	0x73, 0x5E, 0x70, 0x7C, 0x1E, 0x70, 0x1E, 0x70, 0x7A, 0x73, 0x37, 0x4B,
	0x4C, 0xFF, 0x68, 0x1C, 0x7E, 0x63, 0x37, 0x4B, 0x7E, 0x70, 0x03, 0xAC,
	0x67, 0x1E, 0x34, 0x1E, 0x34, 0x7A, 0x73, 0x37, 0x4B, 0x7E, 0xB3, 0x37,
	0x4B, 0x70, 0x05, 0x04, 0x7A, 0xB3, 0x37, 0x4B, 0x7E, 0x37, 0x37, 0x45,
	0x09, 0x73, 0x00, 0x04, 0xBE, 0x73, 0x37, 0x4B, 0x40, 0x12, 0x7E, 0xB3,
	0x37, 0x4B, 0x60, 0x0C, 0x74, 0x01, 0x19, 0xB6, 0x00, 0x02, 0x74, 0x02,
	0x19, 0xB6, 0x00, 0x01, 0x7E, 0xB3, 0x37, 0x47, 0xB4, 0x02, 0x3C, 0x09,
	0xB6, 0x00, 0x08, 0x70, 0x36, 0x74, 0x01, 0x19, 0xB6, 0x00, 0x08, 0x7E,
	0x37, 0x37, 0x45, 0x09, 0x73, 0x00, 0x0B, 0x19, 0x76, 0x00, 0x09, 0x7E,
	0x37, 0x37, 0x45, 0x09, 0x73, 0x00, 0x0C, 0x19, 0x76, 0x00, 0x0A, 0x7E,
	0x37, 0x37, 0x45, 0x09, 0x73, 0x00, 0x0D, 0x19, 0x76, 0x00, 0x0B, 0x7E,
	0x37, 0x37, 0x45, 0x09, 0x73, 0x00, 0x0E, 0x19, 0x76, 0x00, 0x0C, 0x1A,
	0x3E, 0x09, 0xB3, 0x08, 0x49, 0x60, 0x0C, 0x74, 0x02, 0x19, 0xB6, 0x00,
	0x02, 0x74, 0x03, 0x19, 0xB6, 0x00, 0x01, 0x7E, 0x37, 0x37, 0x45, 0x09,
	0xB3, 0x00, 0x0F, 0x30, 0xE7, 0x0D, 0x09, 0xB6, 0x00, 0x02, 0xB4, 0x01,
	0x06, 0x74, 0x02, 0x19, 0xB6, 0x00, 0x02, 0x7D, 0x36, 0x7E, 0x27, 0x37,
	0x45, 0x12, 0x60, 0x92, 0x09, 0xB6, 0x00, 0x01, 0xB4, 0x02, 0x02, 0x80,
	0x03, 0x02, 0x4D, 0xB4, 0x7E, 0xB3, 0x03, 0xF9, 0x70, 0x3B, 0x09, 0xB6,
	0x00, 0x08, 0x30, 0xE0, 0x40, 0x09, 0x66, 0x00, 0x0A, 0x7E, 0x27, 0x37,
	0x45, 0x09, 0x72, 0x00, 0x0B, 0xBC, 0x76, 0x38, 0x24, 0x09, 0x66, 0x00,
	0x09, 0x09, 0x72, 0x00, 0x0C, 0xBC, 0x76, 0x40, 0x18, 0x09, 0x66, 0x00,
	0x0C, 0x09, 0x72, 0x00, 0x0D, 0xBC, 0x76, 0x38, 0x0C, 0x09, 0x66, 0x00,
	0x0B, 0x09, 0x72, 0x00, 0x0E, 0xBC, 0x76, 0x50, 0x0C, 0x74, 0x80, 0x19,
	0xB6, 0x00, 0x02, 0x74, 0x01, 0x19, 0xB6, 0x00, 0x01, 0x7E, 0x73, 0x04,
	0x72, 0x0A, 0x37, 0x3E, 0x34, 0x0A, 0x37, 0x7A, 0x37, 0x37, 0x49, 0x4D,
	0x33, 0x68, 0x30, 0x7E, 0x37, 0x37, 0x45, 0x0B, 0x38, 0x30, 0xBE, 0x37,
	0x37, 0x49, 0x48, 0x23, 0x09, 0xB6, 0x00, 0x0D, 0xBE, 0xB0, 0x05, 0x50,
	0x0C, 0x7D, 0x36, 0x2E, 0x34, 0x00, 0x0D, 0x04, 0x7A, 0x39, 0xB0, 0x80,
	0x13, 0x74, 0x80, 0x19, 0xB6, 0x00, 0x02, 0x74, 0x01, 0x19, 0xB6, 0x00,
	0x01, 0x80, 0x05, 0xE4, 0x19, 0xB6, 0x00, 0x0D, 0x09, 0xB6, 0x00, 0x01,
	0x30, 0xE1, 0x06, 0x74, 0x01, 0x7A, 0xB3, 0x03, 0xFA, 0x0B, 0xE0, 0xBE,
	0xE0, 0x0A, 0x58, 0x03, 0x02, 0x4B, 0x81, 0xDA, 0x3B, 0x22, 0xCA, 0xF8,
	0x7E, 0x47, 0x03, 0xD5, 0x7E, 0xF7, 0x03, 0xD3, 0xBD, 0xF4, 0x08, 0x29,
	0x7D, 0x34, 0x1A, 0x26, 0x1A, 0x24, 0x7E, 0x14, 0x00, 0x03, 0x12, 0x8C,
	0xCB, 0x7F, 0x01, 0x7D, 0x3F, 0x1A, 0x26, 0x1A, 0x24, 0x2F, 0x10, 0x74,
	0x02, 0x1E, 0x34, 0x0E, 0x24, 0x50, 0x03, 0x4E, 0x60, 0x80, 0x14, 0x78,
	0xF4, 0x7D, 0x43, 0x80, 0x25, 0x7D, 0x3F, 0x1A, 0x26, 0x1A, 0x24, 0x7E,
	0x14, 0x00, 0x03, 0x12, 0x8C, 0xCB, 0x7D, 0x14, 0x1A, 0x02, 0x1A, 0x00,
	0x2F, 0x10, 0x74, 0x02, 0x1E, 0x34, 0x0E, 0x24, 0x50, 0x03, 0x4E, 0x60,
	0x80, 0x14, 0x78, 0xF4, 0x7D, 0x43, 0x7A, 0x47, 0x03, 0xD5, 0x7A, 0x47,
	0x03, 0xD3, 0x7E, 0x47, 0x03, 0xD7, 0x7D, 0x14, 0x1A, 0x08, 0x1A, 0x00,
	0x7E, 0x37, 0x03, 0xD9, 0x1A, 0x26, 0x1A, 0x24, 0x2F, 0x10, 0x1E, 0x34,
	0x0E, 0x24, 0x50, 0x03, 0x4E, 0x60, 0x80, 0x7A, 0x37, 0x03, 0xD7, 0x7A,
	0x37, 0x03, 0xD9, 0x7E, 0x47, 0x03, 0xD7, 0x7E, 0x73, 0x04, 0x2F, 0x0A,
	0x37, 0x7E, 0xB3, 0x04, 0x10, 0x20, 0xE0, 0x06, 0x7E, 0x73, 0x04, 0x59,
	0x0A, 0x37, 0x6D, 0x22, 0x9D, 0x23, 0xBD, 0x24, 0x08, 0x1A, 0x74, 0x01,
	0x7A, 0xB3, 0x03, 0xC2, 0x7E, 0x27, 0x03, 0xD5, 0x2D, 0x42, 0x6E, 0x34,
	0xFF, 0xFF, 0x0B, 0x34, 0xBD, 0x34, 0x08, 0x09, 0x74, 0x02, 0x80, 0x01,
	0xE4, 0x7A, 0xB3, 0x03, 0xC2, 0x7E, 0x73, 0x03, 0xC2, 0x4C, 0x77, 0x68,
	0x15, 0xBE, 0x70, 0x01, 0x28, 0x08, 0x7E, 0x34, 0x00, 0x1E, 0x7A, 0x37,
	0x03, 0xB4, 0x7E, 0x34, 0x00, 0x78, 0x7A, 0x37, 0x03, 0xB2, 0x7E, 0x37,
	0x03, 0xB2, 0xBE, 0x34, 0x00, 0x00, 0x08, 0x06, 0x1B, 0x34, 0x7A, 0x37,
	0x03, 0xB2, 0x7E, 0x37, 0x03, 0xB4, 0xBE, 0x34, 0x00, 0x00, 0x08, 0x06,
	0x1B, 0x34, 0x7A, 0x37, 0x03, 0xB4, 0x7E, 0xB3, 0x03, 0xB7, 0x70, 0x03,
	0xE4, 0x80, 0x07, 0x7E, 0xB3, 0x03, 0xCA, 0x12, 0xF4, 0xEA, 0x7A, 0xB3,
	0x03, 0xCA, 0x12, 0xF3, 0xCA, 0x12, 0xC7, 0x82, 0x12, 0xDD, 0x7E, 0x12,
	0x52, 0x56, 0x12, 0xE9, 0xB3, 0x12, 0xB1, 0xEB, 0x7E, 0xB3, 0x03, 0xBB,
	0x70, 0x1D, 0x7E, 0xB3, 0x03, 0xBC, 0x12, 0xF4, 0xEA, 0x7A, 0xB3, 0x03,
	0xBC, 0x7E, 0xB3, 0x03, 0xB8, 0x12, 0xF4, 0xEA, 0x7A, 0xB3, 0x03, 0xB8,
	0xE4, 0x7A, 0xB3, 0x03, 0xCB, 0x80, 0x09, 0xE4, 0x7A, 0xB3, 0x03, 0xBC,
	0x7A, 0xB3, 0x03, 0xB8, 0xE4, 0x7A, 0xB3, 0x03, 0xDD, 0x7A, 0xB3, 0x03,
	0xDE, 0x7A, 0xB3, 0x03, 0xDF, 0x7E, 0x73, 0x03, 0xB6, 0xBE, 0x70, 0x00,
	0x28, 0x15, 0x7E, 0x73, 0x04, 0x02, 0xBE, 0x70, 0x00, 0x08, 0x07, 0xE4,
	0x7A, 0xB3, 0x03, 0xB6, 0x80, 0x0D, 0x12, 0xCE, 0xAA, 0x80, 0x08, 0x7E,
	0x34, 0x00, 0x06, 0x7A, 0x37, 0x03, 0xC4, 0x12, 0xEE, 0x60, 0x12, 0xDD,
	0xC7, 0x7A, 0x73, 0x03, 0xB7, 0x7E, 0xB3, 0x04, 0x10, 0x30, 0xE5, 0x20,
	0x7E, 0xB3, 0x03, 0xE1, 0x60, 0x06, 0x74, 0x01, 0x7A, 0xB3, 0x03, 0xE2,
	0x7E, 0xB3, 0x03, 0xB7, 0x70, 0x0E, 0x7E, 0x73, 0x03, 0xB8, 0xBE, 0x70,
	0x09, 0x28, 0x05, 0xE4, 0x7A, 0xB3, 0x03, 0xE2, 0x7E, 0xB3, 0x04, 0x10,
	0x30, 0xE2, 0x3B, 0x7E, 0xB3, 0x03, 0xC2, 0xB4, 0x02, 0x0B, 0x7E, 0xB3,
	0x03, 0xC3, 0x12, 0xF4, 0xEA, 0x7C, 0xFB, 0x80, 0x02, 0x6C, 0xFF, 0x7E,
	0xB3, 0x04, 0x10, 0x30, 0xE1, 0x08, 0x7E, 0xB3, 0x03, 0xC8, 0x60, 0x02,
	0x6C, 0xFF, 0x7A, 0xF3, 0x03, 0xC3, 0x7E, 0xA0, 0x10, 0x7E, 0xB3, 0x04,
	0x6D, 0x30, 0xE2, 0x03, 0x7E, 0xA0, 0x08, 0xBC, 0xAF, 0x38, 0x03, 0x12,
	0xF4, 0xDE, 0xE4, 0x7A, 0xB3, 0x03, 0xBA, 0x7E, 0x73, 0x03, 0xBC, 0xBE,
	0x70, 0x0A, 0x28, 0x32, 0x7E, 0xB3, 0x03, 0xD2, 0x70, 0x1E, 0x7E, 0xB3,
	0x03, 0xB9, 0xBE, 0xB0, 0x00, 0x28, 0x07, 0x14, 0x7A, 0xB3, 0x03, 0xB9,
	0x80, 0x0E, 0x7E, 0xB3, 0x04, 0x0B, 0x60, 0x08, 0x7E, 0x73, 0x04, 0x37,
	0x7A, 0x73, 0x03, 0xB9, 0x7E, 0xB3, 0x03, 0xB9, 0x70, 0x0D, 0x74, 0x01,
	0x7A, 0xB3, 0x03, 0xBA, 0x80, 0x05, 0xE4, 0x7A, 0xB3, 0x03, 0xB9, 0x7E,
	0xB3, 0x05, 0x36, 0x60, 0x06, 0x74, 0x02, 0x7A, 0xB3, 0x04, 0x0F, 0x7E,
	0xB3, 0x04, 0x0F, 0x60, 0x05, 0x14, 0x7A, 0xB3, 0x04, 0x0F, 0xDA, 0xF8,
	0x22, 0xCA, 0xD8, 0xCA, 0x79, 0x7C, 0xD5, 0x7C, 0xE7, 0x7C, 0xFB, 0x7E,
	0x73, 0x2D, 0x02, 0xBC, 0x7F, 0x38, 0x03, 0x02, 0x52, 0x51, 0x7C, 0xBE,
	0x7C, 0x76, 0x12, 0xEA, 0x6C, 0x7A, 0x37, 0x37, 0x2F, 0x7C, 0xBE, 0x7C,
	0x7D, 0x12, 0xEA, 0x6C, 0x7D, 0xD3, 0xBE, 0xD7, 0x37, 0x2F, 0x28, 0x18,
	0x7D, 0xCD, 0x6E, 0xC7, 0x37, 0x2F, 0x7A, 0xC7, 0x37, 0x2F, 0x6E, 0xD7,
	0x37, 0x2F, 0x7D, 0xCD, 0x6E, 0xC7, 0x37, 0x2F, 0x7A, 0xC7, 0x37, 0x2F,
	0x7E, 0xC7, 0x37, 0x2F, 0x7D, 0x3C, 0x1E, 0x34, 0x1E, 0x34, 0x1E, 0x34,
	0x9D, 0xC3, 0x1E, 0xD4, 0x2D, 0xDC, 0xBE, 0xD7, 0x37, 0x2F, 0x28, 0x04,
	0x7A, 0xD7, 0x37, 0x2F, 0x7E, 0xC7, 0x2D, 0xE1, 0x09, 0x7C, 0x00, 0x03,
	0x0A, 0x17, 0x6D, 0x00, 0x7E, 0x37, 0x37, 0x2F, 0x6D, 0x22, 0x12, 0x8C,
	0xBA, 0x7C, 0x76, 0x7C, 0x65, 0x0A, 0x24, 0x7D, 0xC3, 0x7A, 0xC7, 0x37,
	0x2F, 0x0A, 0xCF, 0x2E, 0xC4, 0x2D, 0x50, 0x7E, 0xC9, 0xB0, 0x04, 0x7A,
	0xC9, 0xB0, 0x7E, 0xC7, 0x2D, 0xE1, 0x2E, 0xC4, 0x00, 0x08, 0x7E, 0xC9,
	0x70, 0x4C, 0x77, 0x68, 0x12, 0x0A, 0xC7, 0xBE, 0xC7, 0x37, 0x2F, 0x50,
	0x0A, 0x7E, 0xB3, 0x2D, 0x6C, 0x44, 0x01, 0x7A, 0xB3, 0x2D, 0x6C, 0x7E,
	0xC7, 0x2D, 0xE1, 0x2E, 0xC4, 0x00, 0x31, 0x7E, 0xC9, 0x70, 0x4C, 0x77,
	0x68, 0x0E, 0x0A, 0xC7, 0xBE, 0xC7, 0x37, 0x2F, 0x50, 0x06, 0x74, 0x3C,
	0x7A, 0xB3, 0x2D, 0x80, 0x74, 0x02, 0xAC, 0xBF, 0x49, 0xE5, 0x2D, 0x16,
	0x49, 0xF5, 0x2D, 0x32, 0x0A, 0xCF, 0x09, 0x9C, 0x2D, 0x5E, 0x7E, 0xE0,
	0x07, 0x7E, 0x80, 0x01, 0x7E, 0xA3, 0x2D, 0x10, 0x4C, 0xAA, 0x78, 0x02,
	0x6C, 0x99, 0x4C, 0xAA, 0x78, 0x15, 0x7E, 0x73, 0x2D, 0x4F, 0xBE, 0x70,
	0x80, 0x40, 0x0C, 0x7E, 0xB3, 0x2C, 0x8B, 0xBE, 0xB0, 0x03, 0x78, 0x03,
	0x02, 0x51, 0xD1, 0x7E, 0xB3, 0x2D, 0x4F, 0xBE, 0xB0, 0xFF, 0x50, 0x05,
	0x04, 0x7A, 0xB3, 0x2D, 0x4F, 0xE4, 0x7A, 0xB3, 0x2D, 0x4E, 0x7E, 0xD7,
	0x37, 0x2F, 0xBD, 0xDF, 0x28, 0x06, 0x7D, 0xFD, 0x6C, 0x99, 0x80, 0x7D,
	0x7C, 0x89, 0x4C, 0x88, 0x78, 0x03, 0x7E, 0x80, 0x01, 0x0A, 0xC8, 0x7E,
	0x54, 0x00, 0x08, 0x9D, 0x5C, 0x7C, 0xEB, 0x7D, 0x3F, 0x6D, 0x22, 0x0A,
	0x1E, 0x6D, 0x00, 0x12, 0x8C, 0xBA, 0x0A, 0x18, 0xAD, 0x1D, 0x6D, 0x00,
	0x2F, 0x10, 0x74, 0x03, 0x1E, 0x34, 0x1E, 0x24, 0x50, 0x03, 0x4E, 0x60,
	0x80, 0x14, 0x78, 0xF4, 0x7D, 0xF3, 0x7E, 0x57, 0x2D, 0xE1, 0x09, 0xB5,
	0x00, 0x0B, 0x60, 0x14, 0x7E, 0x57, 0x2D, 0xE1, 0x09, 0x75, 0x00, 0x0B,
	0x0A, 0x57, 0xBE, 0x57, 0x37, 0x2F, 0x50, 0x04, 0x6C, 0x99, 0x80, 0x29,
	0x7D, 0x5D, 0x3E, 0x54, 0x7E, 0x73, 0x2D, 0x04, 0x0A, 0xD7, 0x2D, 0xD5,
	0xBD, 0xDF, 0x38, 0x0E, 0x7E, 0x57, 0x2D, 0xE1, 0x09, 0x75, 0x00, 0x07,
	0x0A, 0x57, 0xBD, 0x5F, 0x28, 0x04, 0x6C, 0x99, 0x80, 0x07, 0xBE, 0x90,
	0x04, 0x50, 0x02, 0x0B, 0x90, 0x7E, 0xD7, 0x37, 0x2F, 0xBD, 0xDE, 0x28,
	0x04, 0x7D, 0xED, 0x80, 0x32, 0x7D, 0x3E, 0x6D, 0x22, 0x0A, 0x1E, 0x6D,
	0x00, 0x12, 0x8C, 0xBA, 0x0A, 0x18, 0xAD, 0x1D, 0x6D, 0x00, 0x2F, 0x10,
	0x74, 0x03, 0x1E, 0x34, 0x1E, 0x24, 0x50, 0x03, 0x4E, 0x60, 0x80, 0x14,
	0x78, 0xF4, 0x7D, 0xE3, 0xBD, 0xFE, 0x28, 0x0B, 0x7D, 0xEF, 0x7E, 0xB3,
	0x2D, 0x4E, 0x04, 0x7A, 0xB3, 0x2D, 0x4E, 0x7E, 0x83, 0x2D, 0x03, 0x0A,
	0x38, 0xBD, 0x3E, 0x28, 0x05, 0xE4, 0x7A, 0xB3, 0x2D, 0x4E, 0x74, 0x02,
	0xAC, 0xBF, 0x59, 0xE5, 0x2D, 0x16, 0x74, 0x02, 0xAC, 0xBF, 0x59, 0xF5,
	0x2D, 0x32, 0x0A, 0x3F, 0x19, 0x93, 0x2D, 0x5E, 0x7E, 0x73, 0x2D, 0x4E,
	0xBE, 0x70, 0x1C, 0x28, 0x14, 0x74, 0x0E, 0x7A, 0xB3, 0x2D, 0x4E, 0x7E,
	0x34, 0x2D, 0x32, 0x12, 0xEF, 0x08, 0x7E, 0x34, 0x2D, 0x16, 0x12, 0xEF,
	0x08, 0xDA, 0x79, 0xDA, 0xD8, 0x22, 0xCA, 0xD8, 0xCA, 0x79, 0x7E, 0x83,
	0x05, 0x1A, 0x7E, 0x93, 0x05, 0x1B, 0x7E, 0x37, 0x03, 0xEB, 0x7E, 0x27,
	0x03, 0xD7, 0x7E, 0xD3, 0x04, 0x30, 0x5E, 0xD0, 0x7F, 0x4D, 0x22, 0x68,
	0x4B, 0x4C, 0xDD, 0x68, 0x47, 0x7D, 0x32, 0x1A, 0x26, 0x1A, 0x24, 0x7E,
	0x33, 0x03, 0xE5, 0x0A, 0x13, 0x6D, 0x00, 0x12, 0x8C, 0xBA, 0x74, 0x06,
	0x1E, 0x34, 0x0E, 0x24, 0x50, 0x03, 0x4E, 0x60, 0x80, 0x14, 0x78, 0xF4,
	0x7D, 0x23, 0x1A, 0x26, 0x1A, 0x24, 0x1A, 0x1D, 0x1A, 0x02, 0x12, 0x8C,
	0xBA, 0x74, 0x05, 0x1E, 0x34, 0x0E, 0x24, 0x50, 0x03, 0x4E, 0x60, 0x80,
	0x14, 0x78, 0xF4, 0x7D, 0x53, 0x7E, 0x73, 0x04, 0x12, 0x0A, 0x77, 0x9D,
	0x75, 0x02, 0x53, 0x61, 0x7D, 0x73, 0x0E, 0x74, 0x7E, 0x27, 0x03, 0xE9,
	0xBD, 0x27, 0x08, 0x1C, 0x7E, 0xB3, 0x04, 0x11, 0x30, 0xE3, 0x15, 0x7E,
	0xB3, 0x05, 0x20, 0x20, 0xE4, 0x0E, 0x7E, 0x34, 0x00, 0x07, 0xAD, 0x32,
	0x2D, 0x73, 0x0E, 0x74, 0x0E, 0x74, 0x0E, 0x74, 0x7A, 0x77, 0x03, 0xE9,
	0x7E, 0xB3, 0x04, 0x10, 0x20, 0xE0, 0x1C, 0x7E, 0xB3, 0x03, 0xC8, 0x60,
	0x07, 0x7E, 0xB3, 0x04, 0x11, 0x30, 0xE4, 0x0F, 0x7E, 0x57, 0x03, 0xB2,
	0x4D, 0x55, 0x68, 0x0D, 0x7E, 0xB3, 0x04, 0x11, 0x20, 0xE5, 0x06, 0x74,
	0x0A, 0x7A, 0xB3, 0x03, 0xCD, 0x74, 0x01, 0x7A, 0xB3, 0x03, 0xCC, 0x7E,
	0xB3, 0x03, 0xCD, 0x60, 0x05, 0xE4, 0x7A, 0xB3, 0x03, 0xCC, 0x7E, 0x73,
	0x04, 0x12, 0x0A, 0x37, 0x7D, 0x23, 0x7E, 0xB3, 0x03, 0xCC, 0x60, 0x06,
	0x7E, 0x53, 0x04, 0x38, 0x0A, 0x25, 0xBD, 0x27, 0x08, 0x02, 0x7D, 0x72,
	0x7E, 0x53, 0x04, 0x13, 0x0A, 0x25, 0xBD, 0x27, 0x58, 0x02, 0x7D, 0x72,
	0x7E, 0xB3, 0x05, 0x20, 0x20, 0xE0, 0x03, 0x30, 0xE3, 0x0B, 0x7D, 0x73,
	0x30, 0xE3, 0x06, 0x7E, 0x73, 0x04, 0x38, 0x0A, 0x77, 0xE4, 0x6C, 0x77,
	0x6C, 0x66, 0x7C, 0x58, 0x7C, 0x49, 0x7D, 0x17, 0x12, 0x79, 0xFB, 0x7C,
	0xDB, 0x12, 0xE8, 0x91, 0x4C, 0xDD, 0x78, 0x40, 0x7E, 0xB3, 0x03, 0xCD,
	0xBE, 0xB0, 0x00, 0x28, 0x05, 0x14, 0x7A, 0xB3, 0x03, 0xCD, 0x7E, 0x73,
	0x04, 0x12, 0x0A, 0x77, 0x7E, 0xB3, 0x04, 0x10, 0x20, 0xE0, 0x0C, 0x7E,
	0xB3, 0x03, 0xCD, 0x70, 0x06, 0x7E, 0x73, 0x04, 0x38, 0x0A, 0x77, 0xBE,
	0x77, 0x03, 0xE9, 0x08, 0x06, 0x6D, 0x33, 0x7A, 0x37, 0x03, 0xE9, 0x7E,
	0xB3, 0x03, 0xFC, 0x60, 0x35, 0x14, 0x7A, 0xB3, 0x03, 0xFC, 0x80, 0x2E,
	0x7E, 0x73, 0x04, 0x6B, 0x7A, 0x73, 0x03, 0xC9, 0x7E, 0x73, 0x05, 0x29,
	0x4C, 0x77, 0x68, 0x04, 0x7A, 0x73, 0x03, 0xC9, 0x7E, 0xB3, 0x04, 0x32,
	0x60, 0x07, 0x7C, 0xBD, 0x12, 0x2C, 0x0E, 0x7C, 0xDB, 0x7E, 0xB3, 0x04,
	0x69, 0x60, 0x07, 0x7C, 0xBD, 0x12, 0x6A, 0x90, 0x7C, 0xDB, 0x7A, 0xD3,
	0x03, 0xBB, 0x7C, 0xBD, 0x12, 0x74, 0xC1, 0x7C, 0xBD, 0x12, 0x99, 0x34,
	0x7C, 0xBD, 0x12, 0x33, 0xDB, 0x7C, 0xBD, 0x12, 0xEF, 0x29, 0x7C, 0xBD,
	0x12, 0xAC, 0x97, 0x7C, 0xBD, 0x12, 0x6F, 0x0E, 0x7A, 0x73, 0x03, 0xB6,
	0x7E, 0x73, 0x03, 0xBF, 0xBE, 0x70, 0x02, 0x40, 0x10, 0x7E, 0xB3, 0x04,
	0x10, 0x30, 0xE6, 0x09, 0xE4, 0x7A, 0xB3, 0x03, 0xB6, 0x7A, 0xB3, 0x03,
	0xD1, 0x12, 0xB7, 0x97, 0xDA, 0x79, 0xDA, 0xD8, 0x22, 0xCA, 0x3B, 0x7F,
	0x31, 0x7A, 0xB3, 0x37, 0x45, 0x7A, 0x0F, 0x37, 0x41, 0x7E, 0x18, 0x3A,
	0x1B, 0x7A, 0x1F, 0x37, 0x4D, 0xE4, 0x7A, 0xB3, 0x37, 0x4B, 0x02, 0x55,
	0xED, 0x7E, 0x73, 0x37, 0x4B, 0x5E, 0x70, 0x01, 0x74, 0x14, 0xAC, 0xB7,
	0x7E, 0x0F, 0x37, 0x4D, 0x2D, 0x51, 0x7D, 0x40, 0x7A, 0x2F, 0x37, 0x51,
	0x0A, 0x37, 0x6D, 0x22, 0x9D, 0x23, 0x7E, 0x34, 0x00, 0x14, 0xAD, 0x32,
	0x2D, 0x31, 0x7D, 0x20, 0x2E, 0x34, 0x00, 0x14, 0x7A, 0x1F, 0x37, 0x55,
	0x7E, 0x34, 0x00, 0x80, 0x7A, 0x37, 0x37, 0x5B, 0xE4, 0x7A, 0xB3, 0x37,
	0x4C, 0x02, 0x55, 0xC9, 0x7E, 0x73, 0x37, 0x4B, 0x0A, 0x17, 0x7E, 0x1F,
	0x37, 0x41, 0x2D, 0x31, 0x7E, 0x1B, 0xB0, 0x7E, 0xA3, 0x37, 0x4C, 0x0A,
	0x3A, 0x2D, 0x37, 0x7D, 0x26, 0x7E, 0x1B, 0x70, 0x12, 0xE5, 0x97, 0x0A,
	0x3B, 0x7A, 0x37, 0x37, 0x59, 0xBE, 0x34, 0x00, 0x02, 0x40, 0x15, 0x7E,
	0x57, 0x37, 0x59, 0x0B, 0x54, 0x7E, 0x37, 0x37, 0x59, 0x60, 0x05, 0x3E,
	0x34, 0x14, 0x78, 0xFB, 0x7A, 0x37, 0x37, 0x59, 0x7E, 0x73, 0x37, 0x4C,
	0x0A, 0x27, 0x7E, 0x0F, 0x37, 0x47, 0x2D, 0x12, 0x7E, 0x0B, 0x60, 0x0A,
	0x16, 0x7E, 0x07, 0x37, 0x59, 0xAD, 0x10, 0x7A, 0x17, 0x37, 0x59, 0x7E,
	0x63, 0x37, 0x4B, 0xBE, 0x60, 0x00, 0x28, 0x40, 0xBE, 0x70, 0x00, 0x28,
	0x3B, 0x7E, 0x0F, 0x37, 0x51, 0x2D, 0x12, 0x1B, 0x14, 0x7E, 0x0B, 0x70,
	0x0A, 0x37, 0x7E, 0x0F, 0x37, 0x55, 0x2D, 0x12, 0x1B, 0x14, 0x7E, 0x0B,
	0x50, 0x0A, 0x25, 0x12, 0xF4, 0x7C, 0x7E, 0x53, 0x37, 0x4C, 0x0A, 0x25,
	0x7E, 0x0F, 0x37, 0x55, 0x2D, 0x12, 0x7E, 0x0B, 0x50, 0x0A, 0x25, 0x12,
	0xF4, 0x7C, 0x2E, 0x37, 0x37, 0x59, 0x7A, 0x37, 0x37, 0x59, 0x80, 0x58,
	0x7E, 0x73, 0x37, 0x4C, 0xBE, 0x70, 0x00, 0x28, 0x1D, 0x7E, 0x73, 0x37,
	0x4C, 0x0A, 0x17, 0x7E, 0x1F, 0x37, 0x51, 0x2D, 0x31, 0x1B, 0x34, 0x7E,
	0x1B, 0x70, 0x0A, 0x37, 0x2E, 0x37, 0x37, 0x59, 0x7A, 0x37, 0x37, 0x59,
	0x80, 0x32, 0x7E, 0x73, 0x37, 0x4B, 0xBE, 0x70, 0x00, 0x28, 0x1B, 0x7E,
	0x73, 0x37, 0x4C, 0x0A, 0x17, 0x7E, 0x1F, 0x37, 0x55, 0x2D, 0x31, 0x7E,
	0x1B, 0x70, 0x0A, 0x37, 0x2E, 0x37, 0x37, 0x59, 0x7A, 0x37, 0x37, 0x59,
	0x80, 0x0E, 0x7E, 0x37, 0x37, 0x59, 0xBE, 0x34, 0x00, 0x80, 0x40, 0x04,
	0x74, 0x80, 0x80, 0x7A, 0x7E, 0x34, 0x00, 0x80, 0x7E, 0x27, 0x37, 0x59,
	0x12, 0xF4, 0x7C, 0x7A, 0x37, 0x37, 0x59, 0x7C, 0x37, 0x7E, 0x23, 0x37,
	0x4C, 0x0A, 0x02, 0x7E, 0x1F, 0x37, 0x51, 0x2D, 0x30, 0x7A, 0x1B, 0x30,
	0x7E, 0x37, 0x37, 0x5B, 0x7E, 0x53, 0x37, 0x4C, 0x0A, 0x25, 0x7E, 0x0F,
	0x37, 0x51, 0x2D, 0x12, 0x7E, 0x0B, 0x50, 0x0A, 0x25, 0x12, 0xF4, 0x7C,
	0x7A, 0x37, 0x37, 0x5B, 0x7E, 0xB3, 0x37, 0x4C, 0x04, 0x7A, 0xB3, 0x37,
	0x4C, 0x7E, 0x73, 0x37, 0x46, 0xBE, 0x73, 0x37, 0x4C, 0x28, 0x03, 0x02,
	0x54, 0x88, 0x7E, 0x37, 0x37, 0x5B, 0xBE, 0x34, 0x00, 0x80, 0x40, 0x04,
	0x74, 0x80, 0x80, 0x1A, 0x7E, 0xB3, 0x37, 0x4B, 0x04, 0x7A, 0xB3, 0x37,
	0x4B, 0x7E, 0x73, 0x37, 0x45, 0xBE, 0x73, 0x37, 0x4B, 0x28, 0x03, 0x02,
	0x54, 0x49, 0x7E, 0x57, 0x37, 0x59, 0xDA, 0x3B, 0x22, 0x74, 0xFF, 0x7A,
	0xB3, 0x12, 0xE4, 0x74, 0xFF, 0x7A, 0xB3, 0x12, 0xDE, 0x12, 0xE0, 0xC1,
	0xE4, 0x12, 0xCB, 0xA2, 0x7E, 0x37, 0x2D, 0xE9, 0x0B, 0x36, 0x0B, 0x38,
	0x30, 0x7A, 0x37, 0xF1, 0x68, 0x7E, 0x37, 0x2D, 0xE9, 0x2E, 0x34, 0x00,
	0x06, 0x0B, 0x38, 0x20, 0x5E, 0x24, 0x00, 0x03, 0x5E, 0x24, 0x00, 0x03,
	0x7E, 0x37, 0xF3, 0x22, 0x5E, 0x70, 0xFC, 0x4D, 0x32, 0x7A, 0x37, 0xF3,
	0x22, 0x7E, 0x37, 0x2D, 0xD5, 0x49, 0x13, 0x00, 0x26, 0x2E, 0x14, 0x03,
	0x00, 0x6D, 0x00, 0x7E, 0x34, 0xF0, 0x4E, 0x7E, 0x24, 0x00, 0x8A, 0x12,
	0xEE, 0x3D, 0x7E, 0x37, 0x2D, 0xD5, 0x49, 0x13, 0x00, 0x28, 0x2E, 0x14,
	0x03, 0x00, 0x6D, 0x00, 0x7E, 0x34, 0xF2, 0x00, 0x7E, 0x24, 0x00, 0x35,
	0x12, 0xEE, 0x3D, 0x7E, 0x37, 0xF3, 0x12, 0x5E, 0x34, 0xF0, 0x00, 0x4E,
	0x60, 0x02, 0x7A, 0x37, 0xF3, 0x12, 0x7E, 0x34, 0x01, 0x35, 0x7A, 0x37,
	0xF3, 0x14, 0x7E, 0x37, 0x2D, 0xD5, 0x49, 0x13, 0x00, 0x2A, 0x2E, 0x14,
	0x03, 0x00, 0x6D, 0x00, 0x7E, 0x34, 0xE0, 0x00, 0x7E, 0x24, 0x03, 0x30,
	0x12, 0xEE, 0x3D, 0x7E, 0x34, 0x2B, 0xB1, 0x7E, 0x24, 0x00, 0x0E, 0x12,
	0xF2, 0x4B, 0x7E, 0x37, 0x2D, 0xD5, 0x49, 0x33, 0x00, 0x28, 0x49, 0x33,
	0x03, 0x36, 0x7A, 0x37, 0x2B, 0xBB, 0x7E, 0x37, 0x2D, 0xD5, 0x49, 0x33,
	0x00, 0x28, 0x49, 0x33, 0x03, 0x64, 0x7A, 0x37, 0x2B, 0xBD, 0x6D, 0x33,
	0x7E, 0x17, 0x2D, 0xED, 0x6D, 0x00, 0x7E, 0x24, 0x00, 0x25, 0x12, 0xE3,
	0xF8, 0x7E, 0x37, 0x2D, 0xE9, 0x2E, 0x34, 0x00, 0x08, 0x0B, 0x38, 0x30,
	0x5E, 0x60, 0xFB, 0x7A, 0x37, 0xF0, 0x20, 0x7E, 0x37, 0x2D, 0xE9, 0x2E,
	0x34, 0x00, 0x0C, 0x0B, 0x38, 0x30, 0x5E, 0x70, 0xF0, 0x7A, 0x37, 0xF0,
	0x26, 0x7E, 0x37, 0x2D, 0xE9, 0x2E, 0x34, 0x00, 0x0E, 0x0B, 0x38, 0x30,
	0x5E, 0x60, 0xC7, 0x7A, 0x37, 0xF0, 0x2A, 0xE5, 0x5F, 0x7C, 0x4B, 0x6C,
	0x55, 0x2E, 0x24, 0xC0, 0x00, 0xA2, 0x05, 0xE4, 0x33, 0x0A, 0x3B, 0x2D,
	0x32, 0x7A, 0x37, 0xF0, 0x4A, 0x7E, 0x71, 0x5E, 0x1E, 0x70, 0x0A, 0x57,
	0x7D, 0x25, 0x0B, 0x25, 0x3E, 0x24, 0x3E, 0x24, 0x3E, 0x24, 0x3E, 0x24,
	0xC4, 0x54, 0xF0, 0x7C, 0xAB, 0xE4, 0x7D, 0x35, 0x2E, 0x34, 0x02, 0x00,
	0x2D, 0x32, 0x7A, 0x37, 0xF0, 0x24, 0x7E, 0x37, 0xF0, 0x24, 0x7A, 0x37,
	0x28, 0x1B, 0x7E, 0x37, 0xF2, 0x64, 0x7A, 0x37, 0x18, 0xFA, 0x7E, 0x37,
	0x2D, 0xE9, 0x2E, 0x34, 0x00, 0x10, 0x0B, 0x38, 0x30, 0x7A, 0x37, 0xF2,
	0x66, 0x7E, 0x37, 0x2D, 0xE9, 0x2E, 0x34, 0x00, 0x12, 0x0B, 0x38, 0x30,
	0x7A, 0x37, 0xF2, 0x68, 0x7E, 0x37, 0x2D, 0xE9, 0x2E, 0x34, 0x00, 0x14,
	0x0B, 0x38, 0x30, 0x7A, 0x37, 0xF2, 0x6A, 0x7E, 0x37, 0x2D, 0xE9, 0x2E,
	0x34, 0x00, 0x16, 0x0B, 0x38, 0x30, 0x5E, 0x34, 0x07, 0x3F, 0x7A, 0x37,
	0x2B, 0xB3, 0x7E, 0x37, 0x2D, 0xE9, 0x0B, 0x35, 0x0B, 0x38, 0x50, 0x0A,
	0x5A, 0x23, 0x23, 0x7D, 0x25, 0x5E, 0x24, 0x00, 0x03, 0x3E, 0x24, 0x3E,
	0x24, 0x7E, 0x37, 0x2B, 0xBD, 0x5E, 0x70, 0xF3, 0x4D, 0x32, 0x7A, 0x37,
	0x2B, 0xBD, 0x12, 0xF4, 0xAE, 0x75, 0xEF, 0xF7, 0x22, 0xCA, 0x3B, 0x7C,
	0xD3, 0x7A, 0x43, 0x37, 0x69, 0x7A, 0x53, 0x37, 0x68, 0x7C, 0xCB, 0x7D,
	0x73, 0x0B, 0x78, 0x30, 0x1A, 0x26, 0x7D, 0x03, 0x49, 0x37, 0x00, 0x02,
	0x7D, 0x20, 0x7A, 0x1F, 0x37, 0x6A, 0x0B, 0x76, 0x0B, 0x78, 0x30, 0x1A,
	0x26, 0x7D, 0x03, 0x49, 0x37, 0x00, 0x02, 0x7D, 0x20, 0x7A, 0x1F, 0x37,
	0x6E, 0x0B, 0x76, 0x7E, 0x73, 0x04, 0x3F, 0x7A, 0x73, 0x37, 0x7B, 0x4C,
	0xD3, 0x68, 0x08, 0x7E, 0x73, 0x04, 0x3E, 0x7A, 0x73, 0x37, 0x7B, 0x0A,
	0x2C, 0x7E, 0x73, 0x37, 0x68, 0x0A, 0x37, 0x9D, 0x32, 0x7A, 0x73, 0x37,
	0x77, 0x4C, 0xCC, 0x68, 0x03, 0x02, 0x58, 0xAA, 0x0B, 0x78, 0x30, 0x7A,
	0x37, 0x37, 0x72, 0x6D, 0x33, 0x7A, 0x37, 0x37, 0x74, 0x7E, 0x73, 0x37,
	0x77, 0xBE, 0x70, 0x00, 0x28, 0x08, 0x49, 0x37, 0x00, 0x02, 0x7A, 0x37,
	0x37, 0x74, 0x7E, 0x73, 0x04, 0x40, 0x0A, 0x37, 0x3E, 0x34, 0x3E, 0x34,
	0x3E, 0x34, 0xBE, 0x37, 0x37, 0x72, 0x50, 0x06, 0x74, 0x40, 0x7A, 0xB3,
	0x03, 0xFC, 0x7E, 0x73, 0x37, 0x7B, 0x7A, 0x73, 0x37, 0x7A, 0x7E, 0xB3,
	0x03, 0xFC, 0x70, 0x05, 0xE4, 0x7A, 0xB3, 0x37, 0x7A, 0x7E, 0x73, 0x04,
	0x82, 0x7A, 0x73, 0x37, 0x76, 0x4C, 0xDD, 0x68, 0x08, 0x7E, 0x73, 0x04,
	0x84, 0x7A, 0x73, 0x37, 0x76, 0x7E, 0x37, 0x37, 0x72, 0x7E, 0x27, 0x37,
	0x74, 0x7E, 0xB3, 0x37, 0x76, 0x7E, 0x33, 0x37, 0x7A, 0x12, 0xCF, 0xD6,
	0x7A, 0x37, 0x37, 0x72, 0x7D, 0x13, 0x6D, 0x00, 0x7E, 0x1F, 0x37, 0x6E,
	0x2F, 0x10, 0x7A, 0x1F, 0x37, 0x6E, 0x7E, 0x73, 0x37, 0x69, 0xBE, 0x73,
	0x37, 0x68, 0x68, 0x03, 0x02, 0x59, 0x5F, 0x7E, 0x53, 0x37, 0x77, 0x7E,
	0x70, 0x02, 0xAC, 0x75, 0x2D, 0x37, 0x0B, 0x38, 0x10, 0x7A, 0x17, 0x37,
	0x72, 0x6D, 0x11, 0x7A, 0x17, 0x37, 0x74, 0xBE, 0x50, 0x00, 0x28, 0x08,
	0x49, 0x33, 0xFF, 0xFE, 0x7A, 0x37, 0x37, 0x74, 0x7E, 0x73, 0x04, 0x40,
	0x0A, 0x37, 0x3E, 0x34, 0x3E, 0x34, 0x3E, 0x34, 0xBE, 0x37, 0x37, 0x72,
	0x50, 0x06, 0x74, 0x40, 0x7A, 0xB3, 0x03, 0xFC, 0x7E, 0x73, 0x37, 0x7B,
	0x7A, 0x73, 0x37, 0x7A, 0x7E, 0xB3, 0x03, 0xFC, 0x70, 0x05, 0xE4, 0x7A,
	0xB3, 0x37, 0x7A, 0x7E, 0x73, 0x04, 0x83, 0x7A, 0x73, 0x37, 0x76, 0x4C,
	0xDD, 0x68, 0x08, 0x7E, 0x73, 0x04, 0x85, 0x7A, 0x73, 0x37, 0x76, 0x7E,
	0x37, 0x37, 0x72, 0x7E, 0x27, 0x37, 0x74, 0x7E, 0xB3, 0x37, 0x76, 0x7E,
	0x33, 0x37, 0x7A, 0x12, 0xCF, 0xD6, 0x7D, 0x53, 0x7A, 0x37, 0x37, 0x72,
	0x7E, 0x73, 0x37, 0x77, 0x0A, 0x37, 0x0B, 0x35, 0x1A, 0x26, 0x1A, 0x24,
	0x7D, 0x15, 0x12, 0x8C, 0xCB, 0x7F, 0x01, 0x7E, 0x1F, 0x37, 0x6A, 0x2F,
	0x10, 0x7A, 0x1F, 0x37, 0x6A, 0x7D, 0x15, 0x6D, 0x00, 0x7E, 0x1F, 0x37,
	0x6E, 0x2F, 0x10, 0x7A, 0x1F, 0x37, 0x6E, 0x7E, 0x0F, 0x37, 0x6E, 0xBE,
	0x08, 0x00, 0x00, 0x78, 0x04, 0x6D, 0x33, 0x80, 0x1D, 0x7E, 0x1F, 0x37,
	0x6A, 0x7C, 0x45, 0x7C, 0x56, 0x7C, 0x67, 0x6C, 0x77, 0x12, 0x8D, 0x27,
	0x7F, 0x01, 0x9E, 0x08, 0x01, 0x00, 0x6D, 0x22, 0x7C, 0x6C, 0x6C, 0x77,
	0x2F, 0x10, 0x7A, 0x37, 0x37, 0x78, 0xDA, 0x3B, 0x22, 0xCA, 0x3B, 0x7C,
	0xF5, 0x7D, 0x63, 0x7A, 0xB3, 0x05, 0x21, 0x7A, 0x53, 0x05, 0x22, 0xE4,
	0x7A, 0xB3, 0x03, 0xD2, 0x6D, 0x33, 0x7A, 0x37, 0x03, 0xD5, 0x7A, 0x37,
	0x03, 0xD7, 0x7A, 0x37, 0x03, 0xDB, 0x7A, 0xB3, 0x03, 0xD0, 0x7E, 0x73,
	0x05, 0x1B, 0x7A, 0x73, 0x37, 0x45, 0x6C, 0xEE, 0x80, 0x12, 0x0A, 0x3E,
	0x09, 0x73, 0x03, 0x12, 0xBE, 0x73, 0x03, 0xD0, 0x28, 0x04, 0x7A, 0x73,
	0x03, 0xD0, 0x0B, 0xE0, 0x7E, 0x73, 0x37, 0x45, 0xBC, 0x7E, 0x38, 0xE6,
	0x7E, 0x73, 0x04, 0x43, 0x0A, 0x37, 0x7E, 0xB3, 0x05, 0x20, 0x30, 0xE2,
	0x02, 0x6D, 0x33, 0x7D, 0x23, 0x3E, 0x24, 0x7E, 0x33, 0x04, 0x12, 0x0A,
	0x13, 0x2D, 0x12, 0x7E, 0x27, 0x03, 0xE3, 0x9D, 0x21, 0x7E, 0x33, 0x04,
	0x42, 0x0A, 0x43, 0x7E, 0xA3, 0x03, 0xE8, 0x7E, 0x17, 0x03, 0xC4, 0xBE,
	0x14, 0x00, 0x50, 0x50, 0x1B, 0x7E, 0xB3, 0x03, 0xB6, 0xB4, 0x01, 0x14,
	0xBE, 0x24, 0x00, 0x00, 0x08, 0x0E, 0x2D, 0x43, 0xBE, 0x44, 0x00, 0xFF,
	0x08, 0x14, 0x7E, 0x44, 0x00, 0xFF, 0x80, 0x0E, 0x4C, 0xAA, 0x68, 0x02,
	0x1B, 0xA0, 0x0A, 0x3A, 0xBD, 0x34, 0x58, 0x02, 0x7C, 0xA9, 0x74, 0x07,
	0xA4, 0x2D, 0x54, 0x0B, 0x56, 0x0E, 0x54, 0x0E, 0x54, 0x0E, 0x54, 0x7A,
	0xB3, 0x03, 0xE8, 0x7E, 0x73, 0x04, 0x13, 0x0A, 0x27, 0x3E, 0x24, 0x7E,
	0x73, 0x04, 0x14, 0x7E, 0x63, 0x04, 0x7E, 0x1A, 0x06, 0x0A, 0x17, 0x2D,
	0x10, 0x7A, 0x33, 0x03, 0xE6, 0x7E, 0x63, 0x04, 0x7F, 0x1A, 0x06, 0x0A,
	0x17, 0x2D, 0x10, 0x7A, 0x33, 0x03, 0xE7, 0xBE, 0x27, 0x03, 0xE3, 0x50,
	0x24, 0x7E, 0xB3, 0x04, 0x11, 0x30, 0xE0, 0x1D, 0x7E, 0xB3, 0x05, 0x20,
	0x20, 0xE1, 0x16, 0x7D, 0x32, 0x6D, 0x22, 0x7E, 0x33, 0x04, 0x14, 0x0A,
	0x13, 0x6D, 0x00, 0x12, 0x8C, 0xBA, 0x7E, 0x17, 0x03, 0xE3, 0x12, 0x8C,
	0xD4, 0x7E, 0x43, 0x03, 0xE5, 0xA5, 0xBC, 0x00, 0x04, 0x7E, 0x43, 0x04,
	0x14, 0x7E, 0x50, 0x03, 0xAC, 0x45, 0x0A, 0x37, 0x2D, 0x23, 0x2E, 0x24,
	0x00, 0x03, 0x1E, 0x24, 0x1E, 0x24, 0x7C, 0x45, 0x7A, 0x53, 0x03, 0xE5,
	0x7E, 0x53, 0x04, 0x14, 0x4C, 0x55, 0x68, 0x2D, 0x7C, 0x64, 0x6C, 0x77,
	0x0A, 0x25, 0x8D, 0x32, 0x4C, 0x77, 0x68, 0x21, 0x7E, 0xB3, 0x03, 0xE6,
	0xAC, 0xB7, 0x0A, 0x2A, 0x7A, 0xA3, 0x03, 0xE6, 0x7E, 0xB3, 0x03, 0xE7,
	0xAC, 0xB7, 0x0A, 0x2A, 0x7A, 0xA3, 0x03, 0xE7, 0x7C, 0xB7, 0x7E, 0x34,
	0xC0, 0x00, 0x12, 0xCA, 0xBF, 0x6D, 0x33, 0x7A, 0x37, 0x03, 0xE3, 0x7A,
	0x37, 0x03, 0xEB, 0x7E, 0xB3, 0x04, 0x0B, 0x60, 0x4D, 0x12, 0xC5, 0x7F,
	0x12, 0xD9, 0x83, 0x7E, 0x73, 0x05, 0x1B, 0x7A, 0x73, 0x37, 0x45, 0x6C,
	0xEE, 0x80, 0x1A, 0x7C, 0xBE, 0x7E, 0x08, 0x37, 0x46, 0x9F, 0x11, 0x12,
	0xE9, 0x55, 0x7D, 0x36, 0x7C, 0xBE, 0x12, 0x40, 0x6A, 0x1A, 0x3F, 0x3E,
	0x34, 0x2D, 0x63, 0x0B, 0xE0, 0x7E, 0xB3, 0x37, 0x45, 0xBC, 0xBE, 0x38,
	0xDE, 0x24, 0x03, 0x7A, 0xB3, 0x37, 0x45, 0x80, 0x09, 0x9F, 0x11, 0x7C,
	0xBE, 0x12, 0x40, 0x6A, 0x0B, 0xE0, 0x7E, 0x73, 0x37, 0x45, 0xBC, 0x7E,
	0x38, 0xEF, 0xDA, 0x3B, 0x22, 0xCA, 0x3B, 0x7C, 0xE7, 0x7C, 0xFB, 0x6C,
	0xDD, 0x7C, 0xBD, 0x12, 0xF1, 0xD2, 0x7A, 0x1F, 0x37, 0x38, 0x7E, 0x30,
	0x14, 0xAC, 0x3D, 0x2E, 0x14, 0x39, 0x47, 0x6D, 0x00, 0x0A, 0x3D, 0x09,
	0xB3, 0x39, 0x45, 0x7C, 0x7E, 0x12, 0xEF, 0x4A, 0x7E, 0x70, 0x14, 0xAC,
	0x7D, 0x09, 0x53, 0x39, 0x47, 0x7A, 0x53, 0x37, 0x31, 0x0A, 0x2D, 0x09,
	0x52, 0x39, 0x45, 0x0A, 0x25, 0x2D, 0x32, 0x09, 0x73, 0x39, 0x46, 0x7A,
	0x73, 0x37, 0x32, 0x02, 0x5C, 0x51, 0x7E, 0x0F, 0x37, 0x38, 0x7E, 0x0B,
	0xC0, 0x4C, 0xDD, 0x78, 0x09, 0x0A, 0x3C, 0x09, 0xB3, 0x3A, 0x49, 0x20,
	0xE0, 0x11, 0xBE, 0xD0, 0x01, 0x68, 0x03, 0x02, 0x5C, 0x3D, 0x0A, 0x3C,
	0x09, 0xB3, 0x3A, 0x49, 0x30, 0xE1, 0x7A, 0xBE, 0xC0, 0x03, 0x78, 0x48,
	0x7E, 0x63, 0x37, 0x31, 0x0A, 0x26, 0x7F, 0x20, 0x2D, 0x52, 0x29, 0x72,
	0x00, 0x02, 0xBE, 0x73, 0x37, 0x31, 0x78, 0x06, 0x7E, 0x73, 0x37, 0x31,
	0x80, 0x0A, 0x0A, 0x56, 0x7E, 0x24, 0x00, 0x07, 0x9D, 0x25, 0x7C, 0x75,
	0x7A, 0x73, 0x37, 0x30, 0x0A, 0x27, 0x2D, 0x12, 0x0B, 0x15, 0x7A, 0x0F,
	0x37, 0x33, 0x7C, 0xBD, 0x7C, 0x7C, 0x7E, 0x53, 0x37, 0x32, 0x7E, 0x40,
	0x08, 0x12, 0x94, 0xD3, 0x74, 0x09, 0x7A, 0xB3, 0x37, 0x37, 0x80, 0x16,
	0x7E, 0x1F, 0x37, 0x38, 0x0B, 0x35, 0x7A, 0x1F, 0x37, 0x33, 0x7E, 0x1F,
	0x37, 0x38, 0x29, 0x71, 0x00, 0x01, 0x7A, 0x73, 0x37, 0x37, 0x7C, 0xBD,
	0x7C, 0x7C, 0x7E, 0x63, 0x37, 0x31, 0x7E, 0x53, 0x37, 0x32, 0x7E, 0x0F,
	0x37, 0x33, 0x7E, 0x43, 0x37, 0x37, 0x12, 0x94, 0xD3, 0x7E, 0x0F, 0x37,
	0x38, 0x29, 0x70, 0x00, 0x01, 0x0A, 0x37, 0x0B, 0x35, 0x2D, 0x31, 0x7D,
	0x20, 0x7A, 0x1F, 0x37, 0x38, 0x7E, 0x1F, 0x37, 0x38, 0x7E, 0x1B, 0xB0,
	0xB4, 0x11, 0x02, 0x80, 0x03, 0x02, 0x5B, 0x9E, 0x0B, 0xD0, 0xBE, 0xD0,
	0x01, 0x38, 0x03, 0x02, 0x5B, 0x5D, 0x6C, 0x77, 0x0A, 0x27, 0x09, 0x32,
	0x3A, 0x49, 0xA5, 0xBB, 0x07, 0x77, 0x74, 0x02, 0xAC, 0xB7, 0x09, 0x65,
	0x3A, 0x5A, 0x0A, 0x06, 0x09, 0x65, 0x3A, 0x5B, 0x0A, 0x26, 0x2D, 0x20,
	0x7C, 0x65, 0x7C, 0xB7, 0x24, 0xF3, 0x68, 0x12, 0x14, 0x68, 0x14, 0x14,
	0x68, 0x16, 0x14, 0x68, 0x18, 0x0B, 0xB2, 0x78, 0x19, 0x7E, 0xC0, 0x02,
	0x80, 0x16, 0x7E, 0xC0, 0x08, 0x80, 0x11, 0x7E, 0xC0, 0x09, 0x80, 0x0C,
	0x7E, 0xC0, 0x0A, 0x80, 0x07, 0x7E, 0xC0, 0x0B, 0x80, 0x02, 0x7C, 0xC7,
	0x7E, 0x23, 0x3A, 0x43, 0xBC, 0x26, 0x28, 0x14, 0x7A, 0xF3, 0x3A, 0x45,
	0x7A, 0x63, 0x3A, 0x43, 0x74, 0x01, 0x7A, 0xB3, 0x3A, 0x44, 0x7A, 0xC3,
	0x39, 0x30, 0x80, 0x19, 0xBC, 0x26, 0x78, 0x15, 0xBE, 0xF3, 0x3A, 0x45,
	0x78, 0x0F, 0xBE, 0xC3, 0x39, 0x30, 0x68, 0x09, 0x7E, 0xB3, 0x3A, 0x44,
	0x04, 0x7A, 0xB3, 0x3A, 0x44, 0x0A, 0x27, 0x2E, 0x24, 0x3A, 0x49, 0x7C,
	0xB3, 0x54, 0x01, 0x7A, 0x29, 0xB0, 0x7E, 0x30, 0x80, 0x7E, 0x50, 0x02,
	0xAC, 0x57, 0x19, 0x32, 0x3A, 0x5A, 0x74, 0x80, 0x19, 0xB2, 0x3A, 0x5B,
	0x0B, 0x70, 0xBE, 0x70, 0x11, 0x50, 0x03, 0x02, 0x5C, 0x6C, 0xDA, 0x3B,
	0x22, 0xCA, 0x3B, 0x7D, 0x73, 0xE4, 0x6D, 0x33, 0x7D, 0x27, 0x09, 0xA7,
	0x00, 0x01, 0x0A, 0x1A, 0x0B, 0x14, 0x5E, 0x20, 0x00, 0x12, 0xAC, 0x00,
	0x09, 0xA7, 0x00, 0x01, 0x0A, 0x4A, 0x2D, 0x47, 0x09, 0x74, 0x00, 0x01,
	0xBC, 0xB7, 0x68, 0x05, 0x74, 0x81, 0x02, 0x5E, 0xD6, 0x7E, 0x79, 0xB0,
	0xB4, 0x01, 0x6D, 0x09, 0xD7, 0x00, 0x02, 0x5E, 0xD0, 0x1F, 0x7C, 0xCA,
	0x9E, 0xC0, 0x05, 0x49, 0x37, 0x00, 0x03, 0x7A, 0x37, 0x37, 0x2E, 0x4C,
	0xDD, 0x78, 0x18, 0x7D, 0x17, 0x2E, 0x14, 0x00, 0x06, 0x6D, 0x00, 0x0A,
	0x2C, 0x7E, 0x37, 0x37, 0x2E, 0x2E, 0x34, 0x00, 0x00, 0x12, 0xF0, 0x0A,
	0x02, 0x5E, 0xD5, 0xBE, 0xD0, 0x01, 0x78, 0x0E, 0x7D, 0x37, 0x7E, 0x27,
	0x37, 0x2E, 0x7C, 0xBC, 0x12, 0xEC, 0x7C, 0x02, 0x5E, 0xD5, 0xBE, 0xD0,
	0x04, 0x78, 0x0E, 0x7D, 0x37, 0x7E, 0x27, 0x37, 0x2E, 0x7C, 0xBC, 0x12,
	0xE6, 0xEB, 0x02, 0x5E, 0xD5, 0xBE, 0xD0, 0x05, 0x68, 0x03, 0x02, 0x5E,
	0xB5, 0xE4, 0x7D, 0x37, 0x7E, 0x27, 0x37, 0x2E, 0x7C, 0x3C, 0x12, 0x65,
	0xAC, 0x02, 0x5E, 0xD5, 0x7E, 0x79, 0xB0, 0xB4, 0x02, 0x02, 0x80, 0x03,
	0x02, 0x5E, 0x82, 0x09, 0xD7, 0x00, 0x02, 0x5E, 0xD0, 0x1F, 0x09, 0xC7,
	0x00, 0x05, 0x49, 0x37, 0x00, 0x03, 0x7A, 0x37, 0x37, 0x2E, 0x74, 0x82,
	0x7A, 0x79, 0xB0, 0x0A, 0x3C, 0x2E, 0x34, 0x00, 0x03, 0x19, 0x77, 0x00,
	0x01, 0x19, 0xD7, 0x00, 0x02, 0x19, 0xC7, 0x00, 0x03, 0x4C, 0xDD, 0x78,
	0x16, 0x7E, 0x17, 0x37, 0x2E, 0x2E, 0x14, 0x00, 0x00, 0x6D, 0x00, 0x0A,
	0x2C, 0x7D, 0x37, 0x0B, 0x36, 0x12, 0xF0, 0x0A, 0x02, 0x5E, 0xB9, 0xBE,
	0xD0, 0x01, 0x78, 0x0E, 0x7D, 0x37, 0x7E, 0x27, 0x37, 0x2E, 0x7C, 0xBC,
	0x12, 0xED, 0x1A, 0x02, 0x5E, 0xB9, 0xBE, 0xD0, 0x02, 0x78, 0x18, 0x7E,
	0x17, 0x37, 0x2E, 0x2E, 0x14, 0x00, 0x00, 0x7E, 0x04, 0x00, 0xFF, 0x0A,
	0x2C, 0x7D, 0x37, 0x0B, 0x36, 0x12, 0xF0, 0x0A, 0x02, 0x5E, 0xB9, 0xBE,
	0xD0, 0x03, 0x78, 0x20, 0x7E, 0x17, 0x37, 0x2E, 0x5E, 0x20, 0x0F, 0x1E,
	0x14, 0x3E, 0x14, 0x2E, 0x14, 0xE0, 0x00, 0x6D, 0x00, 0x7C, 0x7C, 0x1E,
	0x70, 0x0A, 0x27, 0x7D, 0x37, 0x0B, 0x36, 0x12, 0xEE, 0x3D, 0x80, 0x5D,
	0xBE, 0xD0, 0x04, 0x78, 0x0D, 0x7D, 0x37, 0x7E, 0x27, 0x37, 0x2E, 0x7C,
	0xBC, 0x12, 0xE8, 0xC4, 0x80, 0x4B, 0xBE, 0xD0, 0x05, 0x78, 0x42, 0x74,
	0x01, 0x7D, 0x37, 0x7E, 0x27, 0x37, 0x2E, 0x7C, 0x3C, 0x12, 0x65, 0xAC,
	0x80, 0x37, 0x7E, 0x79, 0xB0, 0xB4, 0x04, 0x0E, 0x09, 0xB7, 0x00, 0x02,
	0xB4, 0x02, 0x46, 0x7D, 0x37, 0x12, 0xB9, 0xFD, 0x80, 0x23, 0x7E, 0x79,
	0xB0, 0xB4, 0x05, 0x15, 0x09, 0xD7, 0x00, 0x02, 0x5E, 0xD0, 0x0F, 0xBE,
	0xD0, 0x01, 0x78, 0x0D, 0x7D, 0x37, 0x12, 0xE2, 0x87, 0x70, 0x0A, 0x80,
	0x24, 0x74, 0x80, 0x80, 0x21, 0x74, 0x82, 0x80, 0x1D, 0xE4, 0x6D, 0x33,
	0x7D, 0x27, 0x09, 0xA7, 0x00, 0x01, 0x0A, 0x1A, 0x0B, 0x14, 0x12, 0xAC,
	0x00, 0x09, 0xA7, 0x00, 0x01, 0x0A, 0x3A, 0x2D, 0x37, 0x19, 0xB3, 0x00,
	0x01, 0xE4, 0xDA, 0x3B, 0x22, 0xCA, 0x3B, 0x7D, 0x73, 0x7E, 0xC3, 0x2A,
	0x18, 0x7E, 0xB3, 0x28, 0x22, 0xB4, 0x01, 0x02, 0x80, 0x03, 0x02, 0x60,
	0x7F, 0x7E, 0xB3, 0x2C, 0x77, 0x70, 0x1F, 0xE5, 0x52, 0x7A, 0xB3, 0x2C,
	0x77, 0xE4, 0x7A, 0xB3, 0x2C, 0x85, 0xBE, 0xC0, 0x00, 0x28, 0x0F, 0x7C,
	0xBC, 0x20, 0xE7, 0x0A, 0x7C, 0x7C, 0x5E, 0x73, 0x2C, 0x77, 0x7A, 0x73,
	0x2C, 0x77, 0x7E, 0xD3, 0x2C, 0x77, 0x7C, 0xBD, 0x30, 0xE0, 0x1B, 0x7C,
	0xBD, 0x54, 0xFE, 0x7A, 0xB3, 0x2C, 0x77, 0x7D, 0x37, 0x74, 0x10, 0x7E,
	0x50, 0x09, 0x7E, 0x43, 0x2C, 0x77, 0x6C, 0x33, 0x12, 0x43, 0x63, 0x02,
	0x60, 0x6E, 0x7C, 0xBD, 0x30, 0xE1, 0x71, 0x7C, 0xBC, 0x30, 0xE7, 0x08,
	0x7C, 0xBC, 0x54, 0x7F, 0x7A, 0xB3, 0x2C, 0x85, 0x7E, 0xD1, 0x49, 0x30,
	0x05, 0x05, 0x30, 0x00, 0x02, 0x0B, 0xD0, 0x30, 0x05, 0x19, 0x7E, 0x73,
	0x2C, 0x85, 0xBE, 0x71, 0x49, 0x78, 0x10, 0x7D, 0x37, 0x74, 0x0A, 0x7E,
	0x51, 0x5A, 0x6C, 0x44, 0x6C, 0x33, 0x12, 0x43, 0x63, 0x80, 0x10, 0x7D,
	0x37, 0x74, 0x13, 0x7E, 0x51, 0x5F, 0x7E, 0x43, 0x2C, 0x85, 0x6C, 0x33,
	0x12, 0x43, 0x63, 0x7E, 0xB3, 0x2C, 0x85, 0x04, 0x7A, 0xB3, 0x2C, 0x85,
	0x7C, 0xBC, 0x30, 0xE7, 0x04, 0x7A, 0xD3, 0x2C, 0x85, 0xBE, 0xD3, 0x2C,
	0x85, 0x68, 0x03, 0x02, 0x60, 0x6E, 0x7E, 0xB3, 0x2C, 0x77, 0x54, 0xFD,
	0x7A, 0xB3, 0x2C, 0x77, 0xE4, 0x7A, 0xB3, 0x2C, 0x85, 0x02, 0x60, 0x6E,
	0x7E, 0xB3, 0x2C, 0x77, 0x30, 0xE2, 0x37, 0x7D, 0x37, 0x74, 0x12, 0x7E,
	0x51, 0x5F, 0x7E, 0x43, 0x2C, 0x85, 0x6C, 0x33, 0x12, 0x43, 0x63, 0x7E,
	0xB3, 0x2C, 0x85, 0x04, 0x7A, 0xB3, 0x2C, 0x85, 0x7E, 0x71, 0x43, 0xBE,
	0x73, 0x2C, 0x85, 0x68, 0x03, 0x02, 0x60, 0x6E, 0x7E, 0xB3, 0x2C, 0x77,
	0x54, 0xFB, 0x7A, 0xB3, 0x2C, 0x77, 0xE4, 0x7A, 0xB3, 0x2C, 0x85, 0x02,
	0x60, 0x6E, 0x7E, 0xB3, 0x2C, 0x77, 0x30, 0xE3, 0x33, 0x7D, 0x37, 0x74,
	0x15, 0x7E, 0x51, 0x5F, 0x7E, 0x43, 0x2C, 0x85, 0x6C, 0x33, 0x12, 0x43,
	0x63, 0x7E, 0xB3, 0x2C, 0x85, 0x04, 0x7A, 0xB3, 0x2C, 0x85, 0x7E, 0x73,
	0x2C, 0x85, 0xBE, 0x71, 0x48, 0x78, 0x5B, 0x7E, 0xB3, 0x2C, 0x77, 0x54,
	0xF7, 0x7A, 0xB3, 0x2C, 0x77, 0xE4, 0x7A, 0xB3, 0x2C, 0x85, 0x80, 0x4A,
	0x7E, 0xB3, 0x2C, 0x77, 0x30, 0xE5, 0x43, 0x7D, 0x37, 0x74, 0x16, 0x7E,
	0x51, 0x5F, 0x7E, 0x43, 0x2C, 0x85, 0x6C, 0x33, 0x12, 0x43, 0x63, 0x7E,
	0xB3, 0x2C, 0x85, 0x04, 0x7A, 0xB3, 0x2C, 0x85, 0x7E, 0xB3, 0x18, 0xF8,
	0xBE, 0xB0, 0x02, 0x68, 0x09, 0x20, 0x00, 0x06, 0xE5, 0x40, 0x7A, 0xB3,
	0x2C, 0x85, 0x7E, 0x73, 0x2C, 0x85, 0xBE, 0x71, 0x40, 0x78, 0x0F, 0x7E,
	0xB3, 0x2C, 0x77, 0x54, 0xDF, 0x7A, 0xB3, 0x2C, 0x77, 0xE4, 0x7A, 0xB3,
	0x2C, 0x85, 0x30, 0x00, 0x1E, 0x7E, 0xB3, 0x2C, 0x77, 0x70, 0x18, 0x74,
	0x02, 0x7A, 0xB3, 0x28, 0x22, 0x80, 0x10, 0xE4, 0x7A, 0x79, 0xB0, 0x74,
	0x01, 0x19, 0xB7, 0x00, 0x01, 0x74, 0x02, 0x19, 0xB7, 0x00, 0x02, 0xDA,
	0x3B, 0x22, 0xCA, 0x3B, 0x7D, 0x02, 0x7D, 0x13, 0x09, 0xB1, 0x00, 0x01,
	0x30, 0xE0, 0x24, 0x09, 0xB0, 0x00, 0x0B, 0x19, 0xB1, 0x00, 0x03, 0x09,
	0xB0, 0x00, 0x0C, 0x19, 0xB1, 0x00, 0x04, 0x09, 0xB0, 0x00, 0x0D, 0x19,
	0xB1, 0x00, 0x05, 0x09, 0xB0, 0x00, 0x0E, 0x19, 0xB1, 0x00, 0x06, 0xE4,
	0x02, 0x62, 0x3C, 0x09, 0xB1, 0x00, 0x07, 0x60, 0x03, 0x02, 0x62, 0x48,
	0x09, 0xD0, 0x00, 0x0B, 0x0A, 0x2D, 0x09, 0xB0, 0x00, 0x0C, 0x0A, 0x3B,
	0x9D, 0x32, 0x0B, 0x34, 0x7C, 0xC7, 0x09, 0xE0, 0x00, 0x0D, 0x4C, 0xEE,
	0x68, 0x39, 0x1B, 0xE0, 0x7E, 0x73, 0x05, 0x1A, 0x0A, 0x37, 0x1A, 0x2E,
	0xAD, 0x32, 0x1A, 0x4D, 0x2D, 0x43, 0x3E, 0x44, 0x2E, 0x47, 0x03, 0x10,
	0x6C, 0xFF, 0x6C, 0xAA, 0x80, 0x0F, 0x0B, 0x48, 0x30, 0xBE, 0x34, 0x00,
	0x00, 0x08, 0x02, 0x0B, 0xF0, 0x0B, 0x45, 0x0B, 0xA0, 0xBC, 0xCA, 0x18,
	0xED, 0x7C, 0xBC, 0x0E, 0xB0, 0xBC, 0xBF, 0x08, 0x02, 0x0B, 0xE0, 0x19,
	0xE1, 0x00, 0x05, 0x09, 0xE0, 0x00, 0x0E, 0x7E, 0xB3, 0x05, 0x1B, 0x0A,
	0x2B, 0x1B, 0x24, 0x1A, 0x3E, 0xBD, 0x32, 0x58, 0x39, 0x0B, 0xE0, 0x7E,
	0x73, 0x05, 0x1A, 0x0A, 0x37, 0x1A, 0x2E, 0xAD, 0x32, 0x1A, 0x4D, 0x2D,
	0x43, 0x3E, 0x44, 0x2E, 0x47, 0x03, 0x10, 0x6C, 0xFF, 0x6C, 0xAA, 0x80,
	0x0F, 0x0B, 0x48, 0x30, 0xBE, 0x34, 0x00, 0x00, 0x08, 0x02, 0x0B, 0xF0,
	0x0B, 0x45, 0x0B, 0xA0, 0xBC, 0xCA, 0x18, 0xED, 0x7C, 0xBC, 0x0E, 0xB0,
	0xBC, 0xBF, 0x08, 0x02, 0x1B, 0xE0, 0x19, 0xE1, 0x00, 0x06, 0x09, 0xE0,
	0x00, 0x0D, 0x0A, 0x3E, 0x09, 0xB0, 0x00, 0x0E, 0x0A, 0x6B, 0x9D, 0x63,
	0x0B, 0x64, 0x7C, 0xCD, 0x09, 0xD0, 0x00, 0x0B, 0x4C, 0xDD, 0x68, 0x42,
	0x1B, 0xD0, 0x7E, 0x73, 0x05, 0x1A, 0x0A, 0x37, 0x1A, 0x2E, 0xAD, 0x32,
	0x1A, 0x4D, 0x2D, 0x43, 0x3E, 0x44, 0x2E, 0x47, 0x03, 0x10, 0x6C, 0xFF,
	0x6C, 0xAA, 0x80, 0x18, 0x0B, 0x48, 0x30, 0xBE, 0x34, 0x00, 0x00, 0x08,
	0x02, 0x0B, 0xF0, 0x7E, 0x63, 0x05, 0x1A, 0x7E, 0x70, 0x02, 0xAC, 0x67,
	0x2D, 0x43, 0x0B, 0xA0, 0xBC, 0xCA, 0x18, 0xE4, 0x7C, 0xBC, 0x0E, 0xB0,
	0xBC, 0xBF, 0x08, 0x02, 0x0B, 0xD0, 0x19, 0xD1, 0x00, 0x03, 0x09, 0xD0,
	0x00, 0x0C, 0x7E, 0xB3, 0x05, 0x1A, 0x0A, 0x3B, 0x7D, 0x03, 0x1B, 0x04,
	0x1A, 0x2D, 0xBD, 0x20, 0x58, 0x3C, 0x0B, 0xD0, 0x1A, 0x2E, 0xAD, 0x32,
	0x1A, 0x4D, 0x2D, 0x43, 0x3E, 0x44, 0x2E, 0x47, 0x03, 0x10, 0x6C, 0xFF,
	0x6C, 0xAA, 0x80, 0x18, 0x0B, 0x48, 0x00, 0xBE, 0x04, 0x00, 0x00, 0x08,
	0x02, 0x0B, 0xF0, 0x7E, 0x03, 0x05, 0x1A, 0x7E, 0x10, 0x02, 0xAC, 0x01,
	0x2D, 0x40, 0x0B, 0xA0, 0xBC, 0xCA, 0x18, 0xE4, 0x7C, 0xBC, 0x0E, 0xB0,
	0xBC, 0xBF, 0x08, 0x02, 0x1B, 0xD0, 0x19, 0xD1, 0x00, 0x04, 0x7E, 0xB3,
	0x04, 0x73, 0x20, 0xE7, 0x15, 0x09, 0xB1, 0x00, 0x02, 0xB4, 0x02, 0x14,
	0x74, 0x02, 0x19, 0xB1, 0x00, 0x08, 0x74, 0x01, 0x19, 0xB1, 0x00, 0x07,
	0x80, 0x06, 0x74, 0x02, 0x19, 0xB1, 0x00, 0x08, 0xDA, 0x3B, 0x22, 0xCA,
	0x3B, 0x7D, 0x60, 0x7A, 0x17, 0x37, 0x5A, 0x7C, 0xE5, 0x7C, 0xFB, 0x7D,
	0x23, 0x7E, 0x29, 0x70, 0x7A, 0x73, 0x37, 0x60, 0x09, 0x72, 0x00, 0x01,
	0x7A, 0x73, 0x37, 0x61, 0x09, 0x72, 0x00, 0x02, 0x7A, 0x73, 0x37, 0x62,
	0x09, 0x72, 0x00, 0x03, 0x7A, 0x73, 0x37, 0x63, 0x7E, 0xB3, 0x04, 0x08,
	0x60, 0x03, 0x02, 0x63, 0x49, 0x7E, 0x63, 0x37, 0x60, 0x0A, 0x16, 0x7E,
	0x73, 0x37, 0x61, 0x0A, 0x27, 0x9D, 0x21, 0xBE, 0x24, 0x00, 0x01, 0x78,
	0x50, 0x1A, 0x1F, 0x7E, 0x73, 0x37, 0x62, 0x0A, 0x47, 0xAD, 0x14, 0x3E,
	0x14, 0x7E, 0x70, 0x02, 0xAC, 0x67, 0x2D, 0x31, 0x2E, 0x37, 0x03, 0x10,
	0x7D, 0x52, 0x0B, 0x54, 0x7E, 0xA3, 0x37, 0x63, 0x0A, 0x2A, 0x9D, 0x24,
	0x0B, 0x24, 0x7E, 0x40, 0x01, 0x7C, 0x3F, 0x12, 0x78, 0xB6, 0x7A, 0x37,
	0x37, 0x5E, 0x7E, 0x39, 0xB0, 0x60, 0x1A, 0x7E, 0x37, 0x37, 0x5E, 0x09,
	0x73, 0x00, 0x01, 0x0A, 0x27, 0x7E, 0x73, 0x37, 0x60, 0x0A, 0x37, 0x2D,
	0x32, 0x7A, 0x73, 0x37, 0x61, 0x7A, 0x73, 0x37, 0x60, 0x7E, 0x73, 0x37,
	0x62, 0x0A, 0x07, 0x7E, 0x73, 0x37, 0x63, 0x0A, 0x47, 0x9D, 0x40, 0xBE,
	0x44, 0x00, 0x01, 0x78, 0x50, 0x1A, 0x1F, 0xAD, 0x10, 0x3E, 0x14, 0x7E,
	0x53, 0x37, 0x60, 0x7E, 0x70, 0x02, 0xAC, 0x75, 0x2D, 0x31, 0x2E, 0x37,
	0x03, 0x10, 0x7D, 0x54, 0x0B, 0x54, 0x0A, 0x15, 0x7E, 0xA3, 0x37, 0x61,
	0x0A, 0x2A, 0x9D, 0x21, 0x0B, 0x24, 0x7C, 0x4F, 0x7E, 0x30, 0x01, 0x12,
	0x78, 0xB6, 0x7A, 0x37, 0x37, 0x5E, 0x7E, 0x39, 0xB0, 0x60, 0x1A, 0x7E,
	0x37, 0x37, 0x5E, 0x09, 0x73, 0x00, 0x01, 0x0A, 0x27, 0x7E, 0x73, 0x37,
	0x62, 0x0A, 0x37, 0x2D, 0x32, 0x7A, 0x73, 0x37, 0x63, 0x7A, 0x73, 0x37,
	0x62, 0x7E, 0xA3, 0x04, 0x08, 0x4C, 0xAA, 0x78, 0x14, 0x7E, 0xB3, 0x37,
	0x60, 0x0A, 0x2B, 0x7E, 0xB3, 0x37, 0x61, 0x0A, 0x3B, 0x9D, 0x32, 0xBE,
	0x34, 0x00, 0x01, 0x18, 0x21, 0x7E, 0xB3, 0x37, 0x60, 0xBE, 0xB0, 0x00,
	0x28, 0x05, 0x14, 0x7A, 0xB3, 0x37, 0x60, 0x1A, 0x3F, 0x1B, 0x34, 0x7E,
	0xB3, 0x37, 0x61, 0x0A, 0x4B, 0xBD, 0x43, 0x58, 0x05, 0x04, 0x7A, 0xB3,
	0x37, 0x61, 0x4C, 0xAA, 0x78, 0x14, 0x7E, 0x73, 0x37, 0x62, 0x0A, 0x27,
	0x7E, 0x73, 0x37, 0x63, 0x0A, 0x37, 0x9D, 0x32, 0xBE, 0x34, 0x00, 0x01,
	0x18, 0x21, 0x7E, 0xB3, 0x37, 0x62, 0xBE, 0xB0, 0x00, 0x28, 0x05, 0x14,
	0x7A, 0xB3, 0x37, 0x62, 0x1A, 0x2E, 0x1B, 0x24, 0x7E, 0xB3, 0x37, 0x63,
	0x0A, 0x3B, 0xBD, 0x32, 0x58, 0x05, 0x04, 0x7A, 0xB3, 0x37, 0x63, 0x1A,
	0x3F, 0x7E, 0x53, 0x37, 0x62, 0x0A, 0x25, 0xAD, 0x32, 0x7D, 0x23, 0x3E,
	0x24, 0x7E, 0x63, 0x37, 0x60, 0x7E, 0x70, 0x02, 0xAC, 0x67, 0x2D, 0x32,
	0x2E, 0x37, 0x03, 0x10, 0x7A, 0x67, 0x37, 0x64, 0x7E, 0x27, 0x37, 0x5C,
	0x7A, 0x27, 0x37, 0x66, 0x7E, 0xB3, 0x37, 0x60, 0x7E, 0x53, 0x37, 0x61,
	0x7E, 0x43, 0x37, 0x62, 0x7E, 0x33, 0x37, 0x63, 0x7E, 0x07, 0x37, 0x5A,
	0x12, 0x7F, 0xFA, 0xDA, 0x3B, 0x22, 0xCA, 0x3B, 0x7E, 0x37, 0x39, 0x39,
	0x2E, 0x37, 0x39, 0x3D, 0x1E, 0x34, 0x7A, 0x37, 0x37, 0x34, 0x7E, 0x37,
	0x39, 0x3B, 0x2E, 0x37, 0x39, 0x3F, 0x1E, 0x34, 0x7A, 0x37, 0x37, 0x36,
	0x7E, 0x37, 0x39, 0x3D, 0x9E, 0x37, 0x39, 0x39, 0x7E, 0x04, 0x00, 0x06,
	0x8D, 0x30, 0x7A, 0x37, 0x37, 0x38, 0x7E, 0x17, 0x39, 0x3F, 0x9E, 0x17,
	0x39, 0x3B, 0x8D, 0x10, 0x7A, 0x17, 0x37, 0x3A, 0x4D, 0x33, 0x68, 0x08,
	0x7E, 0x27, 0x37, 0x3A, 0x4D, 0x22, 0x78, 0x09, 0x74, 0x36, 0x7A, 0xB3,
	0x39, 0x2B, 0x02, 0x65, 0xA9, 0x7E, 0x37, 0x37, 0x38, 0x12, 0xF4, 0x7C,
	0x3E, 0x34, 0x7A, 0x37, 0x3A, 0x47, 0x9F, 0x33, 0x7E, 0x47, 0x39, 0x35,
	0x7E, 0xB3, 0x39, 0x46, 0x7E, 0x70, 0x02, 0xAC, 0xB7, 0x59, 0x45, 0x39,
	0x97, 0x7E, 0x47, 0x39, 0x37, 0x59, 0x45, 0x39, 0xC1, 0x6D, 0x33, 0x59,
	0x35, 0x39, 0xEB, 0x74, 0x09, 0x7A, 0xB3, 0x37, 0x31, 0xE4, 0x7A, 0xB3,
	0x37, 0x33, 0xE4, 0x7A, 0xB3, 0x37, 0x30, 0x80, 0x65, 0x7E, 0x03, 0x37,
	0x30, 0x7E, 0x10, 0x02, 0xAC, 0x01, 0x49, 0x30, 0x39, 0xEB, 0x6D, 0x22,
	0x2F, 0x31, 0x7E, 0x17, 0x37, 0x34, 0x7A, 0x17, 0x37, 0x3C, 0x7E, 0x17,
	0x37, 0x36, 0x7A, 0x17, 0x37, 0x3E, 0xE4, 0x7E, 0x37, 0x37, 0x38, 0x7E,
	0x27, 0x37, 0x3A, 0x49, 0x10, 0x39, 0x97, 0x49, 0x00, 0x39, 0xC1, 0x12,
	0xA8, 0x5E, 0x7A, 0xB3, 0x37, 0x32, 0xBE, 0xB3, 0x37, 0x31, 0x68, 0x1D,
	0x7E, 0xA3, 0x37, 0x32, 0x7E, 0x73, 0x37, 0x33, 0x7C, 0xB7, 0x04, 0x7A,
	0xB3, 0x37, 0x33, 0x0A, 0x37, 0x19, 0xA3, 0x39, 0x47, 0x7E, 0x73, 0x37,
	0x32, 0x7A, 0x73, 0x37, 0x31, 0x7E, 0xB3, 0x37, 0x30, 0x04, 0x7A, 0xB3,
	0x37, 0x30, 0x7E, 0x73, 0x39, 0x46, 0x0A, 0x27, 0x0B, 0x24, 0x7E, 0x73,
	0x37, 0x30, 0x0A, 0x37, 0xBD, 0x32, 0x48, 0x89, 0x7E, 0x73, 0x37, 0x33,
	0x7A, 0x73, 0x39, 0x45, 0xE4, 0x7A, 0xB3, 0x37, 0x30, 0x80, 0x24, 0x7E,
	0x53, 0x37, 0x33, 0x7C, 0x45, 0x1E, 0x40, 0x0A, 0x34, 0x2E, 0x34, 0x00,
	0x80, 0x0A, 0x25, 0x12, 0x8C, 0x88, 0x7C, 0xA7, 0x7E, 0xB3, 0x37, 0x30,
	0x0A, 0x4B, 0x19, 0xA4, 0x39, 0x6F, 0x04, 0x7A, 0xB3, 0x37, 0x30, 0x7E,
	0x73, 0x37, 0x33, 0xBE, 0x73, 0x37, 0x30, 0x38, 0xD2, 0xE4, 0x7A, 0xB3,
	0x37, 0x30, 0x80, 0x2E, 0x7E, 0xB3, 0x37, 0x30, 0x7E, 0x70, 0x02, 0xAC,
	0xB7, 0x49, 0x35, 0x39, 0xEB, 0x6D, 0x22, 0x74, 0x07, 0x2F, 0x11, 0x14,
	0x78, 0xFB, 0x7F, 0x03, 0x12, 0x8C, 0xD6, 0x7E, 0x63, 0x37, 0x30, 0x0A,
	0x26, 0x19, 0x72, 0x39, 0x83, 0x7E, 0xB3, 0x37, 0x30, 0x04, 0x7A, 0xB3,
	0x37, 0x30, 0x7E, 0x73, 0x39, 0x46, 0xBE, 0x73, 0x37, 0x30, 0x38, 0xC8,
	0x7E, 0x37, 0x3A, 0x15, 0x7E, 0x27, 0x3A, 0x17, 0x12, 0xF4, 0x7C, 0x7A,
	0x37, 0x3A, 0x15, 0x6D, 0x22, 0x74, 0x07, 0x2F, 0x11, 0x14, 0x78, 0xFB,
	0x7F, 0x03, 0x12, 0x8C, 0xD6, 0x7A, 0x37, 0x3A, 0x15, 0xDA, 0x3B, 0x22,
	0xCA, 0x3B, 0x7C, 0xE3, 0x7D, 0x62, 0x7A, 0x37, 0x37, 0x30, 0x7C, 0xFB,
	0x6D, 0x33, 0x7D, 0x26, 0x5E, 0x24, 0xF0, 0x00, 0x2E, 0x24, 0xF0, 0x00,
	0x78, 0x0E, 0x12, 0xF5, 0x8C, 0x5E, 0xC0, 0x0F, 0x2D, 0x63, 0x7D, 0x36,
	0x2E, 0x34, 0x00, 0x00, 0xBE, 0x64, 0x00, 0x80, 0x40, 0x03, 0x02, 0x67,
	0x2A, 0xBE, 0xE0, 0x01, 0x68, 0x03, 0x02, 0x67, 0x2A, 0x7E, 0x17, 0x37,
	0x30, 0x09, 0xA1, 0x00, 0x06, 0x1B, 0x64, 0x78, 0x03, 0x02, 0x66, 0xB3,
	0x1B, 0x64, 0x78, 0x03, 0x02, 0x66, 0xB9, 0x1B, 0x64, 0x78, 0x03, 0x02,
	0x66, 0xCD, 0x1B, 0x64, 0x78, 0x03, 0x02, 0x66, 0xD6, 0x1B, 0x65, 0x78,
	0x03, 0x02, 0x66, 0xDC, 0x1B, 0x65, 0x78, 0x03, 0x02, 0x66, 0xF0, 0x2E,
	0x64, 0xFF, 0xF6, 0x78, 0x03, 0x02, 0x66, 0xF6, 0x1B, 0x64, 0x78, 0x03,
	0x02, 0x66, 0xFC, 0x1B, 0x64, 0x78, 0x03, 0x02, 0x67, 0x10, 0x2E, 0x64,
	0xFF, 0xA4, 0x78, 0x03, 0x02, 0x67, 0x16, 0x1B, 0x64, 0x78, 0x03, 0x02,
	0x67, 0x21, 0x2E, 0x64, 0x00, 0x71, 0x68, 0x03, 0x02, 0x67, 0x2A, 0x4C,
	0xFF, 0x78, 0x62, 0xA2, 0x20, 0xE4, 0x33, 0xB4, 0x01, 0x02, 0x80, 0x03,
	0x02, 0x67, 0x2A, 0xE5, 0x59, 0xBE, 0xB1, 0x5B, 0x68, 0x03, 0x02, 0x67,
	0x2A, 0x7E, 0xB3, 0x2C, 0x64, 0xBE, 0xB3, 0x2C, 0x78, 0x68, 0x03, 0x02,
	0x67, 0x2A, 0xBE, 0xA3, 0x2C, 0x78, 0x78, 0x03, 0x02, 0x67, 0x2A, 0xBE,
	0xA0, 0xFF, 0x68, 0x24, 0xA2, 0x01, 0xE4, 0x33, 0x78, 0x09, 0x4C, 0xAA,
	0x68, 0x1A, 0xBE, 0xA0, 0x01, 0x68, 0x15, 0xB4, 0x01, 0x02, 0x80, 0x03,
	0x02, 0x67, 0x2A, 0xBE, 0xA0, 0x02, 0x68, 0x08, 0xBE, 0xA0, 0x03, 0x68,
	0x03, 0x02, 0x67, 0x2A, 0x7E, 0x34, 0x2C, 0x78, 0x74, 0xAA, 0x7A, 0xB3,
	0x2C, 0x64, 0x02, 0x67, 0x2A, 0x7E, 0x34, 0x2C, 0x64, 0x80, 0x77, 0x7E,
	0x34, 0x2A, 0x18, 0x80, 0x71, 0x4C, 0xFF, 0x78, 0x06, 0x7A, 0xA3, 0x2D,
	0x83, 0x80, 0x67, 0x7E, 0x53, 0x2D, 0x83, 0x19, 0x51, 0x00, 0x04, 0x80,
	0x5D, 0x20, 0x00, 0x5A, 0x7E, 0x34, 0x18, 0xF8, 0x80, 0x54, 0x7E, 0x34,
	0x12, 0xEB, 0x80, 0x4E, 0x4C, 0xFF, 0x78, 0x06, 0x7A, 0xA3, 0x2D, 0x82,
	0x80, 0x44, 0x7E, 0x53, 0x2D, 0x82, 0x19, 0x51, 0x00, 0x04, 0x80, 0x3A,
	0x7E, 0x34, 0x12, 0xDF, 0x80, 0x34, 0x7E, 0x34, 0x12, 0xE3, 0x80, 0x2E,
	0x7E, 0x34, 0x2B, 0xAF, 0x4C, 0xFF, 0x78, 0x26, 0xE4, 0x7A, 0xB3, 0x2B,
	0xB0, 0xE4, 0x7A, 0xB3, 0x2C, 0x84, 0x80, 0x1A, 0x7E, 0x34, 0x12, 0xE8,
	0x80, 0x14, 0xBE, 0xF0, 0x01, 0x78, 0x0F, 0x7E, 0x34, 0x18, 0xF1, 0x80,
	0x09, 0xBE, 0xF0, 0x01, 0x78, 0x04, 0x7E, 0x34, 0x00, 0x59, 0x4D, 0x33,
	0x68, 0x24, 0x4C, 0xFF, 0x78, 0x11, 0x7E, 0x17, 0x37, 0x30, 0x2E, 0x14,
	0x00, 0x06, 0x6D, 0x00, 0x0A, 0x2E, 0x12, 0xF0, 0x0A, 0x80, 0x0F, 0x7D,
	0x13, 0x6D, 0x00, 0x0A, 0x2E, 0x7E, 0x37, 0x37, 0x30, 0x0B, 0x36, 0x12,
	0xF0, 0x0A, 0xDA, 0x3B, 0x22, 0xCA, 0x3B, 0x7D, 0x73, 0x6C, 0xDD, 0x0A,
	0x3D, 0x09, 0xB3, 0x07, 0x27, 0x70, 0x03, 0x02, 0x68, 0xDE, 0xBE, 0xB0,
	0x05, 0x78, 0x03, 0x02, 0x68, 0xDE, 0x0A, 0x3D, 0x2D, 0x37, 0x7E, 0x39,
	0x70, 0x7A, 0x73, 0x37, 0x45, 0x7E, 0x73, 0x03, 0xB6, 0xBE, 0x73, 0x37,
	0x45, 0x38, 0x03, 0x02, 0x68, 0xDE, 0x7E, 0x63, 0x37, 0x45, 0x7E, 0x70,
	0x03, 0xAC, 0x67, 0x7A, 0x73, 0x37, 0x46, 0x7E, 0xB3, 0x37, 0x46, 0x7E,
	0x70, 0x02, 0xAC, 0xB7, 0x49, 0x45, 0x03, 0x52, 0x7A, 0x47, 0x37, 0x47,
	0x49, 0x45, 0x03, 0x54, 0x7A, 0x47, 0x37, 0x49, 0x49, 0x35, 0x03, 0x56,
	0x7A, 0x37, 0x37, 0x4B, 0x7C, 0xBD, 0x7E, 0x34, 0x37, 0x4D, 0x7E, 0x24,
	0x37, 0x4F, 0x12, 0xC8, 0x00, 0x7E, 0x37, 0x37, 0x47, 0x7E, 0x27, 0x37,
	0x49, 0x7E, 0x17, 0x37, 0x4D, 0x7E, 0x07, 0x37, 0x4F, 0x12, 0xF1, 0x4D,
	0x7A, 0x37, 0x37, 0x53, 0x7C, 0xCD, 0x3E, 0xC0, 0x3E, 0xC0, 0x74, 0x02,
	0xAC, 0xBC, 0x49, 0x25, 0x05, 0xA1, 0x7A, 0x27, 0x37, 0x55, 0x49, 0x25,
	0x05, 0xA3, 0x7A, 0x27, 0x37, 0x57, 0x49, 0x45, 0x05, 0xA5, 0x7A, 0x47,
	0x37, 0x59, 0x49, 0x15, 0x05, 0xA7, 0x7A, 0x17, 0x37, 0x5B, 0x2E, 0x27,
	0x37, 0x55, 0x2E, 0x27, 0x37, 0x59, 0x2E, 0x27, 0x37, 0x5B, 0x9D, 0x32,
	0x7A, 0x37, 0x37, 0x51, 0x9E, 0x37, 0x37, 0x55, 0x7A, 0x37, 0x37, 0x51,
	0x0A, 0x3D, 0x09, 0xB3, 0x08, 0x49, 0x60, 0x12, 0x7E, 0x37, 0x37, 0x51,
	0xBE, 0x34, 0x00, 0x00, 0x08, 0x08, 0x0E, 0x34, 0x0E, 0x34, 0x7A, 0x37,
	0x37, 0x51, 0x7E, 0xB3, 0x04, 0x2E, 0x0A, 0x3B, 0xBE, 0x37, 0x37, 0x51,
	0x58, 0x78, 0x60, 0x76, 0x0A, 0x3D, 0x09, 0xB3, 0x07, 0x27, 0xB4, 0x01,
	0x13, 0x7C, 0xBD, 0x7E, 0x37, 0x37, 0x47, 0x7E, 0x27, 0x37, 0x49, 0x7E,
	0x17, 0x37, 0x4B, 0x12, 0x71, 0xF4, 0x80, 0x7E, 0x7E, 0xB3, 0x05, 0x2E,
	0x60, 0x3D, 0x7E, 0xB3, 0x05, 0x2F, 0x60, 0x37, 0x7C, 0xBD, 0x7E, 0x34,
	0x37, 0x5D, 0x7E, 0x24, 0x37, 0x5F, 0x12, 0xED, 0x64, 0x7E, 0x37, 0x37,
	0x47, 0x7E, 0x27, 0x37, 0x5D, 0x12, 0xF2, 0xB9, 0x7E, 0x53, 0x05, 0x2E,
	0x0A, 0x25, 0xBD, 0x32, 0x58, 0x15, 0x7E, 0x37, 0x37, 0x49, 0x7E, 0x27,
	0x37, 0x5F, 0x12, 0xF2, 0xB9, 0x7E, 0x53, 0x05, 0x2F, 0x0A, 0x25, 0xBD,
	0x32, 0x48, 0x17, 0x74, 0x05, 0x7A, 0xB3, 0x03, 0xE0, 0x74, 0x01, 0x7A,
	0xB3, 0x0A, 0x9E, 0x74, 0xFF, 0x0A, 0x3D, 0x2D, 0x37, 0x7A, 0x39, 0xB0,
	0x80, 0x24, 0x7E, 0x47, 0x37, 0x53, 0x74, 0x02, 0xAC, 0xBC, 0x59, 0x45,
	0x05, 0xA1, 0x7E, 0x47, 0x37, 0x55, 0x59, 0x45, 0x05, 0xA3, 0x7E, 0x47,
	0x37, 0x57, 0x59, 0x45, 0x05, 0xA5, 0x7E, 0x37, 0x37, 0x59, 0x59, 0x35,
	0x05, 0xA7, 0x0B, 0xD0, 0xBE, 0xD0, 0x0A, 0x68, 0x03, 0x02, 0x67, 0x5B,
	0x7E, 0xB3, 0x03, 0xE0, 0x60, 0x05, 0x14, 0x7A, 0xB3, 0x03, 0xE0, 0xDA,
	0x3B, 0x22, 0xCA, 0x3B, 0x7C, 0xFB, 0x7E, 0x18, 0x3A, 0x7C, 0x7A, 0x1F,
	0x38, 0xFB, 0x7E, 0x18, 0x3A, 0x7C, 0x29, 0xB1, 0x00, 0x09, 0x70, 0x04,
	0xE4, 0x02, 0x6A, 0x8D, 0x6C, 0xEE, 0x29, 0xB1, 0x00, 0x0B, 0x60, 0x1C,
	0xE4, 0x39, 0xB1, 0x00, 0x0B, 0x74, 0x01, 0x7E, 0x0F, 0x38, 0xFB, 0x39,
	0xB0, 0x00, 0x0D, 0x74, 0x01, 0x7E, 0x0F, 0x38, 0xFB, 0x39, 0xB0, 0x00,
	0x0C, 0x02, 0x6A, 0x8B, 0xE4, 0x39, 0xB1, 0x00, 0x0F, 0x7E, 0x1F, 0x38,
	0xFB, 0x29, 0xB1, 0x00, 0x0C, 0xBE, 0xB0, 0x02, 0x50, 0x08, 0x2E, 0x34,
	0x00, 0x0C, 0x04, 0x7A, 0x1B, 0xB0, 0x7E, 0x0F, 0x38, 0xFB, 0x7F, 0x10,
	0x2E, 0x34, 0x00, 0x13, 0x2E, 0x14, 0x00, 0x53, 0x7D, 0x21, 0x7E, 0x14,
	0x00, 0x40, 0x12, 0xF3, 0x47, 0x7E, 0x0F, 0x38, 0xFB, 0x7F, 0x10, 0x2E,
	0x34, 0x00, 0x53, 0x2E, 0x14, 0x00, 0x93, 0x7D, 0x21, 0x7E, 0x14, 0x00,
	0x40, 0x12, 0xF3, 0x47, 0x7E, 0x1F, 0x38, 0xFB, 0x29, 0xB1, 0x00, 0x94,
	0x29, 0x71, 0x00, 0x10, 0x12, 0xF3, 0x80, 0x7C, 0x3B, 0x7E, 0x1F, 0x38,
	0xFB, 0x2E, 0x34, 0x00, 0x53, 0x7A, 0x1B, 0x30, 0x7E, 0x1F, 0x38, 0xFB,
	0x29, 0xC1, 0x00, 0x0D, 0x4C, 0xCC, 0x78, 0x62, 0x0A, 0x1F, 0x1B, 0x15,
	0x7C, 0xD3, 0x7C, 0xBD, 0x29, 0x71, 0x00, 0x10, 0x12, 0xF3, 0x80, 0x7C,
	0xFB, 0x7E, 0x1F, 0x38, 0xFB, 0x29, 0xB1, 0x00, 0x13, 0x7C, 0x7F, 0x12,
	0xF3, 0x6D, 0x7E, 0x1F, 0x38, 0xFB, 0x39, 0xB1, 0x00, 0x13, 0x7E, 0x1F,
	0x38, 0xFB, 0x29, 0xB1, 0x00, 0x53, 0x7C, 0x7F, 0x12, 0xF3, 0x6D, 0x7E,
	0x1F, 0x38, 0xFB, 0x39, 0xB1, 0x00, 0x53, 0x7E, 0x1F, 0x38, 0xFB, 0x39,
	0xD1, 0x00, 0x10, 0x7E, 0x1F, 0x38, 0xFB, 0x29, 0xD1, 0x00, 0x0D, 0x29,
	0x31, 0x00, 0x0C, 0xBE, 0x30, 0x02, 0x50, 0x03, 0x7E, 0xD0, 0xFF, 0x74,
	0x01, 0x39, 0xB1, 0x00, 0x0D, 0x7E, 0xE0, 0x01, 0x80, 0x55, 0x7E, 0x1F,
	0x38, 0xFB, 0x29, 0xB1, 0x00, 0x07, 0x60, 0x1E, 0x7C, 0xDC, 0x7E, 0xE0,
	0x01, 0x7E, 0x1F, 0x38, 0xFB, 0x2E, 0x34, 0x00, 0x0D, 0x7C, 0xBC, 0x04,
	0x7A, 0x1B, 0xB0, 0xE4, 0x7E, 0x1F, 0x38, 0xFB, 0x39, 0xB1, 0x00, 0x07,
	0x80, 0x2D, 0x7E, 0x1F, 0x38, 0xFB, 0x29, 0x71, 0x00, 0x0E, 0x4C, 0x77,
	0x68, 0x21, 0x7E, 0x0F, 0x38, 0xFB, 0x29, 0x60, 0x00, 0x13, 0x1A, 0x16,
	0x7E, 0x2F, 0x38, 0xFB, 0x29, 0x62, 0x00, 0x53, 0x1A, 0x26, 0x9D, 0x21,
	0xBE, 0x24, 0x00, 0x01, 0x78, 0x05, 0x7C, 0xD7, 0x7E, 0xE0, 0x01, 0xE4,
	0x7E, 0x1F, 0x38, 0xFB, 0x39, 0xB1, 0x00, 0x0E, 0x4C, 0xEE, 0x68, 0x23,
	0x7C, 0xBD, 0x12, 0xA9, 0xCC, 0x7C, 0xEB, 0xBE, 0xE0, 0x00, 0x58, 0x04,
	0x6C, 0xEE, 0x80, 0x13, 0x4C, 0xEE, 0x68, 0x0F, 0x74, 0x01, 0x7E, 0x1F,
	0x38, 0xFB, 0x39, 0xB1, 0x00, 0x08, 0x12, 0xC4, 0x78, 0x7C, 0xEB, 0x7C,
	0xBE, 0xDA, 0x3B, 0x22, 0xCA, 0x3B, 0x7C, 0xFB, 0x7E, 0x34, 0xC1, 0x50,
	0x7A, 0x37, 0x37, 0x45, 0x7A, 0xF3, 0x37, 0x4E, 0xE4, 0x7A, 0xB3, 0x37,
	0x4D, 0x7E, 0xB3, 0x03, 0xC9, 0xC4, 0x54, 0x0F, 0x7C, 0xEB, 0xBE, 0xE0,
	0x0F, 0x78, 0x05, 0x7E, 0xE0, 0x02, 0x80, 0x03, 0x2E, 0xE0, 0x03, 0xE4,
	0x02, 0x6C, 0x03, 0x7E, 0x37, 0x37, 0x45, 0x09, 0xB3, 0x00, 0x09, 0x60,
	0x03, 0x02, 0x6B, 0xF2, 0x09, 0x53, 0x00, 0x04, 0x0A, 0x25, 0x09, 0x33,
	0x00, 0x05, 0x0A, 0x13, 0x9D, 0x12, 0x0A, 0x2E, 0xBD, 0x12, 0x58, 0x17,
	0x09, 0x53, 0x00, 0x06, 0x0A, 0x25, 0x09, 0x33, 0x00, 0x07, 0x0A, 0x13,
	0x9D, 0x12, 0x0A, 0x2E, 0xBD, 0x12, 0x58, 0x03, 0x02, 0x6B, 0xF2, 0x09,
	0x53, 0x00, 0x08, 0xBE, 0x53, 0x04, 0x31, 0x40, 0x13, 0x7E, 0x53, 0x04,
	0x12, 0x1E, 0x50, 0x0A, 0x15, 0x49, 0x23, 0x00, 0x02, 0xBD, 0x21, 0x48,
	0x03, 0x02, 0x6B, 0xF2, 0x7D, 0x63, 0x49, 0x56, 0x00, 0x02, 0x7A, 0x57,
	0x37, 0x4F, 0x0B, 0x68, 0x40, 0x9D, 0x54, 0x7A, 0x57, 0x37, 0x4F, 0x7E,
	0x73, 0x04, 0x6A, 0x5E, 0x70, 0xF0, 0x1E, 0x70, 0x1E, 0x70, 0x0A, 0x57,
	0x7A, 0x57, 0x37, 0x54, 0x4D, 0x55, 0x78, 0x08, 0x7E, 0x54, 0x00, 0x14,
	0x7A, 0x57, 0x37, 0x54, 0x7E, 0x57, 0x37, 0x54, 0xBE, 0x57, 0x37, 0x4F,
	0x08, 0x03, 0x02, 0x6B, 0xF2, 0x7E, 0x33, 0x04, 0x69, 0x7A, 0x33, 0x37,
	0x53, 0x7E, 0x37, 0x37, 0x4F, 0x1A, 0x26, 0x1A, 0x24, 0x0A, 0x13, 0x6D,
	0x00, 0x12, 0x8C, 0xBA, 0x7C, 0x76, 0x7C, 0x65, 0x7A, 0x37, 0x37, 0x51,
	0x7D, 0x34, 0x2E, 0x37, 0x37, 0x51, 0x7A, 0x37, 0x37, 0x51, 0x09, 0x76,
	0x00, 0x04, 0x7A, 0x73, 0x37, 0x48, 0x09, 0x66, 0x00, 0x05, 0x0A, 0x26,
	0x1A, 0x17, 0x9D, 0x21, 0x0B, 0x24, 0x7A, 0x53, 0x37, 0x4A, 0x09, 0x66,
	0x00, 0x06, 0x7A, 0x63, 0x37, 0x49, 0x09, 0x46, 0x00, 0x07, 0x0A, 0x14,
	0x1A, 0x06, 0x9D, 0x10, 0x0B, 0x14, 0x7C, 0x43, 0x7A, 0x33, 0x37, 0x4B,
	0x7E, 0xB3, 0x37, 0x4E, 0x7E, 0x17, 0x37, 0x51, 0x12, 0x79, 0xFB, 0x7C,
	0x7B, 0x7A, 0xB3, 0x37, 0x4D, 0x7E, 0xB3, 0x37, 0x4E, 0x12, 0x81, 0x23,
	0x7A, 0xB3, 0x37, 0x4C, 0xBE, 0xB0, 0x02, 0x48, 0x25, 0x7E, 0xB3, 0x37,
	0x4E, 0x7E, 0x73, 0x37, 0x4D, 0x7D, 0x26, 0x12, 0xE1, 0x86, 0x74, 0x01,
	0x19, 0xB6, 0x00, 0x09, 0x74, 0x02, 0x19, 0xB6, 0x00, 0x0B, 0x7E, 0x73,
	0x37, 0x4D, 0x2E, 0x73, 0x37, 0x4E, 0x7A, 0x73, 0x37, 0x4E, 0x7E, 0x37,
	0x37, 0x45, 0x2E, 0x34, 0x00, 0x10, 0x7A, 0x37, 0x37, 0x45, 0x7E, 0xB3,
	0x37, 0x47, 0x04, 0x7A, 0xB3, 0x37, 0x47, 0xBE, 0xF3, 0x37, 0x47, 0x08,
	0x03, 0x02, 0x6A, 0xBF, 0x7E, 0xF3, 0x37, 0x4E, 0x7C, 0xBF, 0xDA, 0x3B,
	0x22, 0xCA, 0x3B, 0x7C, 0xFB, 0xBE, 0xF0, 0x01, 0x68, 0x03, 0x02, 0x6D,
	0x92, 0xA2, 0x01, 0xE4, 0x33, 0xB4, 0x01, 0x66, 0xA2, 0x0F, 0xE4, 0x33,
	0x78, 0x60, 0x74, 0x01, 0x12, 0xF1, 0x15, 0xA2, 0x26, 0xE4, 0x33, 0x68,
	0x03, 0x02, 0x6D, 0x8D, 0x7E, 0xB3, 0x2C, 0x5F, 0x60, 0x03, 0x02, 0x6D,
	0x8D, 0x7E, 0xA3, 0x12, 0xE5, 0xA2, 0x24, 0xE4, 0x33, 0x0A, 0x2B, 0x7E,
	0x34, 0x00, 0xCB, 0xAD, 0x32, 0x19, 0xA3, 0x2A, 0x1B, 0xE4, 0xCA, 0xB8,
	0xA2, 0x24, 0xE4, 0x33, 0x0A, 0x0B, 0x7E, 0x14, 0x00, 0xCB, 0xAD, 0x10,
	0x2E, 0x14, 0x2A, 0x1D, 0x6D, 0x00, 0xDA, 0xB8, 0x12, 0xA7, 0xA5, 0xA2,
	0x24, 0xE4, 0x33, 0x0A, 0x2B, 0x7E, 0x34, 0x00, 0xCB, 0xAD, 0x32, 0x2E,
	0x34, 0x2A, 0x19, 0x7A, 0x37, 0x2C, 0x5C, 0xD2, 0x26, 0xD2, 0x2A, 0x02,
	0x6D, 0x8D, 0x30, 0x0F, 0x0C, 0x20, 0x0F, 0x03, 0x02, 0x6D, 0x2C, 0x30,
	0x11, 0x03, 0x02, 0x6D, 0x2C, 0xA2, 0x0A, 0xE4, 0x33, 0x68, 0x03, 0x02,
	0x6D, 0x2C, 0xA2, 0x26, 0xE4, 0x33, 0x78, 0x7C, 0x20, 0x24, 0x06, 0x7E,
	0x24, 0x00, 0x01, 0x80, 0x02, 0x6D, 0x22, 0x7E, 0x34, 0x00, 0xCB, 0xAD,
	0x32, 0x7D, 0x63, 0x2E, 0x64, 0x2A, 0x19, 0x6C, 0xEE, 0x0A, 0x2E, 0x09,
	0x62, 0x2D, 0x8B, 0x2D, 0x26, 0x7E, 0x29, 0x70, 0xBC, 0x76, 0x78, 0x07,
	0x0B, 0xE0, 0xBE, 0xE0, 0x04, 0x40, 0xEA, 0xBE, 0xE0, 0x04, 0x78, 0x48,
	0x80, 0x3C, 0x0A, 0x2E, 0x09, 0x62, 0x2D, 0x8B, 0x2D, 0x26, 0x7E, 0x29,
	0x70, 0xBC, 0x76, 0x78, 0x32, 0x0A, 0x37, 0x5E, 0x34, 0x00, 0x80, 0x68,
	0x22, 0x7E, 0xA0, 0x01, 0x0A, 0x3A, 0x0A, 0x2E, 0x2D, 0x23, 0x09, 0x72,
	0x2D, 0x8B, 0x2D, 0x26, 0x7E, 0x29, 0xB0, 0xBC, 0xB7, 0x78, 0x07, 0x0B,
	0xA0, 0xBE, 0xA0, 0x07, 0x40, 0xE6, 0xBE, 0xA0, 0x07, 0x40, 0x08, 0x2E,
	0xE0, 0x07, 0xBE, 0xE0, 0xCB, 0x40, 0xBF, 0xBE, 0xE0, 0xCB, 0x50, 0x66,
	0x74, 0x01, 0x12, 0xF1, 0x15, 0x7E, 0xB3, 0x2D, 0x8B, 0x54, 0xF7, 0x7A,
	0xB3, 0x2D, 0x8B, 0x4C, 0xFF, 0x68, 0x0A, 0x7E, 0xB3, 0x2D, 0x8B, 0x44,
	0x08, 0x7A, 0xB3, 0x2D, 0x8B, 0xA2, 0x24, 0xE4, 0x33, 0x0A, 0x2B, 0x7E,
	0x34, 0x00, 0xCB, 0xAD, 0x32, 0x2E, 0x34, 0x2A, 0x19, 0x7E, 0x08, 0x2D,
	0x8B, 0x7E, 0x24, 0x00, 0x4A, 0x12, 0xF0, 0x0A, 0x53, 0xA8, 0x7F, 0x00,
	0x00, 0xA2, 0x24, 0xE4, 0x33, 0x0A, 0x2B, 0x7E, 0x34, 0x00, 0xCB, 0xAD,
	0x32, 0x2E, 0x34, 0x2A, 0x19, 0x7A, 0x37, 0x2C, 0x5C, 0x20, 0x24, 0x03,
	0xD3, 0x80, 0x01, 0xC3, 0x92, 0x24, 0xD2, 0x26, 0xD2, 0x2A, 0x43, 0xA8,
	0x80, 0x74, 0x01, 0x12, 0xF4, 0x96, 0xDA, 0x3B, 0x22, 0x7E, 0x37, 0x2D,
	0x08, 0x0B, 0x34, 0x7A, 0x37, 0x2D, 0x08, 0xE4, 0x7A, 0xB3, 0x2D, 0x73,
	0xA2, 0x10, 0xB3, 0xE4, 0x33, 0x7A, 0xB3, 0x2D, 0x00, 0xA2, 0x0F, 0xE4,
	0x33, 0x7A, 0xB3, 0x2D, 0x01, 0xE5, 0x46, 0x7A, 0xB3, 0x2C, 0x88, 0x7E,
	0x37, 0x2C, 0x67, 0x5E, 0x34, 0x00, 0x0F, 0x7A, 0x73, 0x2D, 0x0B, 0x7E,
	0x37, 0x2C, 0x67, 0x1E, 0x34, 0x1E, 0x34, 0x1E, 0x34, 0x1E, 0x34, 0x5E,
	0x34, 0x00, 0x0F, 0x7A, 0x73, 0x2D, 0x0C, 0x7E, 0xB3, 0x2D, 0x0A, 0x60,
	0x26, 0x14, 0x7A, 0xB3, 0x2D, 0x0A, 0x7E, 0xB3, 0x2D, 0x0D, 0x7E, 0x73,
	0x2D, 0x0E, 0x6C, 0x66, 0x12, 0x88, 0x8E, 0x7E, 0xB3, 0x2D, 0x7C, 0x04,
	0x7A, 0xB3, 0x2D, 0x7C, 0x74, 0x01, 0x7A, 0xB3, 0x2D, 0x73, 0x74, 0x01,
	0x02, 0x6F, 0x0D, 0x7E, 0xB3, 0x2D, 0x00, 0x60, 0x21, 0x7E, 0xB3, 0x2D,
	0x0B, 0x7E, 0x70, 0x08, 0x6C, 0x66, 0x7E, 0x50, 0x01, 0x12, 0x50, 0x29,
	0x7E, 0xB3, 0x2D, 0x0C, 0x7E, 0x70, 0x08, 0x7E, 0x60, 0x02, 0x7E, 0x50,
	0x03, 0x12, 0x50, 0x29, 0x80, 0x20, 0x7E, 0xB3, 0x2D, 0x0B, 0x7E, 0x70,
	0x20, 0x7E, 0x60, 0x02, 0x7E, 0x50, 0x04, 0x12, 0x50, 0x29, 0x7E, 0xB3,
	0x2D, 0x0C, 0x7E, 0x70, 0x20, 0x7E, 0x60, 0x03, 0x7E, 0x50, 0x05, 0x12,
	0x50, 0x29, 0x7E, 0xB3, 0x2D, 0x0B, 0x7E, 0x70, 0x02, 0xAC, 0xB7, 0x49,
	0x35, 0x2D, 0x16, 0x7A, 0x37, 0x2D, 0x14, 0x6C, 0xAA, 0x80, 0x39, 0x7E,
	0xB3, 0x2D, 0x0B, 0xBC, 0xBA, 0x68, 0x08, 0x7E, 0xB3, 0x2D, 0x0C, 0xBC,
	0xBA, 0x78, 0x15, 0x0A, 0x3A, 0x09, 0xB3, 0x2D, 0x50, 0xBE, 0xB0, 0x06,
	0x28, 0x1C, 0x74, 0x06, 0x0A, 0x4A, 0x19, 0xB4, 0x2D, 0x50, 0x80, 0x12,
	0x0A, 0x3A, 0x09, 0xB3, 0x2D, 0x50, 0x60, 0x0A, 0x0A, 0x4A, 0x2E, 0x44,
	0x2D, 0x50, 0x14, 0x7A, 0x49, 0xB0, 0x0B, 0xA0, 0x7E, 0xB3, 0x2D, 0x02,
	0xBC, 0xBA, 0x38, 0xBF, 0x7E, 0xA3, 0x2D, 0x6C, 0x7C, 0xBA, 0x30, 0xE0,
	0x08, 0x74, 0x3C, 0x7A, 0xB3, 0x2D, 0x6D, 0x80, 0x10, 0xBE, 0xA0, 0x80,
	0x78, 0x0B, 0x7E, 0xB3, 0x2D, 0x6D, 0x60, 0x05, 0x14, 0x7A, 0xB3, 0x2D,
	0x6D, 0x7E, 0xB3, 0x2D, 0x80, 0x60, 0x05, 0x14, 0x7A, 0xB3, 0x2D, 0x80,
	0x7E, 0xB3, 0x2D, 0x0D, 0xBE, 0xB3, 0x2D, 0x0B, 0x68, 0x1D, 0x7E, 0x73,
	0x2D, 0x0E, 0x7E, 0x60, 0x01, 0x12, 0x88, 0x8E, 0x7E, 0xB3, 0x2D, 0x76,
	0x04, 0x7A, 0xB3, 0x2D, 0x76, 0x74, 0x01, 0x7A, 0xB3, 0x2D, 0x73, 0x74,
	0x01, 0x80, 0x16, 0xE4, 0x7A, 0xB3, 0x2D, 0x13, 0x7E, 0x73, 0x2D, 0x0E,
	0xBE, 0x73, 0x2D, 0x0C, 0x68, 0x06, 0x74, 0x01, 0x7A, 0xB3, 0x2D, 0x13,
	0xE4, 0x22, 0xCA, 0x3B, 0x7C, 0xFB, 0x7E, 0x34, 0x07, 0x95, 0x7E, 0x24,
	0x00, 0x0A, 0x12, 0xF2, 0xA4, 0x7E, 0x34, 0x07, 0x9F, 0x7E, 0x24, 0x00,
	0xA0, 0x12, 0xF2, 0xA4, 0x7E, 0x64, 0x03, 0x52, 0x7E, 0x73, 0x05, 0x1A,
	0x7A, 0x73, 0x37, 0x4B, 0x7E, 0x73, 0x05, 0x1B, 0x7A, 0x73, 0x37, 0x4C,
	0x6C, 0xEE, 0xE4, 0x7A, 0xB3, 0x37, 0x4D, 0x7E, 0x34, 0xC1, 0x50, 0x7A,
	0x37, 0x37, 0x45, 0x74, 0x01, 0x7A, 0xB3, 0x37, 0x48, 0x7E, 0x37, 0x03,
	0xB4, 0x4D, 0x33, 0x68, 0x0D, 0x7E, 0xB3, 0x04, 0x30, 0x30, 0xE7, 0x06,
	0x74, 0x04, 0x7A, 0xB3, 0x37, 0x48, 0xE4, 0x02, 0x70, 0x4D, 0xBE, 0xE0,
	0x0A, 0x48, 0x03, 0x02, 0x70, 0x5A, 0x7E, 0x37, 0x37, 0x45, 0x09, 0x53,
	0x00, 0x08, 0x7A, 0x53, 0x37, 0x47, 0x09, 0xB3, 0x00, 0x09, 0x7A, 0xB3,
	0x37, 0x49, 0x60, 0x03, 0x02, 0x70, 0x3C, 0x7E, 0x73, 0x37, 0x48, 0xBE,
	0x73, 0x37, 0x47, 0x28, 0x03, 0x02, 0x70, 0x3C, 0x7E, 0xB3, 0x37, 0x4D,
	0x04, 0x7A, 0xB3, 0x37, 0x4D, 0x7E, 0x73, 0x03, 0xCB, 0xBE, 0x73, 0x37,
	0x47, 0x50, 0x08, 0x7E, 0x73, 0x37, 0x47, 0x7A, 0x73, 0x03, 0xCB, 0x7E,
	0x34, 0x37, 0x50, 0x7A, 0x37, 0x37, 0x5C, 0x7E, 0x17, 0x37, 0x45, 0x7D,
	0x31, 0x0B, 0x36, 0x7E, 0xB3, 0x37, 0x4B, 0x7E, 0x53, 0x37, 0x4C, 0x49,
	0x11, 0x00, 0x02, 0x7E, 0x04, 0x37, 0x4E, 0x12, 0x62, 0x4B, 0x7D, 0x23,
	0x7A, 0x37, 0x37, 0x58, 0x7E, 0x73, 0x37, 0x47, 0x0A, 0x37, 0x7A, 0x37,
	0x37, 0x56, 0x7C, 0x6E, 0x6C, 0x77, 0x4E, 0x37, 0x37, 0x56, 0x7A, 0x37,
	0x37, 0x56, 0x7C, 0xBE, 0x7E, 0x37, 0x37, 0x45, 0x12, 0xBA, 0x92, 0x7E,
	0xB3, 0x05, 0x16, 0x60, 0x0E, 0x7E, 0x37, 0x37, 0x50, 0x7A, 0x37, 0x37,
	0x52, 0x7E, 0x37, 0x37, 0x4E, 0x80, 0x0C, 0x7E, 0x37, 0x37, 0x4E, 0x7A,
	0x37, 0x37, 0x52, 0x7E, 0x37, 0x37, 0x50, 0x7A, 0x37, 0x37, 0x54, 0x7E,
	0x37, 0x37, 0x52, 0x1B, 0x68, 0x30, 0x0B, 0x65, 0x7E, 0x37, 0x37, 0x54,
	0x1B, 0x68, 0x30, 0x0B, 0x65, 0x7E, 0x37, 0x37, 0x56, 0x1B, 0x68, 0x30,
	0x0B, 0x65, 0x0B, 0xE0, 0x7E, 0x37, 0x37, 0x45, 0x2E, 0x34, 0x00, 0x10,
	0x7A, 0x37, 0x37, 0x45, 0x7E, 0xB3, 0x37, 0x4A, 0x04, 0x7A, 0xB3, 0x37,
	0x4A, 0xBE, 0xF3, 0x37, 0x4A, 0x08, 0x03, 0x02, 0x6F, 0x6A, 0x7E, 0x73,
	0x37, 0x4D, 0xBE, 0x70, 0x00, 0x08, 0x10, 0x7E, 0xB3, 0x03, 0xD1, 0xBE,
	0xB0, 0xFF, 0x50, 0x11, 0x04, 0x7A, 0xB3, 0x03, 0xD1, 0x80, 0x0A, 0x7E,
	0x73, 0x03, 0xD1, 0x1E, 0x70, 0x7A, 0x73, 0x03, 0xD1, 0x1A, 0x3E, 0xDA,
	0x3B, 0x22, 0xCA, 0x79, 0x7E, 0x37, 0xFF, 0xE0, 0x5E, 0x34, 0x00, 0x02,
	0x68, 0x5C, 0x7E, 0x34, 0xFF, 0xFD, 0x7A, 0x37, 0xFF, 0xE0, 0xD2, 0x29,
	0x30, 0x2A, 0x40, 0x20, 0x30, 0x3D, 0x7E, 0x37, 0x2C, 0x5C, 0x7A, 0x37,
	0xFF, 0xD2, 0x7E, 0x34, 0x00, 0x01, 0x7A, 0x37, 0xFF, 0xD0, 0xC2, 0x2A,
	0x30, 0x01, 0x0C, 0x20, 0x0F, 0x09, 0x7E, 0xB3, 0x2C, 0x5F, 0x04, 0x7A,
	0xB3, 0x2C, 0x5F, 0xD2, 0x31, 0x7E, 0x37, 0xFF, 0xD0, 0x5E, 0x34, 0x00,
	0x01, 0x78, 0xF6, 0x7E, 0x37, 0x12, 0xE9, 0x09, 0xB3, 0x00, 0x10, 0x54,
	0x0C, 0x7A, 0xB3, 0x18, 0xF2, 0x80, 0x0F, 0x30, 0x00, 0x0C, 0x20, 0x27,
	0x09, 0x7E, 0x34, 0x00, 0x5C, 0x12, 0xDE, 0xE3, 0xD2, 0x27, 0x7E, 0x37,
	0xFF, 0xE0, 0x5E, 0x34, 0x00, 0x04, 0x78, 0x03, 0x02, 0x71, 0xF1, 0x7E,
	0x34, 0xFF, 0xFB, 0x7A, 0x37, 0xFF, 0xE0, 0x7E, 0x37, 0xFF, 0xE0, 0x1E,
	0x34, 0x1E, 0x34, 0x1E, 0x34, 0x1E, 0x34, 0x5E, 0x34, 0x00, 0x01, 0x78,
	0x03, 0x02, 0x71, 0xB4, 0x30, 0x00, 0x03, 0x02, 0x71, 0x9F, 0x7E, 0x37,
	0xFF, 0xFC, 0xBE, 0x34, 0x01, 0x40, 0x78, 0x09, 0x7E, 0x34, 0x00, 0x5C,
	0x12, 0xDE, 0xE3, 0x80, 0x19, 0x7E, 0x37, 0xFF, 0xFC, 0xBE, 0x34, 0x00,
	0x10, 0x48, 0x0F, 0x7E, 0x37, 0xFF, 0xFC, 0xBE, 0x34, 0x00, 0x13, 0x18,
	0x05, 0x30, 0x31, 0x02, 0xD2, 0x30, 0xA2, 0x30, 0xE4, 0x33, 0xB4, 0x01,
	0x02, 0x80, 0x03, 0x02, 0x71, 0xD7, 0x7E, 0x37, 0xFF, 0xFC, 0x7E, 0x27,
	0xFF, 0xF2, 0x2E, 0x27, 0xFF, 0xFC, 0x9E, 0x24, 0x00, 0x03, 0x1B, 0x24,
	0x12, 0xCF, 0x10, 0x7E, 0xB3, 0x18, 0xF2, 0x60, 0x03, 0x02, 0x71, 0xD7,
	0xC2, 0x30, 0xC2, 0x31, 0xA2, 0x2A, 0xE4, 0x33, 0x78, 0x5D, 0xC2, 0x26,
	0xE4, 0x12, 0xF0, 0x67, 0x30, 0x01, 0x54, 0x20, 0x0F, 0x51, 0xCA, 0x7B,
	0xCA, 0x6B, 0xCA, 0x5B, 0xCA, 0x4B, 0xCA, 0x3B, 0x12, 0xC9, 0xDA, 0xDA,
	0x3B, 0xDA, 0x4B, 0xDA, 0x5B, 0xDA, 0x6B, 0xDA, 0x7B, 0x80, 0x38, 0x7E,
	0x37, 0xFF, 0xFC, 0xBE, 0x34, 0x01, 0x40, 0x78, 0x2E, 0x12, 0xF4, 0x39,
	0xE4, 0x12, 0xF0, 0x84, 0xC2, 0x27, 0x80, 0x23, 0x7E, 0x37, 0xFF, 0xF2,
	0xBE, 0x34, 0x00, 0x02, 0x08, 0x19, 0x6D, 0x77, 0x80, 0x0B, 0x7D, 0x37,
	0x2E, 0x37, 0xFF, 0xFC, 0x12, 0xEC, 0x29, 0x0B, 0x74, 0x7E, 0x37, 0xFF,
	0xF2, 0x1B, 0x35, 0xBD, 0x37, 0x38, 0xEB, 0x7E, 0x34, 0x90, 0x10, 0x7A,
	0x37, 0xFF, 0xD6, 0x7E, 0x34, 0x00, 0xCB, 0x7A, 0x37, 0xFF, 0xDA, 0x7E,
	0x34, 0x90, 0x00, 0x7A, 0x37, 0xFF, 0xE8, 0xC2, 0x29, 0xDA, 0x79, 0x22,
	0xCA, 0x3B, 0x7A, 0x17, 0x37, 0x63, 0x7D, 0x62, 0x7A, 0x37, 0x37, 0x61,
	0x7C, 0xFB, 0xBE, 0xF0, 0xFF, 0x78, 0x1F, 0x6C, 0xEE, 0x1A, 0x3E, 0x09,
	0xB3, 0x07, 0x27, 0x60, 0x07, 0x0B, 0xE0, 0xBE, 0xE0, 0x0A, 0x48, 0xF1,
	0xBE, 0xE0, 0x0A, 0x78, 0x07, 0x7E, 0x34, 0xFF, 0xFF, 0x02, 0x73, 0x5E,
	0x7C, 0xFE, 0x7C, 0xEF, 0x3E, 0xE0, 0x3E, 0xE0, 0x6D, 0x33, 0x7C, 0xAE,
	0x0B, 0xE0, 0x1A, 0x2A, 0x3E, 0x24, 0x59, 0x32, 0x05, 0xA1, 0x7C, 0xAE,
	0x0B, 0xE0, 0x1A, 0x2A, 0x3E, 0x24, 0x59, 0x32, 0x05, 0xA1, 0x7E, 0xB3,
	0x03, 0xE0, 0x60, 0x10, 0x6D, 0x33, 0x7C, 0xAE, 0x0B, 0xE0, 0x1A, 0x2A,
	0x3E, 0x24, 0x59, 0x32, 0x05, 0xA1, 0x80, 0x26, 0x7E, 0x73, 0x04, 0x3A,
	0x0A, 0x27, 0xBE, 0x24, 0x00, 0xC0, 0x48, 0x04, 0x9E, 0x24, 0x01, 0x00,
	0x2E, 0x24, 0x00, 0x40, 0x7C, 0xAE, 0x0B, 0xE0, 0x1A, 0x3A, 0x3E, 0x34,
	0x59, 0x23, 0x05, 0xA1, 0x7E, 0x34, 0x00, 0x03, 0xAD, 0x32, 0x1A, 0x2E,
	0x3E, 0x24, 0x59, 0x32, 0x05, 0xA1, 0x6D, 0x33, 0x1A, 0x2F, 0x3E, 0x24,
	0x59, 0x32, 0x07, 0x09, 0x74, 0x01, 0x1A, 0x3F, 0x19, 0xB3, 0x07, 0x27,
	0xE4, 0x1A, 0x3F, 0x19, 0xB3, 0x07, 0x1D, 0x74, 0x01, 0x1A, 0x3F, 0x19,
	0xB3, 0x07, 0x31, 0x7E, 0x37, 0x37, 0x63, 0x0A, 0x36, 0x1A, 0x2F, 0x19,
	0x72, 0x07, 0x95, 0x1A, 0x3F, 0x19, 0xB3, 0x0A, 0xB5, 0x7C, 0xBF, 0x1A,
	0x3B, 0x09, 0x73, 0x07, 0x95, 0x12, 0xD3, 0xFA, 0x7E, 0x37, 0x37, 0x63,
	0x1A, 0x2F, 0x19, 0x72, 0x07, 0x45, 0xE4, 0x1A, 0x3F, 0x19, 0xB3, 0x0A,
	0x42, 0x7E, 0x37, 0x37, 0x61, 0x1A, 0x2F, 0x3E, 0x24, 0x59, 0x32, 0x06,
	0x91, 0x1A, 0x3F, 0x3E, 0x34, 0x59, 0x63, 0x06, 0xA5, 0x7C, 0xBF, 0x7E,
	0x37, 0x37, 0x61, 0x7D, 0x26, 0x12, 0xDF, 0x28, 0x7C, 0xBF, 0x7E, 0x37,
	0x37, 0x61, 0x7D, 0x26, 0x12, 0xEC, 0xCC, 0x7E, 0x37, 0x37, 0x61, 0x1A,
	0x2F, 0x3E, 0x24, 0x59, 0x32, 0x07, 0x4F, 0x1A, 0x3F, 0x3E, 0x34, 0x59,
	0x63, 0x07, 0x63, 0x74, 0x02, 0x1A, 0x3F, 0x19, 0xB3, 0x07, 0x77, 0x74,
	0xFF, 0x1A, 0x3F, 0x19, 0xB3, 0x07, 0x81, 0x74, 0x01, 0x7A, 0xB3, 0x03,
	0xDD, 0xE4, 0x1A, 0x3F, 0x19, 0xB3, 0x08, 0x49, 0x1A, 0x0F, 0x7E, 0x24,
	0x00, 0x0E, 0x7D, 0x10, 0xAD, 0x12, 0x7D, 0x31, 0x2E, 0x34, 0x08, 0x53,
	0x12, 0xF2, 0xA4, 0x1A, 0x3F, 0x3E, 0x34, 0x3E, 0x34, 0x3E, 0x34, 0x3E,
	0x34, 0x2E, 0x34, 0x08, 0xE3, 0x7E, 0x24, 0x00, 0x10, 0x12, 0xF2, 0xA4,
	0x6D, 0x33, 0xDA, 0x3B, 0x22, 0xCA, 0xF8, 0x7C, 0xF7, 0x7C, 0x3B, 0x7E,
	0x18, 0x3A, 0x7C, 0x7A, 0x1F, 0x37, 0x30, 0x4C, 0x33, 0x68, 0x09, 0x7E,
	0x1F, 0x37, 0x30, 0x7E, 0x1B, 0xB0, 0x70, 0x0C, 0xE4, 0x7E, 0x0F, 0x37,
	0x30, 0x39, 0xB0, 0x00, 0x09, 0x02, 0x74, 0xBE, 0x2E, 0x34, 0x00, 0x93,
	0x7A, 0x1F, 0x37, 0x34, 0xE4, 0x7E, 0x24, 0x00, 0x40, 0x12, 0xF2, 0xF7,
	0x7E, 0x1F, 0x37, 0x34, 0x2E, 0x34, 0x00, 0x0E, 0x7E, 0x24, 0x0E, 0x07,
	0x7E, 0x14, 0x00, 0x14, 0x12, 0xF3, 0x47, 0x7E, 0x1F, 0x37, 0x34, 0x2E,
	0x34, 0x00, 0x22, 0x7E, 0x24, 0x0E, 0x1B, 0x7E, 0x14, 0x00, 0x14, 0x12,
	0xF3, 0x47, 0x7E, 0x1F, 0x37, 0x34, 0x0B, 0x36, 0x7E, 0x24, 0x0D, 0xF7,
	0x7E, 0x14, 0x00, 0x0A, 0x12, 0xF3, 0x47, 0x7E, 0x1F, 0x37, 0x34, 0x2E,
	0x34, 0x00, 0x36, 0x7E, 0x24, 0x0D, 0xEB, 0x7E, 0x14, 0x00, 0x0A, 0x12,
	0xF3, 0x47, 0x7E, 0x73, 0x0E, 0x31, 0x7E, 0x0F, 0x37, 0x34, 0x39, 0x70,
	0x00, 0x03, 0x7E, 0x1F, 0x37, 0x34, 0x39, 0xF1, 0x00, 0x01, 0x7E, 0xB3,
	0x0E, 0x31, 0x70, 0x09, 0x7E, 0xB3, 0x0D, 0xBB, 0xBE, 0xB0, 0xFF, 0x68,
	0x0A, 0x74, 0x01, 0x7E, 0x1F, 0x37, 0x34, 0x39, 0xB1, 0x00, 0x02, 0xE4,
	0x7E, 0x1F, 0x37, 0x30, 0x39, 0xB1, 0x00, 0x08, 0x7E, 0x1F, 0x37, 0x30,
	0x29, 0xB1, 0x00, 0x09, 0x60, 0x29, 0x29, 0xA1, 0x00, 0x0A, 0x0B, 0xA0,
	0x7E, 0x0F, 0x37, 0x34, 0x29, 0xB0, 0x00, 0x02, 0x60, 0x02, 0x6C, 0xAA,
	0x39, 0xA1, 0x00, 0x0A, 0xBE, 0xA0, 0x03, 0x68, 0x03, 0x02, 0x74, 0xBE,
	0xE4, 0x7E, 0x0F, 0x37, 0x30, 0x39, 0xB0, 0x00, 0x09, 0x80, 0x73, 0x7E,
	0x0F, 0x37, 0x34, 0x29, 0xB0, 0x00, 0x02, 0x60, 0x69, 0x2E, 0x34, 0x00,
	0x13, 0xE4, 0x7E, 0x24, 0x00, 0x40, 0x12, 0xF2, 0xF7, 0x74, 0x80, 0x7E,
	0x1F, 0x37, 0x30, 0x39, 0xB1, 0x00, 0x13, 0x7E, 0x1F, 0x37, 0x30, 0x2E,
	0x34, 0x00, 0x53, 0x7E, 0x0F, 0x37, 0x34, 0x7D, 0x21, 0x7E, 0x14, 0x00,
	0x40, 0x12, 0xF3, 0x47, 0x74, 0x01, 0x7E, 0x1F, 0x37, 0x30, 0x39, 0xB1,
	0x00, 0x53, 0x0A, 0x3F, 0x1B, 0x34, 0x7E, 0x0F, 0x37, 0x30, 0x39, 0x70,
	0x00, 0x10, 0x74, 0x01, 0x7E, 0x1F, 0x37, 0x30, 0x39, 0xB1, 0x00, 0x08,
	0x74, 0x01, 0x7E, 0x1F, 0x37, 0x30, 0x39, 0xB1, 0x00, 0x0F, 0x74, 0x01,
	0x7E, 0x1F, 0x37, 0x30, 0x39, 0xB1, 0x00, 0x0B, 0x74, 0x01, 0x7E, 0x1F,
	0x37, 0x30, 0x39, 0xB1, 0x00, 0x09, 0xDA, 0xF8, 0x22, 0xCA, 0x3B, 0x7C,
	0xAB, 0x7E, 0xB3, 0x04, 0x6D, 0x20, 0xE4, 0x03, 0x02, 0x76, 0x13, 0xBE,
	0xA0, 0x01, 0x38, 0x03, 0x02, 0x76, 0x13, 0x7E, 0x74, 0xC1, 0x50, 0x7E,
	0xD0, 0x10, 0xAC, 0xDA, 0x2D, 0x67, 0x02, 0x76, 0x0C, 0x09, 0xB7, 0x00,
	0x09, 0x60, 0x03, 0x02, 0x76, 0x08, 0x09, 0xB7, 0x00, 0x05, 0x60, 0x15,
	0x7E, 0x73, 0x05, 0x1A, 0x0A, 0x27, 0x1B, 0x24, 0x09, 0x77, 0x00, 0x04,
	0x0A, 0x37, 0xBD, 0x32, 0x68, 0x03, 0x02, 0x76, 0x08, 0x09, 0xB7, 0x00,
	0x06, 0x0A, 0x1B, 0x09, 0xA7, 0x00, 0x07, 0x0A, 0x2A, 0x7D, 0x32, 0x9D,
	0x31, 0xBE, 0x34, 0x00, 0x01, 0x08, 0x03, 0x02, 0x76, 0x08, 0xBE, 0xB0,
	0x01, 0x68, 0x0F, 0x7E, 0x73, 0x05, 0x1B, 0x0A, 0x37, 0x1B, 0x35, 0xBD,
	0x23, 0x68, 0x03, 0x02, 0x76, 0x08, 0x7E, 0x34, 0xC1, 0x50, 0x02, 0x75,
	0xFB, 0xBE, 0x77, 0x37, 0x45, 0x78, 0x03, 0x02, 0x75, 0xF3, 0x7E, 0x27,
	0x37, 0x45, 0x09, 0xB2, 0x00, 0x09, 0x60, 0x03, 0x02, 0x75, 0xF3, 0x09,
	0xA2, 0x00, 0x07, 0x4C, 0xAA, 0x68, 0x15, 0x7E, 0xB3, 0x05, 0x1B, 0x0A,
	0x1B, 0x1B, 0x14, 0x09, 0xB2, 0x00, 0x06, 0x0A, 0x3B, 0xBD, 0x31, 0x68,
	0x03, 0x02, 0x75, 0xF3, 0x09, 0xB2, 0x00, 0x04, 0x0A, 0x1B, 0x09, 0x72,
	0x00, 0x05, 0x0A, 0x47, 0x7D, 0x34, 0x9D, 0x31, 0xBE, 0x34, 0x00, 0x01,
	0x18, 0x6D, 0xBE, 0xB0, 0x01, 0x68, 0x0C, 0x7E, 0xB3, 0x05, 0x1A, 0x0A,
	0x3B, 0x1B, 0x35, 0xBD, 0x43, 0x78, 0x5C, 0x09, 0xB2, 0x00, 0x04, 0x7A,
	0xB3, 0x37, 0x47, 0x09, 0xB7, 0x00, 0x05, 0x60, 0x12, 0x09, 0xB2, 0x00,
	0x05, 0x1A, 0x1B, 0x09, 0xB7, 0x00, 0x05, 0x1A, 0x3B, 0x9D, 0x31, 0x7A,
	0x73, 0x37, 0x47, 0x09, 0xB7, 0x00, 0x06, 0x7A, 0xB3, 0x37, 0x48, 0x4C,
	0xAA, 0x68, 0x12, 0x09, 0x77, 0x00, 0x07, 0x1A, 0x17, 0x09, 0x72, 0x00,
	0x07, 0x1A, 0x37, 0x9D, 0x31, 0x7A, 0x73, 0x37, 0x48, 0x7E, 0x73, 0x37,
	0x47, 0xBE, 0x70, 0x01, 0x18, 0x15, 0x7E, 0x73, 0x37, 0x48, 0xBE, 0x70,
	0x01, 0x18, 0x0C, 0x7D, 0x37, 0x12, 0xAD, 0xF1, 0xE4, 0x19, 0xB7, 0x00,
	0x0B, 0x80, 0x15, 0x7E, 0x37, 0x37, 0x45, 0x2E, 0x34, 0x00, 0x10, 0x7A,
	0x37, 0x37, 0x45, 0xBE, 0x67, 0x37, 0x45, 0x28, 0x03, 0x02, 0x75, 0x3D,
	0x2E, 0x74, 0x00, 0x10, 0xBD, 0x67, 0x28, 0x03, 0x02, 0x74, 0xE5, 0xDA,
	0x3B, 0x22, 0xCA, 0xF8, 0x7D, 0x43, 0x7C, 0x3B, 0x7E, 0xF3, 0x3B, 0x7D,
	0x6C, 0x22, 0x6C, 0x44, 0x7E, 0xE7, 0x0E, 0x73, 0x7E, 0xF7, 0x0E, 0x75,
	0x6C, 0x55, 0x7E, 0x37, 0x0E, 0x77, 0x7E, 0x07, 0x0E, 0x79, 0x7C, 0xBF,
	0x14, 0xBE, 0xB0, 0x17, 0x40, 0x03, 0x02, 0x77, 0x46, 0x7E, 0xA0, 0x03,
	0xA4, 0x90, 0x76, 0x49, 0x73, 0x02, 0x77, 0x1F, 0x02, 0x77, 0x1F, 0x02,
	0x77, 0x1F, 0x02, 0x77, 0x1F, 0x02, 0x77, 0x1F, 0x02, 0x77, 0x1F, 0x02,
	0x77, 0x1F, 0x02, 0x77, 0x1F, 0x02, 0x77, 0x1F, 0x02, 0x77, 0x1F, 0x02,
	0x77, 0x1F, 0x02, 0x77, 0x1F, 0x02, 0x77, 0x06, 0x02, 0x77, 0x06, 0x02,
	0x77, 0x06, 0x02, 0x77, 0x06, 0x02, 0x76, 0xE2, 0x02, 0x76, 0xE2, 0x02,
	0x76, 0xE2, 0x02, 0x76, 0xE2, 0x02, 0x76, 0x8E, 0x02, 0x76, 0x8E, 0x02,
	0x76, 0x8E, 0xBE, 0xF0, 0x15, 0x78, 0x05, 0x7E, 0x20, 0x02, 0x80, 0x12,
	0xBE, 0xF0, 0x16, 0x78, 0x05, 0x7E, 0x20, 0x04, 0x80, 0x08, 0xBE, 0xF0,
	0x17, 0x78, 0x03, 0x7E, 0x20, 0x01, 0x7C, 0xB3, 0x54, 0x01, 0x0A, 0xFB,
	0x7E, 0x54, 0x00, 0x01, 0x9D, 0x5F, 0x7C, 0x4B, 0xBE, 0x30, 0x02, 0x50,
	0x0B, 0xBE, 0xF0, 0x17, 0x68, 0x06, 0x7E, 0xE7, 0x3B, 0x73, 0x80, 0x04,
	0x7E, 0xE7, 0x3B, 0x6F, 0xBE, 0x30, 0x02, 0x50, 0x0B, 0xBE, 0xF0, 0x17,
	0x68, 0x06, 0x7E, 0xF7, 0x3B, 0x75, 0x80, 0x04, 0x7E, 0xF7, 0x3B, 0x71,
	0x80, 0x67, 0x7E, 0x20, 0x03, 0xBE, 0x30, 0x02, 0x50, 0x5F, 0x7E, 0x50,
	0x01, 0x7E, 0x40, 0x01, 0xA5, 0xBB, 0x00, 0x55, 0x7E, 0xE7, 0x3B, 0x56,
	0x7E, 0xF7, 0x3B, 0x58, 0x7E, 0x37, 0x3B, 0x60, 0x7E, 0x07, 0x3B, 0x62,
	0x80, 0x43, 0x7E, 0x20, 0x03, 0xBE, 0x30, 0x02, 0x50, 0x3B, 0x7E, 0x40,
	0x01, 0xA5, 0xBB, 0x00, 0x34, 0x7E, 0xE7, 0x3B, 0x56, 0x7E, 0xF7, 0x3B,
	0x58, 0x80, 0x2A, 0x7E, 0x23, 0x39, 0x46, 0x0A, 0x52, 0x0B, 0x54, 0x0B,
	0x54, 0x7C, 0x2B, 0x0A, 0xD2, 0x1B, 0xD4, 0x0A, 0x53, 0xBD, 0x5D, 0x58,
	0x14, 0x7E, 0x40, 0x01, 0x74, 0x02, 0xAC, 0xB3, 0x49, 0xE5, 0x39, 0x97,
	0x49, 0xF5, 0x39, 0xC1, 0x80, 0x03, 0xE4, 0x80, 0x1D, 0xBC, 0x23, 0x28,
	0x17, 0x7A, 0x49, 0x40, 0x59, 0xE4, 0x00, 0x01, 0x59, 0xF4, 0x00, 0x03,
	0x19, 0x54, 0x00, 0x05, 0x59, 0x34, 0x00, 0x06, 0x59, 0x04, 0x00, 0x08,
	0x7C, 0xB2, 0xDA, 0xF8, 0x22, 0x7E, 0x37, 0x12, 0xE9, 0x2E, 0x34, 0x00,
	0x03, 0x7E, 0x24, 0x01, 0xBA, 0x12, 0xF2, 0x4B, 0xE4, 0x7A, 0xB3, 0x12,
	0xE0, 0x7E, 0x34, 0x2E, 0x33, 0x7E, 0x24, 0x00, 0x20, 0x12, 0xF2, 0x4B,
	0xA2, 0x00, 0xE4, 0x33, 0x7C, 0x6B, 0x5E, 0x60, 0x01, 0x7C, 0xB6, 0x03,
	0x03, 0x54, 0xC0, 0x7C, 0x6B, 0x7E, 0x27, 0x12, 0xE9, 0x2E, 0x24, 0x00,
	0xF1, 0x7E, 0x29, 0x70, 0x5E, 0x70, 0xBF, 0x4C, 0x76, 0x7A, 0x29, 0x70,
	0x7E, 0x63, 0x12, 0xE2, 0x5E, 0x60, 0x07, 0x3E, 0x60, 0x3E, 0x60, 0x7E,
	0x27, 0x12, 0xE9, 0x2E, 0x24, 0x00, 0xF1, 0x7E, 0x29, 0x70, 0x5E, 0x70,
	0xE3, 0x4C, 0x76, 0x7A, 0x29, 0x70, 0x7E, 0x37, 0x12, 0xE9, 0x2E, 0x34,
	0x00, 0xF0, 0x7E, 0x39, 0xB0, 0x44, 0x03, 0x7A, 0x39, 0xB0, 0x7E, 0x37,
	0x12, 0xE9, 0x2E, 0x34, 0x00, 0xF0, 0x7E, 0x39, 0xB0, 0x44, 0x04, 0x7A,
	0x39, 0xB0, 0x7E, 0x37, 0x12, 0xE9, 0x2E, 0x34, 0x00, 0xF0, 0x7E, 0x39,
	0xB0, 0x44, 0x08, 0x7A, 0x39, 0xB0, 0xA9, 0xA0, 0xED, 0xE4, 0x33, 0x7C,
	0x6B, 0x5E, 0x60, 0x01, 0x7C, 0xB6, 0x03, 0x03, 0x54, 0xC0, 0x7C, 0x6B,
	0x7E, 0x27, 0x12, 0xE9, 0x2E, 0x24, 0x00, 0xF0, 0x7E, 0x29, 0x70, 0x5E,
	0x70, 0xBF, 0x4C, 0x76, 0x7A, 0x29, 0x70, 0x74, 0x83, 0x7E, 0x37, 0x12,
	0xE9, 0x19, 0xB3, 0x00, 0xF4, 0xE4, 0x12, 0xEA, 0x10, 0x74, 0x53, 0x7E,
	0x37, 0x12, 0xE9, 0x19, 0xB3, 0x01, 0x00, 0x74, 0x54, 0x7E, 0x37, 0x12,
	0xE9, 0x19, 0xB3, 0x01, 0x01, 0x74, 0x4A, 0x7E, 0x37, 0x12, 0xE9, 0x19,
	0xB3, 0x01, 0x02, 0x74, 0x30, 0x7E, 0x37, 0x12, 0xE9, 0x19, 0xB3, 0x01,
	0x03, 0x7E, 0x34, 0x01, 0x08, 0x7E, 0x27, 0x12, 0xE9, 0x59, 0x32, 0x01,
	0x04, 0x12, 0xDA, 0xC8, 0x7E, 0x37, 0x12, 0xE9, 0x2E, 0x34, 0x00, 0xF0,
	0x7E, 0x39, 0xB0, 0x44, 0x80, 0x7A, 0x39, 0xB0, 0x7E, 0x37, 0x12, 0xE9,
	0x2E, 0x34, 0x00, 0xF1, 0x7E, 0x39, 0xB0, 0x44, 0x80, 0x7A, 0x39, 0xB0,
	0x7E, 0x37, 0x2D, 0xD9, 0x0B, 0x34, 0x7E, 0x39, 0x60, 0x1E, 0x60, 0x1E,
	0x60, 0x5E, 0x60, 0x01, 0x7C, 0xB6, 0xC4, 0x23, 0x54, 0xE0, 0x7C, 0x6B,
	0x7E, 0x27, 0x12, 0xE9, 0x2E, 0x24, 0x00, 0xF0, 0x7E, 0x29, 0x70, 0x5E,
	0x70, 0xDF, 0x4C, 0x76, 0x7A, 0x29, 0x70, 0x12, 0xE9, 0xE2, 0x12, 0xE5,
	0x5D, 0x22, 0xCA, 0x3B, 0x7C, 0xA3, 0x7C, 0xD4, 0x7C, 0xF5, 0x7C, 0xEB,
	0x7D, 0x43, 0x7E, 0xF4, 0xC0, 0xE4, 0x7E, 0xE4, 0xC1, 0x26, 0x6D, 0xDD,
	0x6C, 0xCC, 0x80, 0x69, 0x7D, 0xC4, 0x9F, 0x11, 0x7E, 0x14, 0xFF, 0xFF,
	0xE4, 0x80, 0x2D, 0x0B, 0xC8, 0xB0, 0xBE, 0xB4, 0x00, 0x00, 0x58, 0x02,
	0x6D, 0xBB, 0xBD, 0x1B, 0x58, 0x09, 0x7D, 0x1B, 0x7E, 0xB3, 0x37, 0x64,
	0x7A, 0xE9, 0xB0, 0x7D, 0x0B, 0x7D, 0x9B, 0x1A, 0x00, 0x1A, 0x80, 0x2F,
	0x14, 0x1A, 0x0A, 0x3E, 0x04, 0x2D, 0xC0, 0x7E, 0xB3, 0x37, 0x64, 0x04,
	0x7A, 0xB3, 0x37, 0x64, 0xBE, 0xF3, 0x37, 0x64, 0x18, 0xC9, 0xBE, 0x18,
	0x7F, 0xFF, 0x08, 0x04, 0x7E, 0x18, 0x7F, 0xFF, 0x7D, 0x0D, 0x7D, 0xBD,
	0x1A, 0x00, 0x1A, 0xA0, 0xBF, 0x51, 0x58, 0x02, 0x7D, 0xD3, 0x1B, 0xF8,
	0x30, 0x0B, 0xF5, 0x1A, 0x0D, 0x3E, 0x04, 0x2D, 0x40, 0x0B, 0xE4, 0x0B,
	0xC0, 0xBC, 0xEC, 0x18, 0x93, 0x7E, 0xE4, 0x80, 0x01, 0x1B, 0xF8, 0xE0,
	0x7E, 0xE4, 0xC1, 0x26, 0x7E, 0x44, 0xC1, 0x47, 0x7E, 0xF4, 0xC0, 0xE4,
	0x7E, 0x33, 0x04, 0x32, 0x7D, 0x3D, 0x1A, 0x26, 0x1A, 0x24, 0x0A, 0x13,
	0x6D, 0x00, 0x12, 0x8C, 0xBA, 0x7C, 0x76, 0x7C, 0x65, 0x7D, 0xC3, 0x7E,
	0xB3, 0x04, 0x6A, 0x54, 0x0F, 0x0A, 0x5B, 0x3E, 0x54, 0x3E, 0x54, 0x78,
	0x04, 0x7E, 0x54, 0x00, 0x1E, 0xBD, 0x5C, 0x08, 0x02, 0x7D, 0xC5, 0x6C,
	0xAA, 0x6D, 0x33, 0x6D, 0xDD, 0x6C, 0x55, 0x6C, 0xCC, 0x80, 0x5A, 0x0B,
	0xF8, 0x10, 0x0B, 0xF5, 0xA5, 0xBD, 0x00, 0x39, 0xBD, 0x1D, 0x48, 0x06,
	0x7D, 0xD1, 0x7A, 0xC3, 0x37, 0x65, 0x7D, 0x0D, 0x9D, 0x0C, 0xBD, 0x01,
	0x08, 0x3D, 0x7E, 0x50, 0x01, 0x7D, 0x31, 0xBE, 0xA0, 0x04, 0x58, 0x33,
	0x0B, 0xA0, 0x7E, 0x43, 0x37, 0x65, 0x7A, 0x49, 0x40, 0x0B, 0x44, 0x7E,
	0x43, 0x37, 0x65, 0x1A, 0x04, 0x2D, 0x0E, 0x7E, 0x09, 0x40, 0x7A, 0x49,
	0x40, 0x0B, 0x44, 0x80, 0x16, 0xBD, 0x13, 0x18, 0x02, 0x7D, 0x31, 0x7D,
	0x0C, 0x2D, 0x03, 0xBD, 0x01, 0x58, 0x08, 0x6C, 0x55, 0x7D, 0xD1, 0x7A,
	0xC3, 0x37, 0x65, 0x0B, 0xC0, 0x1A, 0xBE, 0x0B, 0xB4, 0x1A, 0x0C, 0xBD,
	0x0B, 0x48, 0x9C, 0x7E, 0x44, 0xC1, 0x46, 0x7A, 0x49, 0xA0, 0x7D, 0x34,
	0xDA, 0x3B, 0x22, 0xCA, 0x3B, 0x7D, 0x41, 0x7C, 0xF4, 0x7C, 0xE5, 0x7C,
	0x16, 0x7C, 0x07, 0x7C, 0xAB, 0x7E, 0xB3, 0x05, 0x1A, 0x0A, 0x3B, 0x1A,
	0x21, 0xAD, 0x32, 0x1A, 0x20, 0x2D, 0x32, 0x3E, 0x34, 0x2E, 0x37, 0x03,
	0x10, 0x4C, 0xAA, 0x68, 0x1E, 0x7D, 0xD4, 0x7D, 0xC4, 0x1A, 0x1A, 0x7E,
	0x64, 0x00, 0x0F, 0x9D, 0x61, 0x1A, 0x1A, 0x3E, 0x14, 0x3E, 0x14, 0x3E,
	0x14, 0x3E, 0x14, 0x7E, 0x78, 0xC1, 0x50, 0x2D, 0xF1, 0x80, 0x0D, 0x7D,
	0xD4, 0x7D, 0xC4, 0x0E, 0xC4, 0x7E, 0xD0, 0x0F, 0x7E, 0x78, 0xC1, 0x50,
	0x1A, 0x1E, 0x4E, 0x20, 0x01, 0x7A, 0x17, 0xFF, 0xC2, 0x7E, 0xB3, 0x05,
	0x1A, 0x7C, 0x8B, 0x6C, 0x99, 0x1A, 0x1F, 0x4D, 0x14, 0x7A, 0x17, 0xFF,
	0xC4, 0x7E, 0x14, 0x00, 0x80, 0x7A, 0x17, 0xFF, 0xC6, 0x7A, 0xC7, 0xFF,
	0xC8, 0x7A, 0xD7, 0xFF, 0xCA, 0x7C, 0x2D, 0x7E, 0x30, 0x01, 0x7A, 0x17,
	0xFF, 0xCC, 0x7F, 0x57, 0x9E, 0xB4, 0x00, 0x10, 0x7A, 0xB7, 0xFF, 0xCE,
	0x7A, 0x37, 0xFF, 0xC0, 0x7E, 0x17, 0xFF, 0x00, 0x5E, 0x14, 0x00, 0x80,
	0x78, 0xF6, 0x6C, 0x77, 0x7D, 0x1F, 0x7D, 0x4F, 0x6C, 0x66, 0x02, 0x7B,
	0x28, 0x74, 0x01, 0x19, 0xB4, 0x00, 0x09, 0x09, 0xB1, 0x00, 0x08, 0x60,
	0x2A, 0xBD, 0x41, 0x68, 0x21, 0x6C, 0x55, 0x7E, 0xF0, 0x02, 0xAC, 0xF5,
	0x7D, 0xB7, 0x2D, 0xB1, 0x0B, 0xB8, 0xA0, 0x7D, 0xB7, 0x2D, 0xB4, 0x1B,
	0xB8, 0xA0, 0x0B, 0x50, 0xA5, 0xBD, 0x08, 0xE7, 0x74, 0x01, 0x19, 0xB1,
	0x00, 0x09, 0xE4, 0x19, 0xB4, 0x00, 0x09, 0x09, 0xB4, 0x00, 0x09, 0x70,
	0x45, 0xE4, 0x19, 0xB4, 0x00, 0x0B, 0x4C, 0xAA, 0x68, 0x36, 0x7D, 0xB4,
	0x0B, 0xB6, 0x7E, 0xB9, 0x40, 0x2C, 0x40, 0x7A, 0xB9, 0x40, 0x7D, 0xB4,
	0x2E, 0xB4, 0x00, 0x05, 0x7E, 0xB9, 0x40, 0x2C, 0x40, 0x7A, 0xB9, 0x40,
	0x7D, 0xB4, 0x2E, 0xB4, 0x00, 0x06, 0x7E, 0xB9, 0x40, 0x2C, 0x41, 0x7A,
	0xB9, 0x40, 0x7D, 0xB4, 0x2E, 0xB4, 0x00, 0x07, 0x7E, 0xB9, 0x40, 0x2C,
	0x41, 0x7A, 0xB9, 0x40, 0x0B, 0x70, 0x2E, 0x44, 0x00, 0x10, 0x2E, 0x14,
	0x00, 0x10, 0x0B, 0x60, 0xBC, 0xD6, 0x28, 0x03, 0x02, 0x7A, 0xA1, 0x7C,
	0xB7, 0xDA, 0x3B, 0x22, 0xCA, 0x3B, 0x7C, 0xAB, 0x7D, 0xD2, 0x7D, 0xC3,
	0xE4, 0x7A, 0xB3, 0x0E, 0x31, 0x7C, 0x9A, 0x7E, 0x80, 0x10, 0x9C, 0x89,
	0x6C, 0xFF, 0x0A, 0xFF, 0x2D, 0xFC, 0x09, 0xBF, 0x00, 0x04, 0xBE, 0xB0,
	0x01, 0x68, 0x08, 0xB4, 0x02, 0x02, 0x80, 0x03, 0x02, 0x7C, 0x0D, 0x0A,
	0xEF, 0x2D, 0xED, 0x09, 0xEE, 0x00, 0x04, 0xBE, 0xE0, 0x01, 0x68, 0x03,
	0x02, 0x7C, 0x0D, 0x7E, 0xD0, 0x02, 0xAC, 0xDF, 0x7D, 0x86, 0x2D, 0x8D,
	0x49, 0x38, 0x00, 0x0E, 0x1A, 0x26, 0x1A, 0x24, 0x0A, 0x19, 0x6D, 0x00,
	0x12, 0x8C, 0xBA, 0x7F, 0x51, 0x7D, 0x96, 0x2D, 0x9C, 0x49, 0x39, 0x00,
	0x0E, 0x1A, 0x26, 0x1A, 0x24, 0x0A, 0x18, 0x6D, 0x00, 0x12, 0x8C, 0xBA,
	0x2F, 0x15, 0x74, 0x04, 0x1E, 0x34, 0x0E, 0x24, 0x50, 0x03, 0x4E, 0x60,
	0x80, 0x14, 0x78, 0xF4, 0x7D, 0x53, 0x59, 0x56, 0x0E, 0x07, 0x49, 0x38,
	0x00, 0x22, 0x1A, 0x26, 0x1A, 0x24, 0x0A, 0x19, 0x6D, 0x00, 0x12, 0x8C,
	0xBA, 0x7F, 0x51, 0x49, 0x39, 0x00, 0x22, 0x1A, 0x26, 0x1A, 0x24, 0x0A,
	0x18, 0x6D, 0x00, 0x12, 0x8C, 0xBA, 0x2F, 0x15, 0x74, 0x04, 0x1E, 0x34,
	0x0E, 0x24, 0x50, 0x03, 0x4E, 0x60, 0x80, 0x14, 0x78, 0xF4, 0x74, 0x02,
	0xAC, 0xBF, 0x59, 0x35, 0x0E, 0x1B, 0x0A, 0x5F, 0x19, 0xE5, 0x0D, 0xF7,
	0x09, 0x7E, 0x00, 0x36, 0x0A, 0x27, 0x09, 0x7F, 0x00, 0x36, 0x0A, 0x37,
	0x2D, 0x32, 0x7E, 0x24, 0x00, 0x02, 0x12, 0x8C, 0x88, 0x0A, 0x5F, 0x19,
	0x75, 0x0D, 0xEB, 0x80, 0x3E, 0x7E, 0x50, 0x02, 0xAC, 0x5F, 0x7D, 0x52,
	0x2D, 0x5D, 0x49, 0x35, 0x00, 0x0E, 0x59, 0x32, 0x0E, 0x07, 0x49, 0x35,
	0x00, 0x22, 0x74, 0x02, 0xAC, 0xBF, 0x59, 0x35, 0x0E, 0x1B, 0x0A, 0x3F,
	0x2D, 0x3D, 0x09, 0xB3, 0x00, 0x04, 0x0A, 0x2F, 0x19, 0xB2, 0x0D, 0xF7,
	0x09, 0xA3, 0x00, 0x36, 0x0A, 0x2F, 0x19, 0xA2, 0x0D, 0xEB, 0xB4, 0x02,
	0x06, 0x74, 0x03, 0x19, 0xB3, 0x00, 0x04, 0x0A, 0x5F, 0x09, 0xB5, 0x0D,
	0xF7, 0x60, 0x09, 0x7E, 0xB3, 0x0E, 0x31, 0x04, 0x7A, 0xB3, 0x0E, 0x31,
	0x0B, 0xF0, 0xBE, 0xF0, 0x0A, 0x50, 0x03, 0x02, 0x7B, 0x4A, 0x74, 0x01,
	0xDA, 0x3B, 0x22, 0xCA, 0x3B, 0xE4, 0x7A, 0xB3, 0x37, 0x30, 0x7E, 0x37,
	0x0D, 0xE9, 0x7A, 0x37, 0x37, 0x32, 0x7E, 0x37, 0x0D, 0xF5, 0x7A, 0x37,
	0x37, 0x34, 0xBE, 0x37, 0x37, 0x32, 0x78, 0x20, 0x7E, 0x37, 0x37, 0x34,
	0x5E, 0x34, 0x00, 0x40, 0x78, 0x03, 0x02, 0x7D, 0x9A, 0x7E, 0x73, 0x0E,
	0x30, 0xBE, 0x73, 0x0E, 0x2F, 0x78, 0x03, 0x02, 0x7D, 0x9A, 0x74, 0x01,
	0x7A, 0xB3, 0x37, 0x30, 0x7E, 0x27, 0x37, 0x34, 0x5E, 0x24, 0x00, 0x40,
	0x7E, 0x37, 0x37, 0x32, 0x5E, 0x34, 0x00, 0x40, 0xBD, 0x32, 0x78, 0x06,
	0x7E, 0xB3, 0x37, 0x30, 0x60, 0x03, 0x12, 0xEB, 0x7C, 0x6C, 0xFF, 0x1A,
	0x3F, 0x1A, 0x26, 0x2E, 0x24, 0x00, 0xFF, 0x2E, 0x18, 0xF7, 0xA8, 0x7E,
	0x1B, 0x70, 0x7A, 0x73, 0x37, 0x2F, 0x1A, 0x1F, 0x1A, 0x02, 0x2E, 0x04,
	0x00, 0xFF, 0x2E, 0x08, 0xF7, 0xA9, 0x7E, 0x0B, 0xE0, 0x74, 0x01, 0x7C,
	0x6E, 0x12, 0xC3, 0x6F, 0x0B, 0xF0, 0xBE, 0xF0, 0x10, 0x48, 0xD0, 0x7E,
	0x64, 0x00, 0x02, 0x6C, 0xFF, 0xE4, 0x7A, 0xB3, 0x37, 0x31, 0xBE, 0xF0,
	0x05, 0x78, 0x0F, 0x7E, 0x73, 0x37, 0x30, 0xBE, 0x70, 0x00, 0x28, 0x06,
	0x74, 0x01, 0x7A, 0xB3, 0x37, 0x31, 0x7D, 0x36, 0x5E, 0x37, 0x37, 0x34,
	0x7D, 0x26, 0x5E, 0x27, 0x37, 0x32, 0xBD, 0x23, 0x78, 0x09, 0x7E, 0x53,
	0x37, 0x31, 0xBE, 0x50, 0x00, 0x28, 0x0D, 0x1A, 0x2F, 0x2E, 0x24, 0x0D,
	0xBC, 0x7E, 0x29, 0xB0, 0x04, 0x7A, 0x29, 0xB0, 0x4D, 0x33, 0x68, 0x46,
	0x1A, 0x3F, 0x1A, 0x26, 0x2E, 0x24, 0x00, 0xFF, 0x2E, 0x18, 0xF7, 0xA8,
	0x7E, 0x1B, 0x70, 0x7A, 0x73, 0x37, 0x2F, 0x1A, 0x3F, 0x1A, 0x26, 0x2E,
	0x24, 0x00, 0xFF, 0x2E, 0x18, 0xF7, 0xA9, 0x7E, 0x1B, 0xE0, 0xBE, 0x64,
	0x00, 0x40, 0x78, 0x14, 0x7E, 0x73, 0x0E, 0x30, 0x0A, 0x17, 0x7E, 0x24,
	0x00, 0x03, 0x9D, 0x21, 0x7C, 0x65, 0x9C, 0xE6, 0x7A, 0x73, 0x0E, 0x2F,
	0xE4, 0x7E, 0x73, 0x37, 0x2F, 0x7C, 0x6E, 0x12, 0xC3, 0x6F, 0x3E, 0x64,
	0x0B, 0xF0, 0xBE, 0xF0, 0x06, 0x58, 0x03, 0x02, 0x7C, 0xFD, 0x7E, 0x37,
	0x0D, 0xF5, 0x7A, 0x37, 0x0D, 0xE9, 0xDA, 0x3B, 0x22, 0xCA, 0xD8, 0xCA,
	0x79, 0x7C, 0x45, 0x7C, 0xDB, 0x7D, 0x73, 0x7E, 0x50, 0x02, 0xAC, 0x45,
	0x7D, 0x37, 0x12, 0xF2, 0x4B, 0x4C, 0xDD, 0x78, 0x2E, 0x7E, 0x08, 0x2D,
	0x16, 0x7D, 0x37, 0x7E, 0x24, 0x00, 0x1C, 0x12, 0xF0, 0x0A, 0x7E, 0x73,
	0x2D, 0x0C, 0x0A, 0x37, 0x59, 0x37, 0x00, 0x1E, 0x7E, 0x73, 0x2D, 0x10,
	0x0A, 0x37, 0x59, 0x37, 0x00, 0x20, 0x7E, 0x73, 0x2D, 0x4E, 0x0A, 0x37,
	0x59, 0x37, 0x00, 0x22, 0x02, 0x7E, 0xC9, 0xBE, 0xD0, 0x01, 0x68, 0x03,
	0x02, 0x7E, 0x96, 0x7E, 0x73, 0x2D, 0x0B, 0x0A, 0x37, 0x1B, 0x78, 0x30,
	0x7E, 0x37, 0x2D, 0x14, 0x59, 0x37, 0x00, 0x02, 0x7E, 0x73, 0x2D, 0x70,
	0x0A, 0x37, 0x59, 0x37, 0x00, 0x04, 0x7E, 0x73, 0x2D, 0x10, 0x0A, 0x37,
	0x59, 0x37, 0x00, 0x06, 0x7E, 0x73, 0x2C, 0x8B, 0x0A, 0x37, 0x59, 0x37,
	0x00, 0x08, 0x7E, 0x37, 0x2C, 0xA6, 0x59, 0x37, 0x00, 0x0A, 0x7E, 0x73,
	0x2D, 0x81, 0x0A, 0x37, 0x59, 0x37, 0x00, 0x10, 0x7E, 0x73, 0x2D, 0x7D,
	0x0A, 0x37, 0x59, 0x37, 0x00, 0x12, 0x7E, 0x73, 0x2D, 0x84, 0x0A, 0x37,
	0x59, 0x37, 0x00, 0x14, 0x7E, 0x37, 0x2D, 0x85, 0x59, 0x37, 0x00, 0x16,
	0x7E, 0x37, 0x2D, 0x87, 0x59, 0x37, 0x00, 0x18, 0x7E, 0x37, 0x2D, 0x74,
	0x59, 0x37, 0x00, 0x1E, 0x7E, 0x73, 0x2D, 0x76, 0x0A, 0x37, 0x59, 0x37,
	0x00, 0x20, 0x7E, 0x73, 0x2D, 0x77, 0x0A, 0x37, 0x59, 0x37, 0x00, 0x22,
	0x7E, 0x73, 0x2D, 0x78, 0x0A, 0x37, 0x59, 0x37, 0x00, 0x24, 0x7E, 0x73,
	0x2D, 0x79, 0x0A, 0x37, 0x59, 0x37, 0x00, 0x26, 0x7E, 0x73, 0x2D, 0x7A,
	0x0A, 0x37, 0x59, 0x37, 0x00, 0x28, 0x7E, 0x73, 0x2D, 0x7B, 0x0A, 0x37,
	0x59, 0x37, 0x00, 0x2A, 0x80, 0x33, 0xBE, 0xD0, 0x02, 0x78, 0x1C, 0x6C,
	0x77, 0x0A, 0x27, 0x09, 0x62, 0x2C, 0xC4, 0x0A, 0x46, 0x7E, 0x50, 0x02,
	0xAC, 0x57, 0x2D, 0x27, 0x1B, 0x28, 0x40, 0x0B, 0x70, 0xA5, 0xBF, 0x0E,
	0xE8, 0x80, 0x12, 0xBE, 0xD0, 0x03, 0x78, 0x0D, 0x7E, 0x08, 0x2D, 0x32,
	0x7D, 0x37, 0x7E, 0x24, 0x00, 0x1C, 0x12, 0xF0, 0x0A, 0xDA, 0x79, 0xDA,
	0xD8, 0x22, 0xCA, 0x3B, 0x6C, 0xEE, 0x6C, 0xFF, 0x6C, 0xDD, 0x6C, 0xCC,
	0xA2, 0x20, 0xE4, 0x33, 0x78, 0x03, 0x02, 0x7F, 0xF7, 0x30, 0x00, 0x03,
	0x02, 0x7F, 0x99, 0x12, 0xE9, 0x26, 0x7C, 0xCB, 0xE5, 0x59, 0x60, 0x05,
	0xE5, 0x59, 0xB4, 0x02, 0x6E, 0xE5, 0x59, 0x12, 0xE3, 0x42, 0x70, 0x0F,
	0xE5, 0x59, 0x12, 0xCE, 0x3F, 0x7E, 0xF0, 0x01, 0xE4, 0x7A, 0xB3, 0x12,
	0xDD, 0x80, 0x4C, 0xE5, 0x59, 0x12, 0xE3, 0x05, 0xBE, 0xB0, 0x01, 0x68,
	0x03, 0x30, 0x0F, 0x05, 0x7E, 0xF0, 0x01, 0x80, 0x3A, 0x7E, 0x37, 0x2D,
	0xE1, 0x7E, 0x39, 0xB0, 0x30, 0xE0, 0x30, 0x7E, 0x73, 0x2D, 0x0D, 0xBE,
	0x73, 0x2D, 0x0B, 0x78, 0x06, 0x7E, 0xB3, 0x2D, 0x73, 0x60, 0x06, 0x74,
	0x0A, 0x7A, 0xB3, 0x12, 0xDD, 0x7E, 0xB3, 0x2C, 0x89, 0x60, 0x03, 0x7E,
	0xF0, 0x01, 0x7E, 0xB3, 0x12, 0xDD, 0xBE, 0xB0, 0x00, 0x28, 0x08, 0x14,
	0x7A, 0xB3, 0x12, 0xDD, 0x7E, 0xF0, 0x01, 0x4C, 0xFF, 0x68, 0x2E, 0x6D,
	0x33, 0x7A, 0x37, 0x18, 0xFC, 0x80, 0x26, 0xE5, 0x59, 0xBE, 0xB0, 0x01,
	0x68, 0x05, 0xE5, 0x59, 0xB4, 0x03, 0x1A, 0xE5, 0x59, 0x12, 0xE3, 0x05,
	0xBE, 0xB0, 0x01, 0x68, 0x03, 0x30, 0x0F, 0x03, 0x7E, 0xD0, 0x01, 0x4C,
	0xCC, 0x78, 0x04, 0x4C, 0xDD, 0x68, 0x02, 0xD2, 0x32, 0x4C, 0xFF, 0x78,
	0x04, 0x4C, 0xCC, 0x78, 0x05, 0xBE, 0xD0, 0x01, 0x78, 0x03, 0x7E, 0xE0,
	0x01, 0x7E, 0xA3, 0x2C, 0x78, 0x7C, 0x6A, 0x7E, 0x53, 0x2C, 0x64, 0x7C,
	0x45, 0x7E, 0x71, 0x59, 0xA5, 0xBE, 0xFF, 0x0D, 0xA5, 0xBC, 0xFF, 0x09,
	0x2E, 0xE0, 0xFF, 0x72, 0x21, 0x92, 0x21, 0x80, 0x3E, 0x6D, 0x11, 0x7A,
	0x17, 0x18, 0xFC, 0xBC, 0x46, 0x68, 0x34, 0xA5, 0xBD, 0xAA, 0x30, 0xA5,
	0xBE, 0xFF, 0x0A, 0x30, 0x01, 0x05, 0x7E, 0x60, 0x02, 0x80, 0x02, 0x6C,
	0x66, 0xBC, 0x67, 0x68, 0x1A, 0x4C, 0xFF, 0x78, 0x05, 0x7C, 0xB7, 0x30,
	0xE0, 0x07, 0x7C, 0xB7, 0x54, 0x01, 0xB4, 0x01, 0x0E, 0xD2, 0x21, 0x74,
	0xBB, 0x7A, 0xB3, 0x2C, 0x64, 0x80, 0x04, 0x7A, 0xA3, 0x2C, 0x64, 0xDA,
	0x3B, 0x22, 0xCA, 0x79, 0x7C, 0xF3, 0x7C, 0xE4, 0x7C, 0xA5, 0x7C, 0x3B,
	0x7D, 0x43, 0x0A, 0x23, 0x0A, 0x3A, 0x9D, 0x32, 0x0B, 0x34, 0x0A, 0xFE,
	0x0A, 0x2F, 0x9D, 0x2F, 0x0B, 0x24, 0x7C, 0x65, 0x7E, 0x20, 0x05, 0xBE,
	0x04, 0x04, 0x00, 0x58, 0x04, 0x6C, 0x22, 0x80, 0x2A, 0xBE, 0x04, 0x08,
	0x00, 0x58, 0x05, 0x7E, 0x20, 0x01, 0x80, 0x1F, 0xBE, 0x04, 0x10, 0x00,
	0x58, 0x05, 0x7E, 0x20, 0x02, 0x80, 0x14, 0xBE, 0x04, 0x20, 0x00, 0x58,
	0x05, 0x7E, 0x20, 0x03, 0x80, 0x09, 0xBE, 0x04, 0x40, 0x00, 0x58, 0x03,
	0x7E, 0x20, 0x04, 0x0A, 0x27, 0x7E, 0x40, 0x01, 0x7A, 0x27, 0xFF, 0xA2,
	0x7E, 0xB3, 0x05, 0x1A, 0x7C, 0x0B, 0x6C, 0x11, 0x0A, 0x26, 0x4D, 0x20,
	0x7A, 0x27, 0xFF, 0xA4, 0x6D, 0x22, 0x7A, 0x27, 0xFF, 0xA6, 0x0A, 0x22,
	0x7A, 0x27, 0xFF, 0xA8, 0x7E, 0x24, 0xC0, 0xC0, 0x7A, 0x27, 0xFF, 0xAA,
	0x7A, 0x47, 0xFF, 0xA0, 0x7E, 0x27, 0xFF, 0x00, 0x5E, 0x24, 0x00, 0x40,
	0x78, 0xF6, 0x7E, 0xB3, 0x05, 0x1A, 0x7C, 0x4B, 0x6C, 0x55, 0x0A, 0x06,
	0x4D, 0x02, 0x7A, 0x07, 0xFF, 0xA2, 0x0A, 0x07, 0x7E, 0x00, 0x01, 0x7A,
	0x07, 0xFF, 0xA4, 0x6D, 0x00, 0x7A, 0x07, 0xFF, 0xA6, 0x0A, 0x32, 0x7A,
	0x37, 0xFF, 0xA8, 0x7E, 0x34, 0xC1, 0x08, 0x7A, 0x37, 0xFF, 0xAA, 0x7A,
	0x47, 0xFF, 0xA0, 0x7E, 0x37, 0xFF, 0x00, 0x5E, 0x34, 0x00, 0x40, 0x78,
	0xF6, 0x7E, 0x34, 0xC0, 0xC0, 0x7C, 0xB3, 0x7C, 0x5A, 0x7E, 0x43, 0x05,
	0x1A, 0x0A, 0x14, 0x1B, 0x14, 0x7C, 0x43, 0x6C, 0x33, 0x12, 0x57, 0xC9,
	0x7D, 0x23, 0x7E, 0x37, 0x37, 0x64, 0x1B, 0x38, 0x20, 0x7E, 0x34, 0xC1,
	0x08, 0x7C, 0xBE, 0x7C, 0x5F, 0x7E, 0x43, 0x05, 0x1B, 0x0A, 0x14, 0x1B,
	0x14, 0x7C, 0x43, 0x7E, 0x30, 0x01, 0x12, 0x57, 0xC9, 0x7D, 0x23, 0x7E,
	0x37, 0x37, 0x66, 0x1B, 0x38, 0x20, 0x7E, 0x37, 0xC1, 0x0C, 0x1A, 0x26,
	0x7D, 0x03, 0x6D, 0x11, 0x7E, 0x37, 0xC1, 0x0E, 0x7D, 0x20, 0xBE, 0x18,
	0xFF, 0xFF, 0x28, 0x04, 0x7E, 0x18, 0xFF, 0xFF, 0xDA, 0x79, 0x22, 0xCA,
	0xF8, 0x7C, 0x17, 0x7E, 0x24, 0xC1, 0x50, 0x1A, 0x1B, 0x3E, 0x14, 0x3E,
	0x14, 0x3E, 0x14, 0x3E, 0x14, 0x2D, 0x21, 0x7D, 0x42, 0x6C, 0x66, 0x6C,
	0x00, 0x80, 0x16, 0x09, 0xB4, 0x00, 0x09, 0x70, 0x0A, 0x09, 0x34, 0x00,
	0x08, 0xBC, 0x36, 0x28, 0x02, 0x7C, 0x63, 0x2E, 0x44, 0x00, 0x10, 0x0B,
	0x00, 0xBC, 0x10, 0x18, 0xE6, 0x7C, 0xB6, 0xC4, 0x23, 0x54, 0x1F, 0x7C,
	0x6B, 0x7D, 0x42, 0x6C, 0x77, 0x6C, 0x00, 0x02, 0x82, 0x3C, 0x09, 0x54,
	0x00, 0x09, 0xA5, 0xBD, 0x00, 0x02, 0x80, 0x03, 0x02, 0x82, 0x22, 0x09,
	0x44, 0x00, 0x08, 0xBC, 0x46, 0x38, 0x03, 0x7E, 0x50, 0x01, 0xA5, 0xBC,
	0x01, 0x02, 0x80, 0x03, 0x02, 0x82, 0x22, 0x7E, 0x43, 0x05, 0x1A, 0x7E,
	0x33, 0x05, 0x1B, 0x7A, 0x33, 0x37, 0x56, 0x09, 0xF4, 0x00, 0x04, 0x7A,
	0xF3, 0x37, 0x57, 0x09, 0xB4, 0x00, 0x06, 0x7A, 0xB3, 0x37, 0x58, 0xAC,
	0xB4, 0x0A, 0xDF, 0x7D, 0xF5, 0x2D, 0xFD, 0x3E, 0xF4, 0x2E, 0xF7, 0x03,
	0x10, 0x6D, 0xEE, 0x0B, 0x7A, 0x10, 0xBE, 0xF0, 0x00, 0x28, 0x0D, 0x7F,
	0x57, 0x1B, 0xB5, 0x0B, 0x5A, 0x50, 0xBD, 0x51, 0x08, 0x02, 0x80, 0x53,
	0x0A, 0x54, 0x1B, 0x54, 0xBD, 0xD5, 0x58, 0x0A, 0x69, 0x57, 0x00, 0x02,
	0xBD, 0x51, 0x08, 0x02, 0x80, 0x41, 0x7E, 0xB3, 0x37, 0x58, 0xBE, 0xB0,
	0x00, 0x28, 0x17, 0x0A, 0x54, 0x6E, 0x54, 0xFF, 0xFF, 0x0B, 0x54, 0x3E,
	0x54, 0x7F, 0x67, 0x2D, 0xD5, 0x0B, 0x6A, 0x50, 0xBD, 0x51, 0x08, 0x02,
	0x80, 0x21, 0x7E, 0xB3, 0x37, 0x56, 0x0A, 0xDB, 0x1B, 0xD4, 0x7E, 0xB3,
	0x37, 0x58, 0x0A, 0x5B, 0xBD, 0x5D, 0x58, 0x12, 0x74, 0x02, 0xAC, 0xB4,
	0x7F, 0x67, 0x2D, 0xD5, 0x0B, 0x6A, 0x50, 0xBD, 0x51, 0x08, 0x03, 0x7E,
	0x50, 0x01, 0x4C, 0x55, 0x68, 0x08, 0x74, 0x01, 0x19, 0xB4, 0x00, 0x09,
	0x80, 0x08, 0x74, 0x02, 0x19, 0xB4, 0x00, 0x0B, 0x0B, 0x70, 0x2E, 0x44,
	0x00, 0x10, 0x0B, 0x00, 0xBC, 0x10, 0x08, 0x03, 0x02, 0x81, 0x6A, 0x7C,
	0xB7, 0xDA, 0xF8, 0x22, 0x12, 0xBF, 0x2C, 0x75, 0xBB, 0x00, 0x12, 0xF3,
	0xA6, 0x12, 0xF5, 0x0E, 0x75, 0xBB, 0x00, 0x12, 0xF5, 0x2F, 0x12, 0x48,
	0xD7, 0x75, 0xA8, 0x00, 0x00, 0x00, 0x85, 0x42, 0xE8, 0x75, 0xA8, 0x80,
	0x12, 0xF4, 0xA2, 0x75, 0xBB, 0x00, 0xE4, 0x12, 0xF4, 0x55, 0x12, 0xF1,
	0xEB, 0x75, 0xBB, 0x00, 0x12, 0x9B, 0xBF, 0x75, 0xBB, 0x00, 0x12, 0xF2,
	0x03, 0x75, 0xBB, 0x00, 0x12, 0x77, 0x69, 0x75, 0xBB, 0x00, 0x12, 0xF5,
	0x72, 0x75, 0xBB, 0x00, 0x12, 0xD1, 0xBF, 0x12, 0xE6, 0x0A, 0x75, 0xBB,
	0x00, 0x12, 0xEA, 0x3E, 0x7E, 0xB3, 0x2C, 0x5E, 0x12, 0xE4, 0x34, 0x75,
	0xA8, 0x00, 0x00, 0x00, 0x85, 0x62, 0xE8, 0x85, 0x53, 0xA8, 0x75, 0xBB,
	0x00, 0x12, 0xF5, 0xD0, 0x12, 0xC0, 0x43, 0xA2, 0x04, 0xE4, 0x33, 0xB4,
	0x01, 0x52, 0x74, 0x01, 0x12, 0xF1, 0x15, 0x75, 0x9A, 0x03, 0xE5, 0x9B,
	0x7A, 0xB3, 0x2C, 0x5B, 0x7E, 0x73, 0x2C, 0x5B, 0x0A, 0x27, 0xE5, 0x9B,
	0x0A, 0x3B, 0x9D, 0x32, 0xBE, 0x34, 0x00, 0x05, 0x48, 0xEE, 0x7E, 0x37,
	0x12, 0xE9, 0x2E, 0x34, 0x00, 0x10, 0x7E, 0x39, 0xB0, 0x44, 0x80, 0x7A,
	0x39, 0xB0, 0x74, 0x01, 0x12, 0xF4, 0x55, 0x75, 0x9A, 0x03, 0xE5, 0x9B,
	0x7A, 0xB3, 0x2C, 0x5B, 0x7E, 0x73, 0x2C, 0x5B, 0x0A, 0x27, 0xE5, 0x9B,
	0x0A, 0x3B, 0x9D, 0x32, 0xBE, 0x34, 0x00, 0x5F, 0x48, 0xEE, 0x80, 0x9E,
	0x12, 0xF5, 0x87, 0x60, 0x03, 0x12, 0xC1, 0xDD, 0x12, 0xED, 0x89, 0x60,
	0x03, 0x02, 0x82, 0x5D, 0x12, 0xF4, 0xBA, 0x60, 0x89, 0x20, 0x00, 0x05,
	0x12, 0xEF, 0x6B, 0x60, 0x81, 0x12, 0xE8, 0xF6, 0x70, 0x03, 0x02, 0x82,
	0xAE, 0x7E, 0x27, 0x12, 0xE9, 0x2E, 0x24, 0x00, 0x0A, 0x0B, 0x28, 0x30,
	0x0B, 0x34, 0x1B, 0x28, 0x30, 0x20, 0x00, 0x06, 0x12, 0x98, 0x56, 0x02,
	0x82, 0xAE, 0x20, 0x00, 0x03, 0x02, 0x82, 0xAE, 0x12, 0xF4, 0x47, 0x02,
	0x82, 0xAE, 0xCA, 0x3B, 0x7C, 0xAB, 0xE5, 0x46, 0x0A, 0x6B, 0x7E, 0x74,
	0x01, 0x80, 0xAD, 0x76, 0x2E, 0x74, 0x12, 0xF1, 0x7E, 0x64, 0x18, 0xFE,
	0x1B, 0xA0, 0x68, 0x1D, 0x1B, 0xA1, 0x68, 0x41, 0x2E, 0xA0, 0x03, 0x78,
	0x28, 0x74, 0x03, 0x7A, 0xB3, 0x37, 0x37, 0x74, 0x02, 0x7A, 0xB3, 0x37,
	0x38, 0x74, 0x02, 0x7A, 0xB3, 0x37, 0x39, 0x80, 0x3A, 0x74, 0x07, 0x7A,
	0xB3, 0x37, 0x37, 0x74, 0x03, 0x7A, 0xB3, 0x37, 0x38, 0x74, 0x04, 0x7A,
	0xB3, 0x37, 0x39, 0x80, 0x26, 0x74, 0x0F, 0x7A, 0xB3, 0x37, 0x37, 0x74,
	0x04, 0x7A, 0xB3, 0x37, 0x38, 0x74, 0x08, 0x7A, 0xB3, 0x37, 0x39, 0x80,
	0x12, 0x74, 0x1F, 0x7A, 0xB3, 0x37, 0x37, 0x74, 0x05, 0x7A, 0xB3, 0x37,
	0x38, 0x74, 0x10, 0x7A, 0xB3, 0x37, 0x39, 0x6D, 0x33, 0x7A, 0x37, 0x37,
	0x31, 0x02, 0x84, 0x56, 0x6D, 0x33, 0x7A, 0x37, 0x37, 0x2F, 0x80, 0x66,
	0x0B, 0x68, 0x30, 0x7A, 0x37, 0x37, 0x33, 0x0B, 0x78, 0x30, 0x7A, 0x37,
	0x37, 0x35, 0x12, 0xD6, 0x7D, 0x70, 0x09, 0x7E, 0x37, 0x37, 0x33, 0x1B,
	0x78, 0x30, 0x80, 0x3C, 0x7E, 0x37, 0x37, 0x35, 0x1A, 0x26, 0x1A, 0x24,
	0x7E, 0x33, 0x37, 0x37, 0x0A, 0x13, 0x6D, 0x00, 0x12, 0x8C, 0xBA, 0x7E,
	0x17, 0x37, 0x33, 0x1A, 0x02, 0x1A, 0x00, 0x2F, 0x01, 0x7E, 0x73, 0x37,
	0x39, 0x0A, 0x37, 0x6D, 0x22, 0x2F, 0x10, 0x7E, 0xB3, 0x37, 0x38, 0x60,
	0x0C, 0x1E, 0x34, 0x0E, 0x24, 0x50, 0x03, 0x4E, 0x60, 0x80, 0x14, 0x78,
	0xF4, 0x1B, 0x78, 0x30, 0x0B, 0x75, 0x0B, 0x65, 0x7E, 0x37, 0x37, 0x2F,
	0x0B, 0x34, 0x7A, 0x37, 0x37, 0x2F, 0xE5, 0x5F, 0x0A, 0x3B, 0xBE, 0x37,
	0x37, 0x2F, 0x38, 0x90, 0x7E, 0x37, 0x37, 0x31, 0x0B, 0x34, 0x7A, 0x37,
	0x37, 0x31, 0xE5, 0x43, 0x0A, 0x3B, 0xBE, 0x37, 0x37, 0x31, 0x28, 0x03,
	0x02, 0x83, 0xD4, 0xDA, 0x3B, 0x22, 0xCA, 0x3B, 0x7C, 0xE0, 0x7C, 0xF1,
	0x7C, 0xD2, 0x7C, 0xC3, 0x7C, 0x9B, 0x7D, 0xD2, 0x7D, 0xC3, 0x1B, 0x90,
	0x78, 0x05, 0x6D, 0x33, 0x02, 0x85, 0x6E, 0x7E, 0x87, 0x37, 0x89, 0x7D,
	0x18, 0x1A, 0x02, 0x1A, 0x00, 0x7D, 0x3C, 0x1A, 0x26, 0x1A, 0x24, 0x12,
	0x8C, 0xBA, 0x7C, 0x76, 0x7C, 0x65, 0x1A, 0x24, 0x0A, 0x19, 0x6D, 0x00,
	0x2F, 0x10, 0x12, 0x8D, 0x27, 0x7F, 0x51, 0x7D, 0xC8, 0x0E, 0xC4, 0x7D,
	0x3C, 0x1A, 0x26, 0x1A, 0x24, 0x9F, 0x51, 0x1A, 0x1D, 0x2E, 0x14, 0x01,
	0x00, 0x1A, 0x02, 0x1A, 0x00, 0x7F, 0x15, 0x12, 0x8C, 0xBA, 0x7C, 0x76,
	0x7C, 0x65, 0xBE, 0xF0, 0x00, 0x28, 0x5B, 0x0A, 0x4F, 0x7D, 0x1C, 0x9D,
	0x14, 0x6D, 0xFF, 0x9D, 0xF1, 0x7D, 0x2F, 0x1A, 0x24, 0x1A, 0xE4, 0xBF,
	0x57, 0x48, 0x08, 0x1A, 0x02, 0x1A, 0x00, 0xBF, 0x50, 0x08, 0x3F, 0xBE,
	0x58, 0x00, 0x00, 0x08, 0x06, 0x7D, 0x9C, 0x9D, 0x9B, 0x80, 0x04, 0x7D,
	0x9B, 0x2D, 0x9C, 0xBE, 0x94, 0x00, 0x00, 0x58, 0x02, 0x6D, 0x99, 0x9D,
	0x49, 0x7D, 0x13, 0x1A, 0x02, 0x1A, 0x00, 0x7D, 0x39, 0x1A, 0x26, 0x1A,
	0x24, 0x12, 0x8C, 0xBA, 0x7F, 0x71, 0x7D, 0x34, 0x1A, 0x28, 0x1A, 0x24,
	0x7F, 0x05, 0x12, 0x8C, 0xBA, 0x2F, 0x17, 0x0A, 0x1F, 0x6D, 0x00, 0x12,
	0x8D, 0x27, 0xE4, 0x7E, 0x27, 0x37, 0x8D, 0x7A, 0x29, 0xB0, 0x2D, 0x3C,
	0x1A, 0x2E, 0xBD, 0x23, 0x08, 0x0D, 0x4C, 0xEE, 0x68, 0x09, 0x74, 0x01,
	0x7E, 0x27, 0x37, 0x8D, 0x7A, 0x29, 0xB0, 0x7E, 0xB3, 0x37, 0x8C, 0x1A,
	0xCB, 0x7E, 0x27, 0x37, 0x89, 0x9D, 0x2C, 0xBD, 0x23, 0x58, 0x0B, 0x60,
	0x09, 0x74, 0x01, 0x7E, 0x27, 0x37, 0x8D, 0x7A, 0x29, 0xB0, 0x1A, 0x2C,
	0x2D, 0x32, 0xBE, 0x34, 0x00, 0x00, 0x58, 0x02, 0x6D, 0x33, 0x1B, 0xD4,
	0xBD, 0xD3, 0x58, 0x02, 0x7D, 0x3D, 0xDA, 0x3B, 0x22, 0xCA, 0x3B, 0x7E,
	0x64, 0xC1, 0x5C, 0x6C, 0xFF, 0x6C, 0xEE, 0x1A, 0x3E, 0x09, 0xB3, 0x07,
	0x27, 0x60, 0x07, 0xBE, 0xB0, 0x05, 0x68, 0x02, 0x7C, 0xFE, 0x0B, 0xE0,
	0xBE, 0xE0, 0x0A, 0x48, 0xEA, 0x0B, 0xF0, 0xBE, 0xF3, 0x03, 0xB6, 0x50,
	0x04, 0x7E, 0xF3, 0x03, 0xB6, 0x6C, 0xEE, 0x02, 0x86, 0x70, 0x1A, 0x3E,
	0x09, 0xB3, 0x07, 0x27, 0x70, 0x03, 0x02, 0x86, 0x53, 0xBE, 0xB0, 0x05,
	0x78, 0x03, 0x02, 0x86, 0x53, 0x7C, 0xBE, 0x7E, 0x34, 0x37, 0x4A, 0x7E,
	0x24, 0x37, 0x4C, 0x12, 0xC8, 0x00, 0x7E, 0x34, 0x03, 0x52, 0x7A, 0x37,
	0x37, 0x50, 0xE4, 0x80, 0x4D, 0x7E, 0x27, 0x37, 0x50, 0x0B, 0x28, 0x30,
	0x0B, 0x25, 0x7A, 0x27, 0x37, 0x50, 0x7A, 0x37, 0x37, 0x46, 0x7E, 0x27,
	0x37, 0x50, 0x0B, 0x28, 0x30, 0x0B, 0x25, 0x7A, 0x27, 0x37, 0x50, 0x7A,
	0x37, 0x37, 0x48, 0x7E, 0x37, 0x37, 0x50, 0x0B, 0x35, 0x7A, 0x37, 0x37,
	0x50, 0x7E, 0x37, 0x37, 0x46, 0x7E, 0x27, 0x37, 0x48, 0x7E, 0x17, 0x37,
	0x4A, 0x7E, 0x07, 0x37, 0x4C, 0x12, 0xF1, 0x4D, 0x7A, 0x37, 0x37, 0x4E,
	0x1B, 0x68, 0x30, 0x0B, 0x65, 0x7E, 0xB3, 0x37, 0x45, 0x04, 0x7A, 0xB3,
	0x37, 0x45, 0x7E, 0x73, 0x03, 0xB6, 0xBE, 0x73, 0x37, 0x45, 0x38, 0xA5,
	0x80, 0x21, 0x1A, 0x3E, 0x09, 0xB3, 0x07, 0x27, 0xB4, 0x01, 0x06, 0x7E,
	0x34, 0x1F, 0x40, 0x80, 0x04, 0x7E, 0x34, 0x20, 0x00, 0x1B, 0x68, 0x30,
	0x0B, 0x65, 0x7E, 0xB3, 0x37, 0x45, 0x04, 0x7A, 0xB3, 0x37, 0x45, 0xBE,
	0xF3, 0x37, 0x45, 0x18, 0xD9, 0x80, 0x1B, 0xE4, 0x80, 0x0E, 0x7E, 0x34,
	0x20, 0x00, 0x1B, 0x68, 0x30, 0x0B, 0x65, 0x7E, 0xB3, 0x37, 0x45, 0x04,
	0x7A, 0xB3, 0x37, 0x45, 0xBE, 0xF3, 0x37, 0x45, 0x18, 0xE8, 0x0B, 0xE0,
	0xBC, 0xFE, 0x08, 0x03, 0x02, 0x85, 0xA2, 0x7C, 0xBF, 0xDA, 0x3B, 0x22,
	0xCA, 0xF8, 0xE5, 0xEF, 0x7A, 0xB3, 0x2C, 0x5A, 0x7E, 0xB3, 0x2C, 0x5A,
	0x64, 0xFF, 0xF5, 0xEF, 0x75, 0xBB, 0x00, 0x74, 0xFF, 0x7A, 0xB3, 0x12,
	0xEC, 0x7E, 0xB3, 0x28, 0x1D, 0x60, 0x08, 0x74, 0x01, 0x7A, 0xB3, 0x12,
	0xEC, 0x80, 0x55, 0x7E, 0xA3, 0x2C, 0x5A, 0x7C, 0xBA, 0x30, 0xE3, 0x0A,
	0xD2, 0x04, 0x74, 0x01, 0x7A, 0xB3, 0x12, 0xEC, 0x80, 0x42, 0x0A, 0x3A,
	0x5E, 0x34, 0x00, 0x03, 0x68, 0x3A, 0xD2, 0x37, 0x30, 0x17, 0x26, 0x30,
	0x01, 0x23, 0x7E, 0x37, 0x2D, 0xE3, 0x2E, 0x34, 0x00, 0x0B, 0x7E, 0x39,
	0xB0, 0x54, 0x1F, 0x68, 0x14, 0x7E, 0x37, 0x2D, 0xE3, 0x2E, 0x34, 0x00,
	0x0C, 0x7E, 0x39, 0xB0, 0x6C, 0x77, 0x12, 0xEE, 0xC6, 0xD2, 0x33, 0xD2,
	0x34, 0x74, 0x02, 0x7A, 0xB3, 0x12, 0xEC, 0x20, 0x0E, 0x03, 0x12, 0xCC,
	0x84, 0x12, 0xF5, 0xC6, 0x7E, 0xB3, 0x12, 0xEC, 0xB4, 0x02, 0x45, 0x12,
	0x93, 0x0F, 0xD2, 0x2B, 0xB4, 0x01, 0x37, 0x74, 0x01, 0x12, 0xDC, 0x9B,
	0xD2, 0x22, 0xE5, 0x5B, 0x60, 0x05, 0xE5, 0x5B, 0xB4, 0x01, 0x2D, 0x6C,
	0xFF, 0x30, 0x0E, 0x04, 0x7E, 0xF3, 0x2C, 0x3F, 0x7E, 0xB3, 0x12, 0xE7,
	0x7C, 0x7F, 0x12, 0x8B, 0x8C, 0x7C, 0xFB, 0x12, 0xEF, 0xEB, 0x4C, 0xFF,
	0x68, 0x12, 0x7E, 0xB3, 0x12, 0xE7, 0x12, 0x68, 0xF6, 0x12, 0x6C, 0x19,
	0x80, 0x06, 0x74, 0x01, 0x7A, 0xB3, 0x12, 0xEC, 0x7E, 0xB3, 0x12, 0xEC,
	0xB4, 0x01, 0x38, 0x7E, 0x27, 0x2D, 0xED, 0x0B, 0x26, 0x0B, 0x28, 0x30,
	0x4E, 0x60, 0x02, 0x1B, 0x28, 0x30, 0x7E, 0x37, 0x2D, 0xED, 0x0B, 0x36,
	0x0B, 0x38, 0x30, 0x7A, 0x37, 0xF0, 0x04, 0x7E, 0x27, 0x2D, 0xED, 0x0B,
	0x26, 0x0B, 0x28, 0x30, 0x5E, 0x60, 0xFD, 0x1B, 0x28, 0x30, 0x7E, 0x37,
	0x2D, 0xED, 0x0B, 0x36, 0x0B, 0x38, 0x30, 0x7A, 0x37, 0xF0, 0x04, 0xDA,
	0xF8, 0x22, 0xCA, 0x3B, 0x7A, 0x27, 0x37, 0x32, 0x7A, 0x37, 0x37, 0x30,
	0x7C, 0x5B, 0x7F, 0x30, 0x7E, 0x17, 0x3B, 0x52, 0x7E, 0x07, 0x3B, 0x50,
	0x7A, 0x07, 0x37, 0x34, 0x4C, 0x55, 0x78, 0x03, 0x02, 0x88, 0x32, 0x7E,
	0x3B, 0xA0, 0x4C, 0xAA, 0x78, 0x26, 0x7E, 0x37, 0x37, 0x30, 0x79, 0x33,
	0x00, 0x05, 0x79, 0x33, 0x00, 0x01, 0x7E, 0x37, 0x37, 0x32, 0x79, 0x33,
	0x00, 0x07, 0x79, 0x33, 0x00, 0x03, 0x74, 0x08, 0x39, 0xB3, 0x00, 0x09,
	0x74, 0x10, 0x7A, 0x3B, 0xB0, 0x02, 0x88, 0x8B, 0xBE, 0xA0, 0x10, 0x68,
	0x03, 0x02, 0x88, 0x8B, 0x69, 0x03, 0x00, 0x05, 0x7A, 0x07, 0x37, 0x3C,
	0x69, 0x03, 0x00, 0x07, 0x7A, 0x07, 0x37, 0x3E, 0x74, 0x01, 0x7D, 0x31,
	0x7D, 0x21, 0x7E, 0x17, 0x37, 0x30, 0x7E, 0x07, 0x37, 0x32, 0x12, 0xA8,
	0x5E, 0x7C, 0x6B, 0xBE, 0x60, 0x08, 0x78, 0x03, 0x02, 0x88, 0x8B, 0x29,
	0x73, 0x00, 0x09, 0xA5, 0xBF, 0x08, 0x06, 0x39, 0x63, 0x00, 0x09, 0x80,
	0x0B, 0xBC, 0x76, 0x68, 0x07, 0x74, 0x34, 0x7A, 0x3B, 0xB0, 0x80, 0x6B,
	0x7E, 0x37, 0x37, 0x30, 0x79, 0x33, 0x00, 0x05, 0x7E, 0x37, 0x37, 0x32,
	0x79, 0x33, 0x00, 0x07, 0x80, 0x59, 0x7E, 0x3B, 0xB0, 0xB4, 0x10, 0x43,
	0x29, 0xA3, 0x00, 0x09, 0x7C, 0xBA, 0x54, 0x09, 0x68, 0x12, 0xBE, 0xA0,
	0x08, 0x78, 0x05, 0x7E, 0x70, 0x32, 0x80, 0x03, 0x7E, 0x70, 0x34, 0x7A,
	0x3B, 0x70, 0x80, 0x37, 0x69, 0x33, 0x00, 0x01, 0x69, 0x23, 0x00, 0x03,
	0x69, 0x13, 0x00, 0x05, 0x69, 0x03, 0x00, 0x07, 0x12, 0xF2, 0xCE, 0xBE,
	0x37, 0x37, 0x34, 0x50, 0x07, 0x74, 0x33, 0x7A, 0x3B, 0xB0, 0x80, 0x17,
	0x74, 0x20, 0x7A, 0x3B, 0xB0, 0x80, 0x10, 0x7E, 0xB3, 0x3B, 0x80, 0x70,
	0x0A, 0x7E, 0xB3, 0x3B, 0x7F, 0x70, 0x04, 0xE4, 0x7A, 0x3B, 0xB0, 0xDA,
	0x3B, 0x22, 0x7C, 0xA6, 0x7C, 0x27, 0x7C, 0x3B, 0x7E, 0x44, 0xE0, 0x00,
	0x4C, 0xAA, 0x78, 0x0F, 0xBE, 0x33, 0x12, 0xE4, 0x78, 0x09, 0xBE, 0x23,
	0x12, 0xDE, 0x78, 0x03, 0x02, 0x89, 0x8E, 0x7A, 0x33, 0x12, 0xE4, 0x7A,
	0x23, 0x12, 0xDE, 0x7C, 0x02, 0x6C, 0x11, 0x0A, 0x53, 0xC4, 0x54, 0xF0,
	0x7C, 0xAB, 0xE4, 0x4D, 0x05, 0x7A, 0x07, 0xF5, 0x0A, 0x7E, 0x10, 0x20,
	0xAC, 0x13, 0x2D, 0x04, 0x49, 0x30, 0x00, 0x04, 0x5E, 0x34, 0x00, 0x03,
	0x3E, 0x34, 0x3E, 0x34, 0x3E, 0x34, 0x3E, 0x34, 0x3E, 0x34, 0x3E, 0x34,
	0x7E, 0x27, 0x2D, 0xE9, 0x2E, 0x24, 0x00, 0x10, 0x0B, 0x28, 0x50, 0x5E,
	0x54, 0x7F, 0x00, 0x2D, 0x53, 0x49, 0x00, 0x00, 0x02, 0x5E, 0x04, 0x00,
	0x3F, 0x2D, 0x05, 0x7A, 0x07, 0xF2, 0x66, 0x7E, 0x10, 0x20, 0xAC, 0x13,
	0x2D, 0x04, 0x49, 0x00, 0x00, 0x06, 0x5E, 0x00, 0x0F, 0x7D, 0x50, 0x7C,
	0xAB, 0xE4, 0x7A, 0x57, 0xF2, 0x08, 0x30, 0x03, 0x03, 0x4E, 0x00, 0x01,
	0x7A, 0x07, 0xF2, 0x06, 0x7E, 0x10, 0x20, 0xAC, 0x13, 0x2D, 0x04, 0x49,
	0x50, 0x00, 0x06, 0x0A, 0x5A, 0xC4, 0x03, 0x7D, 0x05, 0x5E, 0x04, 0x00,
	0x07, 0x3E, 0x04, 0x3E, 0x04, 0x3E, 0x04, 0x3E, 0x04, 0x3E, 0x04, 0x2E,
	0x04, 0x00, 0xE0, 0x7A, 0x07, 0xF5, 0x18, 0x7E, 0x10, 0x20, 0xAC, 0x13,
	0x2D, 0x04, 0x49, 0x00, 0x00, 0x0E, 0x7A, 0x07, 0xF5, 0x12, 0x7E, 0x10,
	0x20, 0xAC, 0x13, 0x2D, 0x04, 0x49, 0x00, 0x00, 0x16, 0x7A, 0x07, 0xF2,
	0x28, 0x7E, 0x10, 0x20, 0xAC, 0x13, 0x2D, 0x04, 0x49, 0x00, 0x00, 0x16,
	0x7A, 0x07, 0xF2, 0x2A, 0x30, 0x0F, 0x03, 0x30, 0x01, 0x00, 0xE4, 0x7C,
	0x73, 0x7C, 0x62, 0x12, 0xE7, 0xF8, 0x12, 0xE5, 0xD1, 0x74, 0x01, 0x12,
	0xEE, 0xA5, 0xE4, 0x12, 0xEE, 0xA5, 0x22, 0xCA, 0x3B, 0x7C, 0xFB, 0x7E,
	0x37, 0x2D, 0xE3, 0x2E, 0x34, 0x00, 0x0B, 0x7E, 0x39, 0xB0, 0x54, 0x1F,
	0x0A, 0x3B, 0x0B, 0x34, 0x7C, 0xE7, 0x7E, 0x67, 0x2D, 0xE3, 0x2E, 0x64,
	0x00, 0x0B, 0x02, 0x8A, 0x83, 0x0A, 0x3E, 0x2D, 0x36, 0x7E, 0x39, 0xA0,
	0x7C, 0xBA, 0xC4, 0x03, 0x54, 0x07, 0x7A, 0xB3, 0x39, 0x0D, 0x7C, 0xBA,
	0x54, 0x1F, 0x7A, 0xB3, 0x39, 0x0E, 0x78, 0x03, 0x02, 0x8A, 0x8B, 0x0B,
	0xE0, 0xE4, 0x7A, 0xB3, 0x39, 0x0F, 0x02, 0x8A, 0x76, 0x0A, 0x3E, 0x2D,
	0x36, 0x7E, 0x39, 0x40, 0x6C, 0x55, 0x09, 0x73, 0x00, 0x01, 0x0A, 0x37,
	0x2D, 0x32, 0x7A, 0x37, 0x39, 0x12, 0x0B, 0xE1, 0x0A, 0x3E, 0x2D, 0x36,
	0x7E, 0x39, 0x70, 0x7A, 0x73, 0x39, 0x10, 0x0B, 0xE0, 0xBE, 0xF3, 0x39,
	0x0D, 0x78, 0x64, 0x7E, 0x57, 0x39, 0x12, 0xBE, 0x54, 0xF0, 0x00, 0x50,
	0x15, 0x0A, 0x1E, 0x2D, 0x16, 0x6D, 0x00, 0x7E, 0xA3, 0x39, 0x10, 0x0A,
	0x3A, 0x0B, 0x34, 0x0E, 0x34, 0x12, 0xE1, 0xC7, 0x80, 0x45, 0xE4, 0x7A,
	0xB3, 0x39, 0x11, 0x80, 0x34, 0x0A, 0x3E, 0x7E, 0x53, 0x39, 0x11, 0x0A,
	0x25, 0x2D, 0x23, 0x2D, 0x26, 0x7E, 0x29, 0x60, 0x6C, 0x77, 0x09, 0x52,
	0x00, 0x01, 0x0A, 0x25, 0x2D, 0x23, 0x7A, 0x27, 0x39, 0x14, 0x7E, 0x73,
	0x39, 0x11, 0x0A, 0x37, 0x2E, 0x37, 0x39, 0x12, 0x1B, 0x38, 0x20, 0x7E,
	0xB3, 0x39, 0x11, 0x0B, 0xB1, 0x7A, 0xB3, 0x39, 0x11, 0x7E, 0x73, 0x39,
	0x10, 0xBE, 0x73, 0x39, 0x11, 0x38, 0xC2, 0x7E, 0x73, 0x39, 0x10, 0x2C,
	0xE7, 0x7E, 0xB3, 0x39, 0x0F, 0x04, 0x7A, 0xB3, 0x39, 0x0F, 0x7E, 0x73,
	0x39, 0x0E, 0xBE, 0x73, 0x39, 0x0F, 0x28, 0x03, 0x02, 0x89, 0xD9, 0xBE,
	0xE0, 0x40, 0x50, 0x03, 0x02, 0x89, 0xB1, 0xDA, 0x3B, 0x22, 0xCA, 0xD8,
	0xCA, 0x79, 0xC2, 0x42, 0x7E, 0x73, 0x0A, 0x9E, 0x7A, 0x73, 0x37, 0x3F,
	0x7E, 0x73, 0x0A, 0x9F, 0x7A, 0x73, 0x37, 0x40, 0x7E, 0x73, 0x0A, 0xA0,
	0x7A, 0x73, 0x37, 0x41, 0x7E, 0x34, 0x37, 0x2F, 0x12, 0x3D, 0x5E, 0x7E,
	0x34, 0x37, 0x2F, 0x12, 0xEB, 0xD3, 0x7E, 0x08, 0x37, 0x2F, 0x12, 0xD9,
	0x2F, 0xE5, 0x52, 0x30, 0xE4, 0x10, 0x74, 0x10, 0x6C, 0x77, 0x12, 0xB8,
	0xCC, 0x7D, 0x73, 0x12, 0x46, 0x1F, 0x7A, 0xB3, 0x0D, 0xBB, 0xE5, 0x52,
	0x30, 0xE1, 0x57, 0x74, 0x02, 0x6C, 0x77, 0x12, 0xB8, 0xCC, 0x7D, 0x73,
	0x7E, 0xD1, 0x60, 0x7D, 0x37, 0x74, 0x01, 0x7C, 0x5D, 0x12, 0x59, 0x91,
	0x12, 0x4D, 0xCE, 0xE5, 0x50, 0x60, 0x14, 0xE5, 0x46, 0x7E, 0x34, 0x0D,
	0xE1, 0x7E, 0x27, 0x2D, 0xD9, 0x2E, 0x24, 0x00, 0x17, 0x7E, 0x29, 0x50,
	0x12, 0xB0, 0x9C, 0x7D, 0x37, 0x74, 0x01, 0x7C, 0x5D, 0x6C, 0x44, 0x12,
	0xB4, 0x7C, 0x24, 0xFF, 0x92, 0x42, 0xE5, 0x50, 0x60, 0x14, 0xE5, 0x46,
	0x7E, 0x34, 0x0D, 0xE1, 0x7E, 0x27, 0x2D, 0xD9, 0x2E, 0x24, 0x00, 0x17,
	0x7E, 0x29, 0x50, 0x12, 0xD4, 0x57, 0x6C, 0xDD, 0xA2, 0x15, 0xE4, 0x33,
	0x68, 0x0E, 0xA2, 0x16, 0xE4, 0x33, 0x78, 0x05, 0x7E, 0xD0, 0x01, 0x80,
	0x03, 0x7E, 0xD0, 0x02, 0x74, 0x20, 0x6C, 0x77, 0x12, 0xB8, 0xCC, 0x7D,
	0x13, 0x6D, 0x00, 0xCA, 0x0B, 0x74, 0x20, 0x7E, 0x70, 0x01, 0x12, 0xB8,
	0xCC, 0x6D, 0x22, 0xCA, 0x1B, 0x74, 0x02, 0x6C, 0x77, 0x12, 0xB8, 0xCC,
	0x6D, 0x22, 0x7A, 0xD3, 0x37, 0x45, 0x74, 0x01, 0x7A, 0xB3, 0x37, 0x4A,
	0xE5, 0x60, 0x7A, 0xB3, 0x37, 0x4B, 0xE5, 0x46, 0x7A, 0x1F, 0x37, 0x46,
	0xDA, 0x1B, 0xDA, 0x0B, 0x12, 0x11, 0x19, 0xDA, 0x79, 0xDA, 0xD8, 0x22,
	0xCA, 0x3B, 0x7C, 0xA7, 0x7C, 0xFB, 0x7E, 0x64, 0x3A, 0x7C, 0x09, 0xB6,
	0x00, 0x06, 0x70, 0x13, 0x4C, 0xAA, 0x68, 0x0F, 0x19, 0xA6, 0x00, 0x06,
	0x09, 0xB6, 0x00, 0x01, 0x60, 0x05, 0x74, 0x01, 0x7A, 0x69, 0xB0, 0x09,
	0xB6, 0x00, 0x09, 0x70, 0x04, 0xE4, 0x02, 0x8C, 0x85, 0x7C, 0xBF, 0x09,
	0x76, 0x00, 0x11, 0x12, 0xF3, 0x80, 0x7C, 0xEB, 0x7C, 0xBF, 0x09, 0x76,
	0x00, 0x12, 0x12, 0xF3, 0x80, 0x7C, 0x6B, 0x6C, 0x77, 0x09, 0xB6, 0x00,
	0x0B, 0x70, 0x05, 0xBE, 0x60, 0x01, 0x68, 0x0A, 0xE4, 0x19, 0xB6, 0x00,
	0x0C, 0x7E, 0x70, 0x01, 0x80, 0x30, 0x09, 0x66, 0x00, 0x01, 0xBC, 0x6E,
	0x78, 0x05, 0x7E, 0x70, 0x01, 0x80, 0x23, 0x09, 0x36, 0x00, 0x0D, 0x09,
	0xB6, 0x00, 0x02, 0x70, 0x02, 0x0B, 0x30, 0xAC, 0x36, 0x09, 0x66, 0x00,
	0x53, 0x1A, 0x26, 0x3E, 0x24, 0x3E, 0x24, 0x3E, 0x24, 0x3E, 0x24, 0xBD,
	0x21, 0x08, 0x03, 0x7E, 0x70, 0x01, 0x4C, 0x77, 0x68, 0x13, 0xE4, 0x19,
	0xB6, 0x00, 0x0D, 0xE4, 0x19, 0xB6, 0x00, 0x0E, 0xE4, 0x19, 0xB6, 0x00,
	0x04, 0x19, 0xF6, 0x00, 0x11, 0x19, 0xF6, 0x00, 0x12, 0x74, 0x01, 0x19,
	0xB6, 0x00, 0x03, 0x09, 0x66, 0x00, 0x01, 0x7D, 0x26, 0x0B, 0x26, 0x7E,
	0x29, 0x70, 0x2C, 0x76, 0x7A, 0x29, 0x70, 0x7D, 0x36, 0x0B, 0x36, 0x7E,
	0x39, 0xB0, 0x54, 0x0F, 0x7A, 0x39, 0xB0, 0x09, 0xB6, 0x00, 0x04, 0x70,
	0x0E, 0x09, 0x76, 0x00, 0x01, 0x19, 0x76, 0x00, 0x04, 0x74, 0x01, 0x19,
	0xB6, 0x00, 0x07, 0x09, 0xB6, 0x00, 0x04, 0x09, 0x76, 0x00, 0x06, 0xAC,
	0xB7, 0x2E, 0x54, 0x00, 0x08, 0x1E, 0x54, 0x1E, 0x54, 0x1E, 0x54, 0x1E,
	0x54, 0x19, 0xB6, 0x00, 0x05, 0x0A, 0x5B, 0x1B, 0x55, 0xDA, 0x3B, 0x22,
	0xC2, 0xD5, 0x7C, 0xB4, 0x30, 0xE7, 0x08, 0xB2, 0xD5, 0x6E, 0x24, 0xFF,
	0xFF, 0x0B, 0x24, 0x7C, 0xB6, 0x30, 0xE7, 0x12, 0xB2, 0xD5, 0x6E, 0x34,
	0xFF, 0xFF, 0x0B, 0x34, 0x8D, 0x32, 0x6E, 0x24, 0xFF, 0xFF, 0x0B, 0x24,
	0x80, 0x02, 0x8D, 0x32, 0x30, 0xD5, 0x06, 0x6E, 0x34, 0xFF, 0xFF, 0x0B,
	0x34, 0x22, 0x7D, 0x51, 0xAD, 0x03, 0x7D, 0x02, 0x7D, 0x21, 0xAD, 0x05,
	0x2D, 0x12, 0xAD, 0x35, 0x2D, 0x21, 0x22, 0x7D, 0x02, 0xAD, 0x31, 0xAD,
	0x10, 0x2D, 0x21, 0x22, 0x6D, 0x00, 0x74, 0x10, 0x4D, 0x00, 0x78, 0x0B,
	0x4D, 0x22, 0x78, 0x27, 0x8D, 0x31, 0x7D, 0x12, 0x6D, 0x22, 0x22, 0x7D,
	0x43, 0x7D, 0x32, 0x6D, 0x22, 0x2F, 0x11, 0x2D, 0x44, 0x50, 0x02, 0xA5,
	0x0F, 0xBF, 0x10, 0x40, 0x04, 0x9F, 0x10, 0x0B, 0x90, 0x14, 0x78, 0xED,
	0x7F, 0x01, 0x6D, 0x22, 0x7D, 0x34, 0x22, 0x7D, 0x41, 0x7D, 0x13, 0x8D,
	0x24, 0x7D, 0x02, 0x2F, 0x00, 0x40, 0x04, 0xBD, 0x04, 0x40, 0x04, 0x9D,
	0x04, 0x0B, 0x14, 0x14, 0x78, 0xF1, 0x7D, 0x23, 0x7D, 0x31, 0x7D, 0x10,
	0x6D, 0x00, 0x22, 0xC2, 0xD5, 0x7C, 0xB0, 0x30, 0xE7, 0x08, 0xB2, 0xD5,
	0x9F, 0x22, 0x9F, 0x20, 0x7F, 0x02, 0x7C, 0xB4, 0x30, 0xE7, 0x13, 0xB2,
	0xD5, 0x9F, 0x22, 0x9F, 0x21, 0x7F, 0x12, 0x12, 0x8C, 0xD6, 0x9F, 0x22,
	0x9F, 0x20, 0x7F, 0x02, 0x80, 0x03, 0x12, 0x8C, 0xD6, 0x30, 0xD5, 0x06,
	0x9F, 0x22, 0x9F, 0x21, 0x7F, 0x12, 0x22, 0x6C, 0xAA, 0x4D, 0x11, 0x68,
	0x1E, 0x1E, 0x54, 0x50, 0x0C, 0x7E, 0x1B, 0x00, 0x7A, 0x19, 0x00, 0x68,
	0x12, 0x0B, 0x1C, 0x0B, 0x14, 0x0B, 0x1A, 0x00, 0x1B, 0x18, 0x00, 0x0B,
	0x1D, 0x0B, 0x15, 0x1B, 0x54, 0x78, 0xF2, 0x22, 0x6D, 0xE0, 0x9D, 0xC9,
	0xE4, 0x0E, 0x5D, 0x23, 0xBB, 0x70, 0x5C, 0xB2, 0x82, 0x6A, 0x69, 0xCD,
	0xB3, 0xE3, 0x9D, 0x91, 0x05, 0xD3, 0xEC, 0xBF, 0x98, 0x56, 0x56, 0x3C,
	0x64, 0xF2, 0x40, 0x0A, 0xFA, 0xD3, 0x3D, 0x8B, 0x23, 0x9D, 0x3F, 0x77,
	0x4A, 0x16, 0x04, 0x2F, 0xCE, 0xDF, 0xAF, 0x6E, 0x38, 0x5D, 0x67, 0x93,
	0xC4, 0x9B, 0x6E, 0x5A, 0x71, 0xCE, 0x7E, 0xDC, 0x58, 0x2F, 0x71, 0x30,
	0x9E, 0x64, 0x6A, 0x6A, 0x37, 0x2E, 0x18, 0xF5, 0xBB, 0xF8, 0xC6, 0xEB,
	0xA9, 0x30, 0x49, 0x67, 0xB8, 0x51, 0x7C, 0x8B, 0x1E, 0xAA, 0x69, 0xA2,
	0xF0, 0xC2, 0x51, 0x20, 0x07, 0x56, 0x94, 0x62, 0x71, 0xE4, 0xD4, 0x78,
	0x85, 0xB1, 0xB3, 0xD5, 0x07, 0x52, 0x18, 0xAE, 0xE5, 0x85, 0x59, 0xF2,
	0x29, 0x02, 0x35, 0x8E, 0x6F, 0x01, 0xF5, 0x70, 0x2B, 0xA0, 0xA9, 0x8C,
	0x7B, 0xE5, 0xD6, 0x3E, 0x43, 0x86, 0xFE, 0x4E, 0x66, 0x3E, 0xF3, 0x12,
	0x59, 0x3F, 0xBD, 0xBF, 0x4A, 0x2E, 0x95, 0x0D, 0xB3, 0x95, 0x3E, 0xB5,
	0x8B, 0x48, 0xBF, 0x64, 0xE4, 0xB4, 0x3C, 0xAC, 0xB5, 0x7B, 0x77, 0x9F,
	0x14, 0xE4, 0x3F, 0x88, 0xA7, 0x8A, 0x4E, 0x6C, 0x10, 0xC1, 0x55, 0x6B,
	0x10, 0x9A, 0xC6, 0x77, 0x32, 0x15, 0x19, 0x21, 0x3A, 0xC9, 0x85, 0x5E,
	0x16, 0x35, 0x8D, 0x90, 0x2A, 0xDB, 0x4A, 0xAB, 0x1D, 0x7A, 0xC1, 0xC4,
	0x8A, 0xF4, 0x4B, 0xE8, 0x40, 0xBD, 0x4E, 0x83, 0xE5, 0x61, 0x4E, 0x38,
	0x37, 0xEF, 0x9A, 0x70, 0x36, 0x75, 0x99, 0x86, 0x6E, 0x38, 0xF6, 0xC9,
	0xC0, 0x70, 0xB8, 0xC9, 0x47, 0x27, 0x04, 0xA8, 0xC2, 0x7E, 0x89, 0xCE,
	0xB0, 0x7D, 0x6C, 0xDA, 0x6C, 0xBD, 0x1C, 0x96, 0x12, 0xBE, 0x09, 0xCA,
	0x3B, 0x7C, 0x92, 0x7C, 0x83, 0x7D, 0xF2, 0x7C, 0xFB, 0x7D, 0xE3, 0x7A,
	0x83, 0x37, 0x55, 0x7D, 0xD3, 0x1A, 0xCF, 0x2E, 0xC4, 0x04, 0x90, 0x7D,
	0xB3, 0x6C, 0xEE, 0xBC, 0x9E, 0x18, 0x33, 0x7E, 0xC9, 0x70, 0x7A, 0x73,
	0x37, 0x56, 0xBE, 0x70, 0x00, 0x08, 0x25, 0x0B, 0xB8, 0x60, 0x7D, 0x36,
	0x1A, 0x2C, 0x1A, 0x24, 0x7E, 0x33, 0x37, 0x56, 0x0A, 0x13, 0x6D, 0x00,
	0x12, 0x8C, 0xBA, 0x74, 0x06, 0x1E, 0x34, 0x0E, 0x24, 0x50, 0x03, 0x4E,
	0x60, 0x80, 0x14, 0x78, 0xF4, 0x1B, 0xB8, 0x30, 0x0B, 0xB5, 0x2E, 0xC4,
	0x00, 0x12, 0x0B, 0xE0, 0xBE, 0xE0, 0x02, 0x48, 0xBE, 0x1A, 0xCF, 0x2E,
	0xC4, 0xC0, 0x20, 0x7E, 0x73, 0x05, 0x1A, 0x0A, 0x77, 0x1B, 0x75, 0x7C,
	0xEF, 0x9C, 0xE9, 0x1A, 0xBE, 0x3E, 0xB4, 0x2D, 0xBD, 0x80, 0x39, 0x7E,
	0xC9, 0x90, 0x7A, 0x93, 0x37, 0x56, 0xBE, 0x90, 0x00, 0x08, 0x25, 0x0B,
	0xB8, 0x60, 0x7D, 0x36, 0x1A, 0x2C, 0x1A, 0x24, 0x7E, 0x93, 0x37, 0x56,
	0x0A, 0x19, 0x6D, 0x00, 0x12, 0x8C, 0xBA, 0x74, 0x06, 0x1E, 0x34, 0x0E,
	0x24, 0x50, 0x03, 0x4E, 0x60, 0x80, 0x14, 0x78, 0xF4, 0x1B, 0xB8, 0x30,
	0x0B, 0xB5, 0x2E, 0xC4, 0x00, 0x12, 0x0B, 0xE0, 0xBC, 0x8E, 0x18, 0xC3,
	0x4D, 0xFF, 0x68, 0x2C, 0x7A, 0xD7, 0xFF, 0x40, 0x7E, 0x73, 0x37, 0x55,
	0x1A, 0xC7, 0x4E, 0xC4, 0x01, 0x00, 0x7A, 0xC7, 0xFF, 0x44, 0x7E, 0xC4,
	0xFF, 0xFE, 0x7A, 0xC7, 0xFF, 0x46, 0x7A, 0xF7, 0xFF, 0x48, 0x7A, 0xD7,
	0xFF, 0x42, 0x7E, 0xF7, 0xFF, 0x00, 0x5E, 0xF4, 0x00, 0x20, 0x78, 0xF6,
	0x7D, 0x3E, 0x7E, 0xB3, 0x37, 0x55, 0x12, 0xB9, 0x65, 0xDA, 0x3B, 0x22,
	0xCA, 0x79, 0x7E, 0x37, 0x39, 0x41, 0x7A, 0x37, 0x37, 0x3C, 0x7E, 0x37,
	0x39, 0x43, 0x7A, 0x37, 0x37, 0x3E, 0x74, 0x01, 0x7E, 0xA3, 0x39, 0x2E,
	0x0A, 0x2A, 0x7D, 0x32, 0x7E, 0x17, 0x39, 0x35, 0x7E, 0x07, 0x39, 0x37,
	0x12, 0xA8, 0x5E, 0x7C, 0xFB, 0xBE, 0xF0, 0x08, 0x68, 0x10, 0x7E, 0x37,
	0x39, 0x35, 0x7A, 0x37, 0x39, 0x41, 0x7E, 0x37, 0x39, 0x37, 0x7A, 0x37,
	0x39, 0x43, 0x74, 0x01, 0x7E, 0xA3, 0x39, 0x46, 0xBE, 0xA0, 0x00, 0x28,
	0x14, 0xBE, 0xF0, 0x08, 0x68, 0x0F, 0x0A, 0x3A, 0x09, 0xA3, 0x39, 0x5A,
	0xBC, 0xAF, 0x68, 0x05, 0x74, 0x01, 0x12, 0xEC, 0x53, 0x7E, 0xE3, 0x39,
	0x46, 0xBE, 0xE0, 0x00, 0x28, 0x6E, 0xBE, 0xF0, 0x08, 0x68, 0x19, 0x0A,
	0x3E, 0x09, 0xA3, 0x39, 0x5A, 0xBC, 0xAF, 0x68, 0x0F, 0x7C, 0x7F, 0x7E,
	0x27, 0x39, 0x35, 0x7E, 0x17, 0x39, 0x37, 0x12, 0xD6, 0x23, 0x80, 0x6A,
	0x7E, 0x70, 0x02, 0x7C, 0xBE, 0xAC, 0xB7, 0x49, 0x35, 0x39, 0x95, 0x49,
	0x25, 0x39, 0xBF, 0x12, 0xF5, 0x02, 0x7E, 0xB3, 0x39, 0x46, 0x7E, 0x50,
	0x02, 0xAC, 0xB5, 0x59, 0x35, 0x39, 0xE9, 0x7E, 0x37, 0x39, 0x31, 0x7E,
	0x27, 0x39, 0x33, 0x12, 0xF5, 0x02, 0x7A, 0x37, 0x3A, 0x19, 0x7E, 0x73,
	0x39, 0x46, 0x0A, 0x27, 0x1B, 0x24, 0x5E, 0x24, 0x00, 0x01, 0x3E, 0x24,
	0x49, 0x32, 0x3A, 0x15, 0xBE, 0x37, 0x3A, 0x19, 0x28, 0x24, 0x7E, 0x37,
	0x3A, 0x19, 0x59, 0x32, 0x3A, 0x15, 0x80, 0x1A, 0x7E, 0xB3, 0x39, 0x46,
	0x70, 0x14, 0xBE, 0xF0, 0x08, 0x68, 0x0F, 0x74, 0x01, 0x7C, 0x7F, 0x7E,
	0x27, 0x39, 0x31, 0x7E, 0x17, 0x39, 0x33, 0x12, 0xD6, 0x23, 0xDA, 0x79,
	0x22, 0xCA, 0x69, 0xCA, 0xF8, 0x7E, 0xF3, 0x03, 0xB6, 0x6D, 0x22, 0x4C,
	0xFF, 0x68, 0x61, 0x7E, 0x08, 0x03, 0x52, 0x9F, 0x66, 0x9F, 0x77, 0x6C,
	0x77, 0x80, 0x26, 0x0B, 0x0A, 0x50, 0x0B, 0x15, 0x7A, 0x57, 0x37, 0x45,
	0x0B, 0x0A, 0x60, 0x0B, 0x15, 0x7E, 0xB7, 0x37, 0x45, 0x7D, 0x5B, 0x1A,
	0x5A, 0x1A, 0xAA, 0x2F, 0x75, 0x7D, 0xB6, 0x1A, 0x5C, 0x1A, 0xAA, 0x2F,
	0x65, 0x0B, 0x15, 0x0B, 0x70, 0xBC, 0xF7, 0x38, 0xD6, 0x0A, 0x1F, 0x6D,
	0x00, 0x7F, 0x17, 0x12, 0x8D, 0x27, 0x7D, 0xF3, 0x7A, 0x37, 0x37, 0x45,
	0x0A, 0x1F, 0x6D, 0x00, 0x7F, 0x16, 0x12, 0x8D, 0x27, 0x7D, 0x63, 0x7E,
	0x37, 0x04, 0x03, 0x7E, 0x27, 0x04, 0x05, 0x7D, 0x1F, 0x7D, 0x06, 0x12,
	0xF1, 0x4D, 0x7D, 0x23, 0x7E, 0xA3, 0x04, 0x01, 0xE4, 0xBE, 0xA0, 0x00,
	0x58, 0x0C, 0x7E, 0xA3, 0x03, 0xB6, 0xBE, 0xA3, 0x03, 0xB7, 0x68, 0x02,
	0x74, 0x01, 0x7E, 0x73, 0x04, 0x02, 0x7C, 0xA7, 0x60, 0x3B, 0x7E, 0xB3,
	0x04, 0x86, 0x30, 0xE7, 0x34, 0x4C, 0xAA, 0x78, 0x05, 0x7E, 0xA0, 0x01,
	0x80, 0x2D, 0xBE, 0xA0, 0x00, 0x08, 0x28, 0xBE, 0xA0, 0x7F, 0x58, 0x02,
	0x0B, 0xA0, 0x7E, 0x63, 0x04, 0x2B, 0x0A, 0x16, 0x1B, 0x14, 0x7C, 0x63,
	0x7E, 0xB3, 0x05, 0x30, 0x2C, 0x6B, 0xBE, 0x24, 0x00, 0x50, 0x50, 0x04,
	0xBC, 0x6A, 0x50, 0x07, 0x7E, 0xA0, 0xFF, 0x80, 0x02, 0x6C, 0xAA, 0x7E,
	0xB3, 0x03, 0xB6, 0x60, 0x15, 0x4C, 0x77, 0x68, 0x05, 0xBE, 0xA0, 0x00,
	0x18, 0x0C, 0x7E, 0x37, 0x37, 0x45, 0x7A, 0x37, 0x04, 0x03, 0x7A, 0x67,
	0x04, 0x05, 0x7A, 0xA3, 0x04, 0x02, 0xDA, 0xF8, 0xDA, 0x69, 0x22, 0xCA,
	0x79, 0x7C, 0xE1, 0x7C, 0xFB, 0x7D, 0xE1, 0x7D, 0xF3, 0x7A, 0x27, 0xFF,
	0x02, 0x7E, 0x34, 0xFF, 0xFE, 0x7A, 0x37, 0xFF, 0x06, 0x7A, 0x37, 0xFF,
	0x08, 0x7E, 0x63, 0x05, 0x21, 0x7E, 0x70, 0x01, 0x7A, 0x37, 0xFF, 0x0A,
	0x7E, 0x34, 0x90, 0x00, 0x7A, 0x37, 0xFF, 0x0C, 0x1A, 0x3F, 0x7A, 0x37,
	0xFF, 0x0E, 0x7A, 0xF7, 0xFF, 0x04, 0x7E, 0x37, 0xFF, 0x00, 0x5E, 0x34,
	0x00, 0x01, 0x78, 0xF6, 0x7E, 0x37, 0xFF, 0x2E, 0x1A, 0x26, 0x1A, 0x24,
	0x7A, 0x1F, 0x37, 0x59, 0x7E, 0x1F, 0x37, 0x59, 0x7D, 0x13, 0x5E, 0x14,
	0x00, 0x20, 0x68, 0x08, 0x4E, 0x34, 0xFF, 0xC0, 0x7A, 0x1F, 0x37, 0x59,
	0x7E, 0x1F, 0x37, 0x59, 0x7D, 0x03, 0x7E, 0x37, 0xFF, 0x2C, 0x7D, 0x20,
	0x7A, 0x1F, 0x37, 0x59, 0x7E, 0x37, 0xFF, 0x20, 0x1A, 0x36, 0x7A, 0x73,
	0x37, 0x5D, 0x6D, 0x33, 0x7E, 0x53, 0x37, 0x5D, 0x4C, 0x55, 0x68, 0x0B,
	0x0A, 0x15, 0x6D, 0x00, 0x7E, 0x1F, 0x37, 0x59, 0x12, 0x8D, 0x27, 0x0A,
	0x2E, 0x4D, 0x22, 0x68, 0x12, 0x6D, 0x11, 0x9D, 0x12, 0xBD, 0x13, 0x08,
	0x04, 0x7D, 0x31, 0x80, 0x06, 0xBD, 0x23, 0x58, 0x02, 0x7D, 0x32, 0x4D,
	0x33, 0x68, 0x38, 0x7A, 0xF7, 0xFF, 0x40, 0x7E, 0x53, 0x05, 0x21, 0x0A,
	0xF5, 0x7D, 0x2F, 0x7C, 0x45, 0x6C, 0x55, 0x7D, 0xF2, 0x1A, 0x2F, 0x4D,
	0x2F, 0x7A, 0x27, 0xFF, 0x44, 0x7E, 0x24, 0xFF, 0xFE, 0x7A, 0x27, 0xFF,
	0x46, 0x7A, 0x37, 0xFF, 0x48, 0x7A, 0xE7, 0xFF, 0x42, 0x7E, 0x37, 0xFF,
	0x00, 0x5E, 0x34, 0x00, 0x20, 0x78, 0xF6, 0x74, 0x01, 0x80, 0x01, 0xE4,
	0xDA, 0x79, 0x22, 0xCA, 0x3B, 0x7E, 0x73, 0x03, 0xB6, 0x7A, 0x73, 0x37,
	0x47, 0xBE, 0x70, 0x05, 0x40, 0x03, 0x02, 0x93, 0x06, 0x7E, 0x73, 0x37,
	0x47, 0xBE, 0x70, 0x01, 0x38, 0x03, 0x02, 0x93, 0x06, 0x7E, 0x64, 0x03,
	0x52, 0x6D, 0x77, 0xE4, 0x02, 0x92, 0xEF, 0x0B, 0x68, 0x30, 0x7A, 0x37,
	0x37, 0x4C, 0x49, 0x36, 0x00, 0x02, 0x7A, 0x37, 0x37, 0x4E, 0x2E, 0x64,
	0x00, 0x06, 0x7E, 0x34, 0x03, 0x52, 0x7A, 0x37, 0x37, 0x54, 0x7E, 0x34,
	0xFF, 0xFF, 0x7A, 0x37, 0x37, 0x48, 0xE4, 0x80, 0x59, 0x7E, 0x37, 0x37,
	0x54, 0x0B, 0x38, 0x20, 0x7A, 0x27, 0x37, 0x50, 0x49, 0x23, 0x00, 0x02,
	0x7A, 0x27, 0x37, 0x52, 0x2E, 0x34, 0x00, 0x06, 0x7A, 0x37, 0x37, 0x54,
	0x7E, 0x73, 0x37, 0x46, 0xBE, 0x73, 0x37, 0x45, 0x68, 0x2F, 0x7E, 0x37,
	0x37, 0x4C, 0x7E, 0x27, 0x37, 0x4E, 0x7E, 0x17, 0x37, 0x50, 0x7E, 0x07,
	0x37, 0x52, 0x12, 0xF1, 0x4D, 0x7A, 0x37, 0x37, 0x4A, 0x1E, 0x34, 0x7A,
	0x37, 0x37, 0x4A, 0x7E, 0x37, 0x37, 0x48, 0xBE, 0x37, 0x37, 0x4A, 0x28,
	0x08, 0x7E, 0x37, 0x37, 0x4A, 0x7A, 0x37, 0x37, 0x48, 0x7E, 0xB3, 0x37,
	0x46, 0x04, 0x7A, 0xB3, 0x37, 0x46, 0x7E, 0x73, 0x37, 0x47, 0xBE, 0x73,
	0x37, 0x46, 0x38, 0x99, 0x7E, 0x37, 0x37, 0x48, 0xBD, 0x37, 0x28, 0x02,
	0x7D, 0x73, 0x7E, 0xB3, 0x37, 0x45, 0x04, 0x7A, 0xB3, 0x37, 0x45, 0x7E,
	0x73, 0x37, 0x47, 0xBE, 0x73, 0x37, 0x45, 0x28, 0x03, 0x02, 0x92, 0x53,
	0xBE, 0x74, 0x00, 0xFF, 0x28, 0x04, 0x7E, 0x74, 0x00, 0xFF, 0x7C, 0xBF,
	0xDA, 0x3B, 0x22, 0x7E, 0x34, 0xF7, 0xD3, 0x7E, 0x24, 0x00, 0xFF, 0x0B,
	0x1A, 0x30, 0x74, 0x01, 0x12, 0xED, 0xAD, 0x7E, 0x08, 0xF1, 0x80, 0x7E,
	0x34, 0x38, 0xFB, 0x7E, 0x24, 0x00, 0x09, 0x12, 0xEE, 0x3D, 0x7E, 0x37,
	0x38, 0xFB, 0x5E, 0x60, 0x00, 0x7A, 0x73, 0x12, 0xE7, 0x30, 0x2E, 0x7C,
	0x7E, 0x37, 0x38, 0xFD, 0x0A, 0x36, 0x1E, 0x34, 0x1E, 0x34, 0x1E, 0x34,
	0x5E, 0x34, 0x00, 0x01, 0x78, 0x03, 0x02, 0x93, 0xEF, 0x7E, 0xB3, 0x2C,
	0x59, 0x04, 0x7A, 0xB3, 0x2C, 0x59, 0xB4, 0x05, 0x02, 0x80, 0x03, 0x02,
	0x93, 0xEF, 0xE4, 0x12, 0xCB, 0xA2, 0x7E, 0x37, 0x28, 0x1B, 0x7A, 0x37,
	0xF0, 0x24, 0x7E, 0x37, 0xF0, 0x54, 0x5E, 0x60, 0x03, 0x3E, 0x34, 0x7D,
	0x13, 0x2E, 0x14, 0xE0, 0x00, 0x6D, 0x00, 0x2E, 0x34, 0xE1, 0xE0, 0x7E,
	0x24, 0x00, 0x18, 0x12, 0xEE, 0x3D, 0x7E, 0x37, 0x2B, 0xB1, 0x5E, 0x70,
	0xFE, 0x7A, 0x37, 0x2B, 0xB1, 0x7E, 0x37, 0x2B, 0xB5, 0x5E, 0x60, 0xF7,
	0x7A, 0x37, 0x2B, 0xB5, 0xC2, 0x2E, 0x74, 0x01, 0x12, 0xEE, 0xA5, 0x12,
	0xE5, 0xD1, 0xE4, 0x12, 0xEE, 0xA5, 0x20, 0x01, 0x3E, 0x74, 0x01, 0x12,
	0xCB, 0xA2, 0x80, 0x37, 0xE5, 0x5B, 0x0A, 0x2B, 0x7E, 0x37, 0x38, 0xFD,
	0x0A, 0x36, 0x5E, 0x34, 0x00, 0x07, 0xBD, 0x23, 0x78, 0x25, 0x30, 0x01,
	0x0F, 0x7E, 0x57, 0x38, 0xFF, 0x0A, 0x5A, 0xC4, 0x7D, 0x35, 0x5E, 0x34,
	0x00, 0x01, 0x68, 0x13, 0x7E, 0x08, 0x38, 0xFB, 0x7E, 0x34, 0x2C, 0x65,
	0x7E, 0x24, 0x00, 0x09, 0x12, 0xEE, 0x3D, 0x74, 0x01, 0x80, 0x01, 0xE4,
	0x22, 0x6C, 0x77, 0xA2, 0x22, 0xE4, 0x33, 0xB4, 0x01, 0x02, 0x80, 0x03,
	0x02, 0x94, 0xD2, 0xA2, 0x23, 0xE4, 0x33, 0x68, 0x03, 0x02, 0x94, 0xD2,
	0x85, 0x54, 0x51, 0x7E, 0x27, 0x2C, 0x65, 0x7D, 0x52, 0x0A, 0x5A, 0x54,
	0x23, 0xF5, 0x54, 0xBE, 0xB1, 0x51, 0x68, 0x03, 0x7E, 0x70, 0x01, 0x7E,
	0x57, 0x2C, 0x73, 0x5E, 0x54, 0x00, 0x07, 0xF5, 0x46, 0x85, 0x59, 0x58,
	0x7E, 0x27, 0x2C, 0x67, 0x7D, 0x12, 0x0A, 0x12, 0x5E, 0x14, 0x00, 0x07,
	0x7C, 0x63, 0x7A, 0x61, 0x59, 0xBE, 0x61, 0x58, 0x68, 0x03, 0x7E, 0x70,
	0x01, 0xA2, 0x0F, 0xE4, 0x33, 0x0A, 0x4B, 0x0A, 0x54, 0xC4, 0x7D, 0x25,
	0x5E, 0x24, 0x00, 0x01, 0xBD, 0x42, 0x68, 0x09, 0x7E, 0x70, 0x01, 0x2E,
	0x24, 0xFF, 0xFF, 0x92, 0x0F, 0x4C, 0x77, 0x68, 0x11, 0xA2, 0x01, 0xE4,
	0x33, 0x78, 0x03, 0x12, 0xE2, 0xC6, 0xE5, 0x59, 0x12, 0xAE, 0x9D, 0x12,
	0xF3, 0xDB, 0x12, 0xEF, 0x8B, 0x20, 0x00, 0x0E, 0xE5, 0x59, 0x60, 0x05,
	0xE5, 0x59, 0xB4, 0x02, 0x1C, 0x53, 0x52, 0xFB, 0x80, 0x17, 0xE5, 0x59,
	0xB4, 0x02, 0x12, 0x7E, 0x08, 0xD0, 0x00, 0x7E, 0x34, 0x03, 0x00, 0x7E,
	0x24, 0x03, 0xBA, 0x12, 0xEE, 0x3D, 0x12, 0xDB, 0x16, 0x12, 0xF5, 0x43,
	0xE5, 0x59, 0xBE, 0xB0, 0x01, 0x68, 0x05, 0xE5, 0x59, 0xB4, 0x03, 0x20,
	0xE4, 0x7A, 0xB3, 0x2D, 0xF2, 0x12, 0xB1, 0x44, 0x70, 0x05, 0x12, 0xF1,
	0x9F, 0x80, 0x13, 0x30, 0x00, 0x08, 0xE5, 0x59, 0xB4, 0x03, 0x03, 0x12,
	0xDB, 0x16, 0x74, 0x01, 0x7A, 0xB3, 0x2D, 0xF2, 0xD2, 0x23, 0x22, 0xCA,
	0x3B, 0x7C, 0xD4, 0x7A, 0x0F, 0x37, 0x3C, 0x7C, 0xC5, 0x7C, 0xE7, 0x7C,
	0xFB, 0xE4, 0x7A, 0xB3, 0x37, 0x40, 0x4C, 0xFF, 0x78, 0x2E, 0x7C, 0xB6,
	0x7E, 0x1F, 0x37, 0x3C, 0x7E, 0x1B, 0x70, 0x12, 0xE5, 0x97, 0xBE, 0xB0,
	0x02, 0x40, 0x03, 0x02, 0x95, 0xB2, 0x7C, 0xBC, 0x0A, 0x1D, 0x7E, 0x1F,
	0x37, 0x3C, 0x2D, 0x31, 0x1B, 0x34, 0x7E, 0x1B, 0x70, 0x12, 0xE5, 0x97,
	0xBE, 0xB0, 0x02, 0x40, 0x03, 0x02, 0x95, 0xB2, 0x0A, 0x3F, 0x09, 0x73,
	0x39, 0x45, 0x7A, 0x73, 0x37, 0x46, 0x7E, 0x70, 0x14, 0xAC, 0x7F, 0x7D,
	0x13, 0x2E, 0x14, 0x39, 0x6F, 0x6D, 0x00, 0x7A, 0x0F, 0x37, 0x47, 0x7E,
	0x0F, 0x37, 0x3C, 0x7C, 0xBD, 0x2E, 0x34, 0x39, 0x47, 0x6D, 0x22, 0x12,
	0x54, 0x2D, 0x7A, 0xB3, 0x37, 0x40, 0xBE, 0xE0, 0x03, 0x78, 0x15, 0x4C,
	0xFF, 0x78, 0x11, 0x7E, 0x73, 0x37, 0x40, 0x0A, 0x37, 0x7E, 0x24, 0x00,
	0x7F, 0x12, 0xF4, 0x7C, 0x7A, 0x73, 0x37, 0x40, 0x7E, 0x70, 0x02, 0xAC,
	0x7E, 0x0A, 0x2F, 0x2D, 0x32, 0x09, 0x73, 0x3A, 0x5A, 0x0A, 0x37, 0x7E,
	0x53, 0x37, 0x40, 0x0A, 0x25, 0x12, 0xF4, 0x7C, 0x7C, 0x57, 0x7E, 0x70,
	0x02, 0xAC, 0x7E, 0x0A, 0x1F, 0x2D, 0x31, 0x19, 0x53, 0x3A, 0x5A, 0x09,
	0x73, 0x3A, 0x5A, 0xBE, 0x70, 0x80, 0x50, 0x22, 0x4C, 0xFF, 0x78, 0x10,
	0x0A, 0x3E, 0x2E, 0x34, 0x3A, 0x49, 0x7E, 0x39, 0xB0, 0x44, 0x02, 0x7A,
	0x39, 0xB0, 0x80, 0x0E, 0x0A, 0x3E, 0x2E, 0x34, 0x3A, 0x49, 0x7E, 0x39,
	0xB0, 0x44, 0x04, 0x7A, 0x39, 0xB0, 0xDA, 0x3B, 0x22, 0xCA, 0x3B, 0x7C,
	0xFB, 0x7D, 0x01, 0x7D, 0x12, 0x7D, 0x43, 0x7E, 0xA3, 0x04, 0x2A, 0x7E,
	0x18, 0x0A, 0x4C, 0x6C, 0xEE, 0x02, 0x96, 0x8C, 0x7E, 0x49, 0xD0, 0x4C,
	0xDD, 0x78, 0x14, 0x7E, 0x09, 0xB0, 0xB4, 0x01, 0x02, 0x80, 0x03, 0x02,
	0x96, 0x82, 0xE4, 0x7A, 0x19, 0xB0, 0x74, 0x01, 0x02, 0x96, 0x7F, 0xBE,
	0xD0, 0x01, 0x78, 0x4E, 0x7E, 0x09, 0xB0, 0xB4, 0x01, 0x45, 0x7E, 0x19,
	0xB0, 0x04, 0x7A, 0x19, 0xB0, 0x1A, 0xFE, 0x09, 0xBF, 0x0A, 0xB5, 0xB4,
	0x10, 0x05, 0x74, 0x01, 0x7A, 0x19, 0xB0, 0x7E, 0x1B, 0xB0, 0x0A, 0xFB,
	0x0A, 0xEA, 0x2D, 0xEF, 0x7E, 0x19, 0xC0, 0x0A, 0xFC, 0xBD, 0xFE, 0x48,
	0x69, 0x7E, 0xB3, 0x04, 0x07, 0x30, 0xE7, 0x08, 0x7C, 0xBC, 0x14, 0x7A,
	0x19, 0xB0, 0x80, 0x5A, 0x74, 0x02, 0x7A, 0x49, 0xB0, 0x74, 0xFF, 0x1A,
	0xFE, 0x19, 0xBF, 0x07, 0x81, 0x80, 0x4B, 0xE4, 0x80, 0x45, 0xBE, 0xD0,
	0x02, 0x78, 0x0D, 0xE4, 0x7A, 0x19, 0xB0, 0x7E, 0x09, 0xB0, 0x70, 0x3A,
	0x74, 0x03, 0x80, 0x33, 0xBE, 0xD0, 0x03, 0x68, 0x05, 0xBE, 0xD0, 0x04,
	0x78, 0x2C, 0x7E, 0x09, 0xB0, 0xB4, 0x01, 0x04, 0x74, 0x02, 0x80, 0x1F,
	0x7E, 0xD3, 0x04, 0x2B, 0x7E, 0xB3, 0x05, 0x30, 0x2C, 0xDB, 0x7E, 0x19,
	0xB0, 0x04, 0x7A, 0x19, 0xB0, 0xBC, 0xBD, 0x40, 0x0D, 0x74, 0x01, 0x1A,
	0xFE, 0x19, 0xBF, 0x07, 0x3B, 0x74, 0x05, 0x7A, 0x49, 0xB0, 0x0B, 0x44,
	0x0B, 0x14, 0x0B, 0x04, 0x0B, 0x34, 0x0B, 0xE0, 0xBC, 0xFE, 0x08, 0x03,
	0x02, 0x95, 0xCC, 0xDA, 0x3B, 0x22, 0x7C, 0x82, 0x7C, 0xA3, 0x7C, 0x9B,
	0x7D, 0x12, 0x7D, 0x03, 0xBE, 0x80, 0x01, 0x78, 0x25, 0x7E, 0x73, 0x04,
	0x2F, 0x1E, 0x70, 0x6C, 0x66, 0x80, 0x16, 0x0B, 0x08, 0x20, 0x0A, 0xE7,
	0x7D, 0xF2, 0x9D, 0xFE, 0x1B, 0x18, 0xF0, 0x1A, 0xFA, 0x3E, 0xF4, 0x2D,
	0x0F, 0x0B, 0x15, 0x0B, 0x60, 0xBC, 0x96, 0x18, 0xE6, 0x22, 0x7C, 0xB8,
	0x30, 0xE7, 0x0B, 0x7D, 0x30, 0x7D, 0x21, 0x7C, 0xB9, 0x7C, 0x3A, 0x02,
	0xD4, 0xB4, 0x7E, 0x43, 0x03, 0xFF, 0x7E, 0x53, 0x04, 0x70, 0x7C, 0xB5,
	0x30, 0xE3, 0x02, 0x6C, 0x44, 0x4C, 0x88, 0x78, 0x45, 0x7A, 0x07, 0xFF,
	0xB0, 0x1A, 0x39, 0x7A, 0x37, 0xFF, 0xB4, 0x1A, 0x3A, 0x4E, 0x60, 0x01,
	0x7A, 0x37, 0xFF, 0xB6, 0x7E, 0x34, 0x00, 0x40, 0x7A, 0x37, 0xFF, 0xB8,
	0x0A, 0xF4, 0x3E, 0xF4, 0x7C, 0xB5, 0x20, 0xE7, 0x06, 0x7E, 0x34, 0x00,
	0x01, 0x80, 0x02, 0x6D, 0x33, 0x5E, 0x34, 0x00, 0x01, 0x4D, 0x3F, 0x7A,
	0x37, 0xFF, 0xBA, 0x7A, 0x17, 0xFF, 0xB2, 0x7E, 0x37, 0xFF, 0x00, 0x5E,
	0x34, 0x00, 0x10, 0x78, 0xF6, 0x22, 0x7A, 0x07, 0xFF, 0xB0, 0x1A, 0x39,
	0x7A, 0x37, 0xFF, 0xB4, 0x1A, 0x3A, 0x4E, 0x60, 0x01, 0x7A, 0x37, 0xFF,
	0xB6, 0x7E, 0x34, 0x00, 0x30, 0x7A, 0x37, 0xFF, 0xB8, 0x0A, 0x34, 0x3E,
	0x34, 0x7C, 0xB5, 0x20, 0xE7, 0x06, 0x7E, 0x04, 0x00, 0x01, 0x80, 0x02,
	0x6D, 0x00, 0x5E, 0x04, 0x00, 0x01, 0x4D, 0x03, 0x7A, 0x07, 0xFF, 0xBA,
	0x7A, 0x17, 0xFF, 0xB2, 0x7E, 0x37, 0xFF, 0x00, 0x5E, 0x34, 0x00, 0x10,
	0x78, 0xF6, 0x22, 0x6C, 0xAA, 0x7E, 0x34, 0x00, 0x61, 0x7E, 0x24, 0x00,
	0x00, 0x7E, 0x1B, 0x70, 0x7C, 0xB7, 0x1E, 0xB0, 0x1E, 0xB0, 0x54, 0x03,
	0xBE, 0xB1, 0x46, 0x78, 0x25, 0x7E, 0x78, 0x1A, 0x7E, 0x7E, 0x14, 0x00,
	0x61, 0x7E, 0x04, 0x00, 0x00, 0x7E, 0x0B, 0x60, 0x7C, 0xA6, 0x5E, 0xA0,
	0x03, 0x3E, 0xA0, 0x3E, 0xA0, 0x5E, 0x60, 0xF3, 0x4C, 0x6A, 0x7A, 0x0B,
	0x60, 0x7E, 0xA0, 0x01, 0x80, 0x64, 0x7C, 0xB7, 0xC4, 0x54, 0x03, 0xBE,
	0xB1, 0x46, 0x78, 0x28, 0x7E, 0x78, 0x1E, 0xFE, 0x7E, 0x14, 0x00, 0x61,
	0x7E, 0x04, 0x00, 0x00, 0x7E, 0x0B, 0x60, 0x7C, 0xA6, 0x5E, 0xA0, 0x03,
	0x7C, 0xBA, 0xC4, 0x54, 0xF0, 0x7C, 0xAB, 0x5E, 0x60, 0xCF, 0x4C, 0x6A,
	0x7A, 0x0B, 0x60, 0x7E, 0xA0, 0x01, 0x80, 0x32, 0x7C, 0xB7, 0x23, 0x23,
	0x54, 0x03, 0xBE, 0xB1, 0x46, 0x78, 0x27, 0x7E, 0x78, 0x23, 0x7E, 0x7E,
	0x14, 0x00, 0x61, 0x7E, 0x04, 0x00, 0x00, 0x7E, 0x0B, 0x70, 0x7C, 0x67,
	0x5E, 0x60, 0x03, 0x7C, 0xB6, 0x03, 0x03, 0x54, 0xC0, 0x7C, 0x6B, 0x5E,
	0x70, 0x3F, 0x4C, 0x76, 0x7A, 0x0B, 0x70, 0x7E, 0xA0, 0x01, 0x4C, 0xAA,
	0x68, 0x37, 0x7E, 0x61, 0x46, 0x5E, 0x60, 0x03, 0x7E, 0x14, 0x00, 0x61,
	0x7E, 0x04, 0x00, 0x00, 0x7E, 0x0B, 0x70, 0x5E, 0x70, 0xFC, 0x4C, 0x76,
	0x7A, 0x0B, 0x70, 0x7E, 0x18, 0xA0, 0x00, 0x6D, 0x11, 0x0B, 0x7A, 0x00,
	0x0B, 0x1A, 0x50, 0x1B, 0x7A, 0x50, 0x1B, 0x1A, 0x00, 0x0B, 0x35, 0x0B,
	0xF5, 0x0B, 0x14, 0xBE, 0x14, 0x02, 0x40, 0x78, 0xE8, 0x22, 0xE4, 0x7A,
	0xB3, 0x37, 0x2E, 0xC2, 0x44, 0xE5, 0x59, 0xB4, 0x01, 0x38, 0x7E, 0x37,
	0x2D, 0xD9, 0x2E, 0x34, 0x00, 0x10, 0x7E, 0x39, 0xB0, 0x7E, 0x37, 0x2D,
	0xD9, 0x2E, 0x34, 0x00, 0x11, 0x7E, 0x39, 0x70, 0x7E, 0x27, 0x2D, 0xD9,
	0x2E, 0x24, 0x00, 0x0B, 0x7E, 0x29, 0x60, 0x5E, 0x60, 0x03, 0x12, 0xAD,
	0x45, 0x7E, 0x08, 0x37, 0x2E, 0x12, 0xDA, 0x26, 0x70, 0x03, 0x02, 0x99,
	0x16, 0x12, 0xF4, 0xC6, 0x80, 0x7C, 0xE5, 0x59, 0xB4, 0x03, 0x33, 0x7E,
	0x37, 0x2D, 0xE3, 0x2E, 0x34, 0x00, 0x09, 0x7E, 0x39, 0xB0, 0x7E, 0x37,
	0x2D, 0xE3, 0x2E, 0x34, 0x00, 0x0A, 0x7E, 0x39, 0x70, 0x7E, 0x27, 0x2D,
	0xE3, 0x0B, 0x24, 0x7E, 0x29, 0x60, 0x5E, 0x60, 0x03, 0x12, 0xAD, 0x45,
	0x7E, 0x08, 0x37, 0x2E, 0x12, 0xDA, 0x26, 0x60, 0x49, 0x12, 0xF4, 0xC6,
	0x80, 0x44, 0x7E, 0x37, 0x2D, 0xE1, 0x7E, 0x39, 0xB0, 0x30, 0xE0, 0x30,
	0x12, 0x6D, 0x95, 0x70, 0x1F, 0x12, 0x27, 0x9A, 0x70, 0x0E, 0x7E, 0x08,
	0x37, 0x2E, 0x12, 0xDA, 0x26, 0x60, 0x27, 0x12, 0xC2, 0xEA, 0x80, 0x22,
	0x7E, 0x37, 0x2D, 0x74, 0x0B, 0x34, 0x7A, 0x37, 0x2D, 0x74, 0x80, 0x16,
	0x7E, 0x37, 0x2D, 0x74, 0x0B, 0x34, 0x7A, 0x37, 0x2D, 0x74, 0x80, 0x0A,
	0x12, 0xF5, 0xCB, 0x7E, 0x08, 0x37, 0x2E, 0x12, 0xDA, 0x26, 0x12, 0x7E,
	0xCE, 0x30, 0x44, 0x0B, 0xC2, 0xAE, 0x7E, 0xB3, 0x37, 0x2E, 0x12, 0x6C,
	0x19, 0xD2, 0xAE, 0x12, 0xC3, 0xF4, 0x30, 0x01, 0x03, 0x12, 0xDB, 0x16,
	0x12, 0xE7, 0xC4, 0x22, 0xCA, 0x79, 0x7C, 0xAB, 0x4C, 0xAB, 0x78, 0x03,
	0x02, 0x9A, 0x0F, 0x7E, 0xB3, 0x05, 0x1A, 0x0A, 0x3B, 0x1B, 0x34, 0x7E,
	0x63, 0x05, 0x1B, 0x0A, 0xE6, 0x1B, 0xE4, 0x7D, 0x2E, 0x7C, 0x65, 0x7E,
	0x24, 0xC1, 0x50, 0x6C, 0x33, 0x02, 0x9A, 0x08, 0xE4, 0x19, 0xB2, 0x00,
	0x0A, 0x09, 0xB2, 0x00, 0x09, 0x60, 0x03, 0x02, 0x9A, 0x02, 0x09, 0x22,
	0x00, 0x04, 0x09, 0x12, 0x00, 0x05, 0x6D, 0xFF, 0x4C, 0x22, 0x68, 0x04,
	0xBC, 0x71, 0x78, 0x04, 0x7E, 0xF4, 0x00, 0x03, 0xBE, 0x20, 0x00, 0x08,
	0x02, 0x1B, 0x20, 0xBC, 0x71, 0x08, 0x02, 0x0B, 0x10, 0x09, 0x02, 0x00,
	0x06, 0x09, 0x92, 0x00, 0x07, 0x4C, 0x00, 0x68, 0x04, 0xBC, 0x69, 0x78,
	0x04, 0x7E, 0xF4, 0x00, 0x03, 0xBE, 0x00, 0x00, 0x08, 0x02, 0x1B, 0x00,
	0xBC, 0x69, 0x08, 0x02, 0x0B, 0x90, 0x7A, 0x03, 0x37, 0x45, 0x80, 0x38,
	0x7E, 0xB3, 0x05, 0x1A, 0x0A, 0xDB, 0x7E, 0xF3, 0x37, 0x45, 0x1A, 0xCF,
	0xAD, 0xDC, 0x7D, 0xED, 0x3E, 0xE4, 0x2E, 0xE7, 0x03, 0x10, 0x7C, 0x82,
	0x80, 0x13, 0x1A, 0xD8, 0x3E, 0xD4, 0x2D, 0xDE, 0x0B, 0xD8, 0xD0, 0xBE,
	0xD4, 0x00, 0x00, 0x08, 0x02, 0x0B, 0xF4, 0x0B, 0x80, 0xBC, 0x18, 0x58,
	0xE9, 0x7C, 0xBF, 0x04, 0x7A, 0xB3, 0x37, 0x45, 0xBE, 0x93, 0x37, 0x45,
	0x58, 0xC2, 0xBE, 0xF4, 0x00, 0xFF, 0x08, 0x04, 0x7E, 0xF4, 0x00, 0xFF,
	0x7D, 0x7F, 0x19, 0xF2, 0x00, 0x0A, 0x2E, 0x24, 0x00, 0x10, 0x0B, 0x30,
	0xBC, 0xA3, 0x08, 0x03, 0x02, 0x99, 0x5C, 0xDA, 0x79, 0x22, 0xCA, 0x3B,
	0x7D, 0x73, 0x6D, 0x66, 0xE4, 0x7A, 0xB3, 0x37, 0x45, 0x7E, 0x73, 0x37,
	0x45, 0x0A, 0x37, 0x09, 0xB3, 0x07, 0x27, 0x70, 0x03, 0x02, 0x9A, 0xAD,
	0xBE, 0xB0, 0x05, 0x68, 0x7C, 0x2D, 0x37, 0x7E, 0x39, 0x70, 0x7A, 0x73,
	0x37, 0x46, 0x7E, 0x73, 0x03, 0xB6, 0xBE, 0x73, 0x37, 0x46, 0x28, 0x69,
	0x7E, 0x73, 0x37, 0x46, 0x0A, 0x37, 0x09, 0xB3, 0xC1, 0x2A, 0xBE, 0xB0,
	0x02, 0x68, 0x5A, 0x74, 0x02, 0x19, 0xB3, 0xC1, 0x2A, 0x74, 0x01, 0x7E,
	0x13, 0x37, 0x45, 0x0A, 0x31, 0x19, 0xB3, 0x07, 0x31, 0x7E, 0xB3, 0x37,
	0x46, 0x7E, 0x00, 0x03, 0xAC, 0xB0, 0x7A, 0xB3, 0x37, 0x46, 0x7E, 0x00,
	0x02, 0xAC, 0xB0, 0x49, 0x35, 0x03, 0x52, 0x7A, 0x37, 0x37, 0x49, 0x49,
	0x25, 0x03, 0x54, 0x7A, 0x27, 0x37, 0x4B, 0x49, 0x15, 0x03, 0x56, 0x7A,
	0x17, 0x37, 0x4D, 0x7C, 0xB1, 0x12, 0x30, 0x14, 0x7E, 0xB3, 0x37, 0x45,
	0x7E, 0x70, 0x08, 0xAC, 0xB7, 0x49, 0x35, 0x05, 0xA1, 0x7A, 0x37, 0x37,
	0x47, 0xBD, 0x36, 0x28, 0x04, 0x7E, 0x67, 0x37, 0x47, 0x7E, 0xB3, 0x37,
	0x45, 0x04, 0x7A, 0xB3, 0x37, 0x45, 0xB4, 0x0A, 0x02, 0x80, 0x03, 0x02,
	0x9A, 0x1D, 0xBE, 0x64, 0x04, 0x00, 0x28, 0x04, 0x7E, 0x64, 0x04, 0x00,
	0xBE, 0x67, 0x03, 0xC4, 0x28, 0x06, 0x7A, 0x67, 0x03, 0xC4, 0x80, 0x14,
	0x7E, 0x27, 0x03, 0xC4, 0x7E, 0x34, 0x00, 0x03, 0xAD, 0x32, 0x2D, 0x36,
	0x1E, 0x34, 0x1E, 0x34, 0x7A, 0x37, 0x03, 0xC4, 0xDA, 0x3B, 0x22, 0x22,
	0x2A, 0x6C, 0xD7, 0xEC, 0x2D, 0xAA, 0x04, 0x22, 0xBC, 0xF0, 0x60, 0x60,
	0x4D, 0xFD, 0x11, 0xED, 0xBF, 0xD5, 0xEE, 0x52, 0x07, 0x46, 0x4E, 0x9A,
	0x26, 0x8F, 0x52, 0x66, 0x54, 0x06, 0x5D, 0x34, 0xED, 0x40, 0x55, 0x17,
	0xA8, 0x23, 0xCE, 0xCD, 0x90, 0x61, 0xD5, 0xF4, 0x4F, 0x4B, 0x61, 0x3E,
	0xCC, 0xEF, 0x30, 0x69, 0x17, 0x76, 0x94, 0x6E, 0x36, 0x34, 0xF5, 0x0E,
	0x4D, 0xE7, 0x06, 0x3A, 0x22, 0x11, 0x74, 0x12, 0x8C, 0xD1, 0xA2, 0x5B,
	0x51, 0x64, 0x92, 0x33, 0xD9, 0xF7, 0xA9, 0xEA, 0xFA, 0x81, 0x73, 0x41,
	0x8E, 0x6F, 0x7A, 0xED, 0xA2, 0x2C, 0x73, 0x37, 0x93, 0x68, 0xB7, 0x77,
	0x36, 0x2B, 0xEB, 0xDE, 0xF4, 0x06, 0x32, 0x4F, 0x0A, 0xF1, 0xD0, 0x0C,
	0x36, 0xCA, 0xB1, 0xBA, 0x96, 0xCB, 0x97, 0xDC, 0x03, 0x13, 0xFD, 0xC1,
	0x11, 0x1F, 0xED, 0x16, 0xAB, 0x21, 0xC4, 0x14, 0xCF, 0x44, 0x42, 0x83,
	0x70, 0x32, 0xC5, 0x74, 0xFD, 0x66, 0x9E, 0x76, 0x9E, 0x30, 0xD6, 0xB8,
	0x9C, 0xF0, 0x50, 0x45, 0xFC, 0xE5, 0x30, 0xD4, 0xDE, 0x1A, 0x5E, 0x63,
	0x88, 0xCF, 0x94, 0x7E, 0x47, 0xF0, 0x55, 0x8A, 0x81, 0x6D, 0x38, 0xD9,
	0x21, 0x7E, 0x5C, 0xED, 0xC3, 0x38, 0x07, 0x34, 0x40, 0xFA, 0x22, 0x05,
	0x7A, 0x91, 0x36, 0xD7, 0x9A, 0x90, 0x10, 0xDB, 0x17, 0xD5, 0x9F, 0x68,
	0xA9, 0x2C, 0xD5, 0x7F, 0x1F, 0xF3, 0x77, 0x50, 0x1E, 0xDE, 0x42, 0x70,
	0xC9, 0x96, 0xC8, 0xC0, 0x12, 0xBC, 0xE3, 0x7E, 0xB3, 0x2C, 0x5E, 0x60,
	0x03, 0x02, 0x9C, 0x91, 0x7E, 0x37, 0x2D, 0xE9, 0x0B, 0x38, 0x30, 0x7D,
	0x53, 0x0A, 0x5A, 0x5E, 0x54, 0x00, 0x7F, 0xF5, 0x5E, 0x7E, 0x37, 0x2D,
	0xE9, 0x0B, 0x38, 0x50, 0x5E, 0xA0, 0x00, 0xF5, 0x5F, 0x7E, 0x37, 0x2D,
	0xEB, 0x7E, 0x39, 0xB0, 0xF5, 0x47, 0xE4, 0x7A, 0xB3, 0x12, 0xEF, 0x7E,
	0x37, 0x2D, 0xE9, 0x49, 0x53, 0x00, 0x0E, 0x5E, 0x54, 0xC0, 0x00, 0x0A,
	0x5A, 0xC4, 0x03, 0x54, 0x07, 0x7C, 0x7B, 0x7A, 0x73, 0x12, 0xF0, 0x7E,
	0x37, 0x2D, 0xE9, 0x49, 0x33, 0x00, 0x0E, 0x5E, 0x34, 0x07, 0x00, 0x0A,
	0x36, 0x7A, 0x73, 0x2C, 0x63, 0x74, 0x04, 0x7A, 0xB3, 0x18, 0xF6, 0x7E,
	0x37, 0x2D, 0xE9, 0x49, 0x33, 0x00, 0x0C, 0x7D, 0x53, 0x0A, 0x5A, 0x54,
	0x0F, 0x7A, 0xB3, 0x12, 0xD8, 0xE4, 0x7A, 0xB3, 0x12, 0xE1, 0x74, 0x02,
	0x7A, 0xB3, 0x12, 0xE6, 0xE4, 0x7A, 0xB3, 0x18, 0xF7, 0x30, 0x03, 0x0B,
	0x74, 0x10, 0x7A, 0xB3, 0x18, 0xF6, 0xE4, 0x7A, 0xB3, 0x12, 0xE1, 0xE5,
	0x5E, 0x0A, 0x4B, 0x7E, 0x73, 0x18, 0xF6, 0x0A, 0x57, 0x2D, 0x54, 0xF5,
	0x5A, 0x85, 0x5F, 0x60, 0x30, 0x05, 0x02, 0x05, 0x60, 0x7E, 0x71, 0x60,
	0x74, 0x02, 0xAC, 0xB7, 0x7A, 0x55, 0x55, 0xA2, 0x01, 0xE4, 0x33, 0x7C,
	0xAB, 0x4C, 0xAA, 0x78, 0x0D, 0x7E, 0x37, 0x2D, 0xD9, 0x09, 0xB3, 0x00,
	0x0B, 0x30, 0xE7, 0x02, 0xD2, 0x20, 0xBE, 0xA0, 0x01, 0x78, 0x02, 0xD2,
	0x20, 0x22, 0x72, 0x57, 0xA7, 0x74, 0xD3, 0x93, 0x6E, 0x3E, 0xE1, 0x51,
	0x73, 0x8A, 0xAB, 0x40, 0x4E, 0x57, 0x13, 0x53, 0x1B, 0x48, 0xA4, 0xCD,
	0x14, 0x4C, 0xE3, 0xE9, 0xFB, 0x04, 0xF6, 0xE3, 0xCA, 0x48, 0xD7, 0x82,
	0x61, 0x17, 0xDE, 0xEF, 0x53, 0x51, 0x6A, 0x70, 0x7E, 0xF7, 0x5B, 0xE3,
	0xFD, 0x6B, 0x38, 0x79, 0x35, 0xD7, 0xB8, 0x9A, 0xFC, 0xC1, 0xEF, 0x7B,
	0x31, 0x64, 0xEF, 0x3C, 0x27, 0xE8, 0x95, 0xA0, 0x4E, 0x86, 0x50, 0x3B,
	0x83, 0xAB, 0x9A, 0x1D, 0x51, 0xBA, 0xFC, 0xDC, 0xAE, 0x6B, 0x40, 0x87,
	0x71, 0xF7, 0xB9, 0xD6, 0x08, 0x8B, 0x4B, 0xB5, 0x30, 0x27, 0x07, 0xF5,
	0x36, 0x73, 0x8B, 0xB4, 0x02, 0xA9, 0x10, 0x5C, 0xF0, 0x99, 0x2E, 0x45,
	0x45, 0xEB, 0xE4, 0x4A, 0xA8, 0x24, 0x61, 0x73, 0x0E, 0x11, 0x87, 0x77,
	0xF1, 0x19, 0xCB, 0x37, 0x3B, 0xA6, 0xCA, 0xFF, 0x49, 0x97, 0x4C, 0xA6,
	0xE2, 0xEB, 0x7B, 0xDB, 0x21, 0xAA, 0x15, 0x38, 0x05, 0x28, 0xDD, 0xEC,
	0xC5, 0xA7, 0x0B, 0x96, 0x1A, 0x90, 0x7C, 0x18, 0x08, 0x1C, 0x7A, 0x82,
	0x68, 0x40, 0xC0, 0xEC, 0xC2, 0xC7, 0x1D, 0xC3, 0x2C, 0x3D, 0xE3, 0x65,
	0x2D, 0x34, 0x72, 0xAD, 0x90, 0x10, 0x27, 0xAB, 0xF2, 0x4B, 0x5B, 0x31,
	0xFA, 0x68, 0x61, 0xF6, 0xAC, 0x0A, 0x94, 0xFE, 0xA0, 0xD7, 0x61, 0xF6,
	0x9D, 0xBB, 0x7A, 0xBB, 0x6B, 0x12, 0x8E, 0x4B, 0x42, 0x4D, 0x9D, 0xBC,
	0xBB, 0xC8, 0xF0, 0x10, 0x35, 0x27, 0x12, 0xBD, 0x76, 0xCA, 0x3B, 0x7D,
	0x71, 0x7D, 0x62, 0x7A, 0x37, 0x37, 0x61, 0x7E, 0x18, 0x37, 0x66, 0x7A,
	0x1F, 0x37, 0x71, 0x7E, 0x70, 0x01, 0x7E, 0x08, 0x37, 0x64, 0x12, 0xE9,
	0x84, 0x7E, 0x44, 0x00, 0x80, 0x9D, 0x47, 0xE4, 0x7A, 0xB3, 0x37, 0x63,
	0x7E, 0xD7, 0x37, 0x64, 0x0B, 0xD8, 0xF0, 0x7E, 0x57, 0x37, 0x66, 0x0B,
	0x58, 0xE0, 0x7E, 0x17, 0x37, 0x61, 0x1A, 0x02, 0x1A, 0x00, 0x7D, 0xB7,
	0x1A, 0x3E, 0x1A, 0xA6, 0x7F, 0x15, 0x12, 0x8C, 0xBA, 0x7F, 0x41, 0x7D,
	0x1F, 0x1A, 0x02, 0x1A, 0x00, 0x7D, 0x34, 0x1A, 0x26, 0x1A, 0x24, 0x12,
	0x8C, 0xBA, 0x2F, 0x14, 0x74, 0x07, 0x1E, 0x34, 0x0E, 0x24, 0x50, 0x03,
	0x4E, 0x60, 0x80, 0x14, 0x78, 0xF4, 0x7D, 0xF3, 0x7D, 0x16, 0x1A, 0x02,
	0x1A, 0x00, 0x7F, 0x15, 0x12, 0x8C, 0xBA, 0x7F, 0x51, 0x7D, 0x1E, 0x1A,
	0x02, 0x1A, 0x00, 0x7D, 0x34, 0x1A, 0x26, 0x1A, 0x24, 0x12, 0x8C, 0xBA,
	0x2F, 0x15, 0x74, 0x07, 0x1E, 0x34, 0x0E, 0x24, 0x50, 0x03, 0x4E, 0x60,
	0x80, 0x14, 0x78, 0xF4, 0x7A, 0xF7, 0x37, 0x61, 0x7D, 0x63, 0x1B, 0xD8,
	0xF0, 0x7E, 0x57, 0x37, 0x64, 0x1B, 0x55, 0x7A, 0x57, 0x37, 0x64, 0x7E,
	0x57, 0x37, 0x66, 0x1B, 0x58, 0x30, 0x7E, 0x57, 0x37, 0x66, 0x1B, 0x55,
	0x7A, 0x57, 0x37, 0x66, 0x7E, 0xB3, 0x37, 0x63, 0x04, 0x7A, 0xB3, 0x37,
	0x63, 0x7E, 0x73, 0x37, 0x63, 0xBE, 0x70, 0x02, 0x58, 0x03, 0x02, 0x9D,
	0x8C, 0xDA, 0x3B, 0x22, 0xCA, 0xF8, 0x7C, 0xFB, 0x74, 0x15, 0x12, 0xD5,
	0x11, 0x92, 0x46, 0x74, 0x16, 0x12, 0xD5, 0x11, 0x92, 0x47, 0x7E, 0xA3,
	0x3B, 0x80, 0x7E, 0x37, 0x3B, 0x82, 0x7E, 0x27, 0x3B, 0x84, 0xA2, 0x47,
	0x72, 0x46, 0xE4, 0x33, 0x78, 0x05, 0x74, 0x3F, 0x02, 0x9F, 0x07, 0xBE,
	0xA0, 0x02, 0x40, 0x05, 0x74, 0x31, 0x02, 0x9F, 0x07, 0xBE, 0xA0, 0x01,
	0x78, 0x29, 0x4C, 0xFF, 0x78, 0x13, 0x6D, 0x11, 0x7A, 0x17, 0x3B, 0x78,
	0x7A, 0x37, 0x3B, 0x73, 0x7A, 0x27, 0x3B, 0x75, 0x7E, 0xF0, 0x11, 0x80,
	0x40, 0xBE, 0xF0, 0x12, 0x78, 0x3B, 0x7A, 0x37, 0x3B, 0x6F, 0x7A, 0x27,
	0x3B, 0x71, 0x7E, 0xF0, 0x13, 0x80, 0x2E, 0xBE, 0xF0, 0x11, 0x78, 0x12,
	0x30, 0x46, 0x0A, 0x74, 0x15, 0x7A, 0xB3, 0x3B, 0x7D, 0x74, 0x20, 0x80,
	0x5A, 0x7E, 0xF0, 0x12, 0x80, 0x17, 0xBE, 0xF0, 0x13, 0x78, 0x0A, 0x74,
	0x16, 0x7A, 0xB3, 0x3B, 0x7D, 0x74, 0x20, 0x80, 0x46, 0xBE, 0xF0, 0x20,
	0x40, 0x03, 0xE4, 0x80, 0x3E, 0xBE, 0xF0, 0x11, 0x40, 0x37, 0xBE, 0xF0,
	0x13, 0x38, 0x32, 0x7E, 0x17, 0x3B, 0x78, 0x0B, 0x14, 0x7A, 0x17, 0x3B,
	0x78, 0x7E, 0x17, 0x3B, 0x6D, 0xBE, 0x17, 0x3B, 0x78, 0x38, 0x04, 0x74,
	0x32, 0x80, 0x1C, 0xBE, 0xF0, 0x12, 0x68, 0x15, 0x7E, 0x17, 0x3B, 0x73,
	0x7E, 0x07, 0x3B, 0x75, 0x12, 0xF2, 0xCE, 0xBE, 0x37, 0x3B, 0x6B, 0x40,
	0x04, 0x74, 0x33, 0x80, 0x02, 0x7C, 0xBF, 0xDA, 0xF8, 0x22, 0xCA, 0x79,
	0x7E, 0x37, 0x2D, 0xD9, 0x2E, 0x34, 0x00, 0x03, 0x0B, 0x38, 0x30, 0xE5,
	0x5E, 0x0A, 0x2B, 0x8D, 0x32, 0x7D, 0x23, 0x7E, 0x37, 0x2D, 0xD9, 0x2E,
	0x34, 0x00, 0x05, 0x0B, 0x38, 0x10, 0xE5, 0x5F, 0x0A, 0x0B, 0x8D, 0x10,
	0x7D, 0x31, 0xBD, 0x32, 0x28, 0x04, 0x7D, 0x72, 0x80, 0x02, 0x7D, 0x73,
	0x7E, 0x34, 0x37, 0x2E, 0x7E, 0x24, 0x00, 0x04, 0x12, 0xF2, 0x4B, 0x30,
	0x01, 0x3C, 0x7E, 0x37, 0x2D, 0xE3, 0x7E, 0x39, 0xB0, 0x30, 0xE0, 0x08,
	0x74, 0x06, 0x7A, 0xB3, 0x37, 0x2E, 0x80, 0x06, 0x74, 0x05, 0x7A, 0xB3,
	0x37, 0x2E, 0x74, 0x8F, 0x7A, 0xB3, 0x37, 0x2F, 0x7E, 0x37, 0x2D, 0xE3,
	0x7E, 0x39, 0xB0, 0x30, 0xE1, 0x08, 0x74, 0xFF, 0x7A, 0xB3, 0x37, 0x30,
	0x80, 0x06, 0x74, 0xDF, 0x7A, 0xB3, 0x37, 0x30, 0x74, 0x0F, 0x7A, 0xB3,
	0x37, 0x31, 0xE4, 0x7A, 0xB3, 0x2C, 0x5F, 0xE4, 0x7A, 0xB3, 0x2C, 0x7B,
	0x7E, 0x37, 0x2D, 0xE3, 0x2E, 0x34, 0x00, 0x06, 0x7E, 0x39, 0x70, 0x0A,
	0x27, 0x7D, 0x32, 0xAD, 0x37, 0x7A, 0x37, 0x37, 0x32, 0x7E, 0x34, 0xF5,
	0x55, 0x7A, 0x37, 0x37, 0x34, 0x7E, 0x34, 0x37, 0x2E, 0x7D, 0x27, 0x7E,
	0x17, 0x2D, 0xE3, 0x2E, 0x14, 0x00, 0x08, 0x7E, 0x19, 0x30, 0x0A, 0x13,
	0x7E, 0x07, 0x2D, 0xE3, 0x09, 0x10, 0x00, 0x07, 0x0A, 0x41, 0x7D, 0x54,
	0xAD, 0x57, 0x7D, 0x05, 0x1E, 0x04, 0x12, 0xBE, 0x9C, 0xDA, 0x79, 0x22,
	0x75, 0xC3, 0xFE, 0xE5, 0xDB, 0xF5, 0x63, 0xE5, 0x63, 0x30, 0xE5, 0x10,
	0x20, 0x40, 0x0D, 0xA9, 0x31, 0xDD, 0x09, 0x12, 0xDB, 0x64, 0x75, 0xDC,
	0x02, 0x75, 0xDB, 0xDF, 0xE5, 0x63, 0x30, 0xE4, 0x10, 0x30, 0x40, 0x0D,
	0xA9, 0x30, 0xDD, 0x09, 0x12, 0xB8, 0x32, 0x75, 0xDC, 0x01, 0x75, 0xDB,
	0xEF, 0xE5, 0x63, 0x30, 0xE3, 0x4B, 0x30, 0x40, 0x05, 0x12, 0xB8, 0x32,
	0x80, 0x3E, 0x30, 0x30, 0x26, 0x7E, 0x35, 0x4A, 0xE5, 0x4E, 0x0A, 0x2B,
	0x2E, 0x25, 0x4A, 0xE5, 0xDD, 0xC4, 0x54, 0x0F, 0x0A, 0x1B, 0x9D, 0x21,
	0x1B, 0x24, 0x12, 0xCF, 0x10, 0x7E, 0xB3, 0x18, 0xF2, 0x70, 0x08, 0xC2,
	0x30, 0xC2, 0x26, 0xE4, 0x12, 0xF0, 0x67, 0x7E, 0x35, 0x4A, 0xBE, 0x34,
	0x00, 0x10, 0x40, 0x09, 0xBE, 0x34, 0x00, 0x13, 0x38, 0x03, 0x12, 0xC9,
	0xDA, 0x75, 0xDD, 0x04, 0xC2, 0x45, 0x75, 0xDB, 0xF7, 0xE5, 0x63, 0x30,
	0xE6, 0x1C, 0xD2, 0x45, 0x30, 0x40, 0x03, 0x12, 0xB8, 0x32, 0xC2, 0x40,
	0x75, 0x4E, 0x00, 0x7E, 0x35, 0x4A, 0x12, 0xCB, 0x31, 0x12, 0xDB, 0x64,
	0x75, 0xDC, 0x02, 0x75, 0xDB, 0xBF, 0xE5, 0x63, 0x30, 0xE7, 0x0F, 0xD2,
	0x40, 0xD2, 0x45, 0xD2, 0x43, 0x75, 0x4E, 0x00, 0x75, 0xDC, 0x01, 0x75,
	0xDB, 0x7F, 0xE5, 0x63, 0x30, 0xE1, 0x06, 0x75, 0xDB, 0xFD, 0x75, 0xDD,
	0x04, 0xE5, 0x63, 0x30, 0xE0, 0x06, 0x75, 0xDB, 0xFE, 0x75, 0xDD, 0x04,
	0x22, 0xCA, 0x3B, 0x7E, 0xB3, 0x2D, 0x00, 0x70, 0x03, 0x02, 0xA1, 0x6E,
	0x7E, 0xB3, 0x2D, 0x06, 0x70, 0x03, 0x02, 0xA1, 0x6E, 0x12, 0xF5, 0xB7,
	0x70, 0x03, 0x02, 0xA1, 0x6E, 0x7E, 0x73, 0x2D, 0x06, 0x7E, 0xF0, 0x10,
	0xAC, 0xF7, 0x6D, 0x33, 0x9D, 0x37, 0x7A, 0x37, 0x37, 0x3A, 0x12, 0xF5,
	0x96, 0x7D, 0x63, 0xE4, 0x7A, 0xB3, 0x37, 0x34, 0x80, 0x67, 0x74, 0x02,
	0x7E, 0x73, 0x37, 0x34, 0x12, 0xB8, 0xCC, 0x7A, 0x37, 0x37, 0x36, 0xE4,
	0x7A, 0xB3, 0x37, 0x35, 0x80, 0x41, 0x0B, 0x68, 0x20, 0x0B, 0x65, 0x7E,
	0x17, 0x37, 0x36, 0x0B, 0x18, 0x30, 0x0B, 0x15, 0x7A, 0x17, 0x37, 0x36,
	0x9D, 0x32, 0x7A, 0x37, 0x37, 0x38, 0xBE, 0x77, 0x37, 0x38, 0x48, 0x0A,
	0x7E, 0x37, 0x37, 0x3A, 0xBE, 0x37, 0x37, 0x38, 0x08, 0x10, 0x74, 0x03,
	0x7A, 0xB3, 0x2D, 0x71, 0x7E, 0x73, 0x2D, 0x0B, 0x7A, 0x73, 0x2D, 0x72,
	0x80, 0x24, 0x7E, 0xB3, 0x37, 0x35, 0x04, 0x7A, 0xB3, 0x37, 0x35, 0x7E,
	0x73, 0x37, 0x35, 0xBE, 0x71, 0x5F, 0x40, 0xB6, 0x7E, 0xB3, 0x37, 0x34,
	0x04, 0x7A, 0xB3, 0x37, 0x34, 0x7E, 0x73, 0x37, 0x34, 0xBE, 0x71, 0x5E,
	0x40, 0x90, 0x7E, 0xB3, 0x2D, 0x71, 0x60, 0x1A, 0x14, 0x7A, 0xB3, 0x2D,
	0x71, 0x60, 0x0F, 0x7E, 0xA3, 0x2D, 0x0B, 0xBE, 0xA3, 0x2D, 0x72, 0x68,
	0x05, 0x14, 0x7A, 0xB3, 0x2D, 0x71, 0x74, 0x01, 0x80, 0x01, 0xE4, 0xDA,
	0x3B, 0x22, 0xCA, 0xF8, 0x6C, 0xFF, 0x75, 0xC3, 0xBF, 0x20, 0x33, 0x03,
	0x02, 0xA2, 0x0B, 0xC2, 0x34, 0x30, 0x36, 0x05, 0xC2, 0x36, 0x12, 0xDB,
	0x16, 0x7E, 0x37, 0x2D, 0xE3, 0x09, 0xB3, 0x00, 0x0B, 0x54, 0x1F, 0x0A,
	0x1B, 0x7E, 0x73, 0x18, 0xF3, 0x0A, 0x37, 0x7D, 0x23, 0x1B, 0x24, 0xBD,
	0x21, 0x58, 0x0D, 0x2E, 0x37, 0x2D, 0xE3, 0x2E, 0x34, 0x00, 0x0B, 0x7E,
	0x39, 0xF0, 0x80, 0x02, 0xC2, 0x33, 0x30, 0x33, 0x30, 0x7E, 0x73, 0x18,
	0xF3, 0xBE, 0x70, 0x02, 0x28, 0x1E, 0x7E, 0x37, 0x2D, 0xED, 0x0B, 0x38,
	0x30, 0x1E, 0x34, 0x5E, 0x34, 0x00, 0x01, 0xBE, 0x34, 0x00, 0x00, 0x28,
	0x0B, 0x74, 0xFF, 0x6C, 0x77, 0x12, 0xEE, 0xC6, 0xD2, 0x35, 0x80, 0x0C,
	0x7C, 0xBF, 0x6C, 0x77, 0x12, 0xEE, 0xC6, 0x80, 0x03, 0x12, 0xE6, 0x43,
	0xA2, 0x35, 0xE4, 0x33, 0x78, 0x10, 0x7E, 0xA3, 0x18, 0xF3, 0x7C, 0xBA,
	0x04, 0x7A, 0xB3, 0x18, 0xF3, 0x7C, 0xBA, 0x12, 0x89, 0x8F, 0xA2, 0x33,
	0xE4, 0x33, 0x78, 0x36, 0xE4, 0x7A, 0xB3, 0x18, 0xF3, 0x80, 0x2F, 0x30,
	0x01, 0x12, 0x30, 0x00, 0x0A, 0x30, 0x25, 0x03, 0x12, 0xE1, 0x45, 0xC2,
	0x25, 0x80, 0x1C, 0x12, 0xE1, 0x45, 0x80, 0x17, 0xE5, 0x59, 0x70, 0x13,
	0x12, 0xE7, 0x22, 0x60, 0x0E, 0x12, 0xDE, 0x57, 0x12, 0xEF, 0xEB, 0x12,
	0xD0, 0x39, 0x7C, 0xFB, 0x12, 0x6C, 0x19, 0x12, 0xF5, 0xCA, 0xDA, 0xF8,
	0x22, 0xCA, 0x79, 0x6C, 0xFF, 0x6C, 0xAA, 0x7E, 0xB3, 0x3B, 0x4F, 0x70,
	0x03, 0x02, 0xA3, 0x04, 0x7E, 0x73, 0x3B, 0x80, 0xBE, 0x70, 0x03, 0x40,
	0x09, 0x74, 0x31, 0x7A, 0xB3, 0x3B, 0x54, 0x02, 0xA3, 0x04, 0x7E, 0x08,
	0x3B, 0x55, 0x7E, 0xB3, 0x3B, 0x81, 0x7E, 0x37, 0x3B, 0x82, 0x7E, 0x27,
	0x3B, 0x84, 0x12, 0x87, 0x86, 0x7E, 0xF3, 0x3B, 0x55, 0x7E, 0x08, 0x3B,
	0x5F, 0x7E, 0xB3, 0x3B, 0x86, 0x7E, 0x37, 0x3B, 0x87, 0x7E, 0x27, 0x3B,
	0x89, 0x12, 0x87, 0x86, 0x7E, 0xA3, 0x3B, 0x5F, 0xBE, 0xF0, 0x30, 0x50,
	0x05, 0xBE, 0xA0, 0x30, 0x40, 0x10, 0xBC, 0xAF, 0x50, 0x04, 0x7C, 0x7F,
	0x80, 0x02, 0x7C, 0x7A, 0x7A, 0x73, 0x3B, 0x54, 0x80, 0x5E, 0x4C, 0xFF,
	0x78, 0x0B, 0x4C, 0xAA, 0x78, 0x07, 0xE4, 0x7A, 0xB3, 0x3B, 0x54, 0x80,
	0x4F, 0x74, 0x10, 0x7A, 0xB3, 0x3B, 0x54, 0xBE, 0xF0, 0x20, 0x78, 0x44,
	0xBE, 0xA0, 0x20, 0x78, 0x17, 0x7E, 0x73, 0x3B, 0x68, 0xBE, 0x73, 0x3B,
	0x5E, 0x68, 0x08, 0x74, 0x34, 0x7A, 0xB3, 0x3B, 0x54, 0x80, 0x2D, 0x7E,
	0xE0, 0x11, 0x80, 0x07, 0x4C, 0xAA, 0x78, 0x24, 0x7E, 0xE0, 0x0D, 0x7E,
	0x73, 0x3B, 0x5E, 0x1E, 0x70, 0x2C, 0xE7, 0x7C, 0xBE, 0x12, 0xD5, 0x11,
	0x50, 0x0C, 0x74, 0x20, 0x7A, 0xB3, 0x3B, 0x54, 0x7A, 0xE3, 0x3B, 0x7D,
	0x80, 0x06, 0x74, 0x3F, 0x7A, 0xB3, 0x3B, 0x54, 0xDA, 0x79, 0x22, 0x7E,
	0x34, 0x0D, 0xCC, 0xE4, 0x7E, 0x24, 0x00, 0x1D, 0x12, 0xF2, 0xF7, 0x74,
	0xFF, 0x7A, 0xB3, 0x0D, 0xBB, 0x7E, 0x37, 0x2C, 0x82, 0x7A, 0x37, 0x37,
	0x32, 0xE5, 0x5E, 0x7E, 0x71, 0x5F, 0x7E, 0x61, 0x47, 0x7E, 0x50, 0x01,
	0x7E, 0x17, 0x2C, 0x7C, 0x7E, 0x07, 0x2C, 0x61, 0x12, 0xA9, 0x17, 0x7E,
	0x37, 0x2D, 0xD9, 0x2E, 0x34, 0x00, 0x03, 0x0B, 0x38, 0x30, 0x7E, 0x27,
	0x2D, 0xD9, 0x2E, 0x24, 0x00, 0x05, 0x0B, 0x28, 0x20, 0x7E, 0x17, 0x2D,
	0xDB, 0x6D, 0x00, 0x12, 0xE8, 0x5E, 0x7E, 0x37, 0x2D, 0xE5, 0x12, 0xF2,
	0x1B, 0x12, 0xF5, 0xA0, 0x6C, 0xAA, 0x80, 0x0A, 0xE4, 0x0A, 0x2A, 0x2D,
	0x23, 0x7A, 0x29, 0xB0, 0x0B, 0xA0, 0xBE, 0xA1, 0x5F, 0x40, 0xF1, 0x74,
	0x03, 0x7A, 0xB3, 0x0D, 0xCC, 0x7E, 0x34, 0x0D, 0xE1, 0xE5, 0x50, 0x12,
	0xF0, 0xBE, 0x7E, 0x37, 0x2D, 0xD9, 0x2E, 0x34, 0x00, 0x14, 0x7E, 0x39,
	0xB0, 0x7E, 0x37, 0x2D, 0xD9, 0x2E, 0x34, 0x00, 0x15, 0x7E, 0x39, 0x70,
	0x12, 0xC8, 0xF0, 0x20, 0x01, 0x1B, 0xE4, 0x7A, 0xB3, 0x0E, 0x32, 0xE4,
	0x7A, 0xB3, 0x0D, 0xBA, 0xE5, 0x5F, 0x7E, 0x71, 0x5E, 0x7E, 0x61, 0x50,
	0x7E, 0x17, 0x2D, 0xDF, 0x6D, 0x00, 0x12, 0xC7, 0x04, 0x6D, 0x33, 0x7A,
	0x37, 0x0D, 0xE9, 0x7A, 0x37, 0x0D, 0xF5, 0x7E, 0x34, 0x0D, 0xBC, 0xE4,
	0x7E, 0x24, 0x00, 0x10, 0x12, 0xF2, 0xF7, 0x22, 0xCA, 0x79, 0x7E, 0x73,
	0x04, 0x4C, 0x5E, 0x70, 0x0F, 0x7E, 0x63, 0x04, 0x4D, 0x4C, 0x66, 0x78,
	0x03, 0x02, 0xA4, 0x96, 0x6C, 0x55, 0x0A, 0x15, 0x09, 0xB1, 0x07, 0x27,
	0xBE, 0xB0, 0x01, 0x68, 0x07, 0xE4, 0x0A, 0x15, 0x19, 0xB1, 0x08, 0x3F,
	0x0A, 0x15, 0x09, 0xB1, 0x07, 0x31, 0x70, 0x03, 0x02, 0xA4, 0x8B, 0x0A,
	0x15, 0x09, 0x11, 0x07, 0x27, 0xBE, 0x10, 0x01, 0x68, 0x04, 0xA5, 0xB9,
	0x02, 0x79, 0x0A, 0x15, 0x09, 0x41, 0x07, 0x95, 0x7E, 0x90, 0x10, 0xAC,
	0x94, 0x2E, 0x44, 0x07, 0x9F, 0x0B, 0x48, 0x10, 0x0A, 0x56, 0xBD, 0x51,
	0x08, 0x61, 0xA5, 0xB9, 0x01, 0x5D, 0x0A, 0x05, 0x09, 0x10, 0x07, 0x1D,
	0xBE, 0x13, 0x04, 0x2A, 0x50, 0x51, 0x09, 0x14, 0x00, 0x04, 0x0A, 0x01,
	0x7E, 0xF3, 0x04, 0x12, 0x0A, 0x5F, 0xBD, 0x51, 0x08, 0x02, 0x0B, 0x04,
	0x0A, 0x55, 0x09, 0xE5, 0x08, 0x3F, 0x0A, 0x57, 0xBD, 0x50, 0x48, 0x05,
	0xBE, 0xE0, 0x00, 0x28, 0x28, 0xE4, 0x0A, 0xF5, 0x19, 0xBF, 0x07, 0x1D,
	0x0A, 0x57, 0xBD, 0x50, 0x48, 0x09, 0xBE, 0xE0, 0x00, 0x28, 0x16, 0x1B,
	0xE0, 0x80, 0x12, 0x7E, 0xB3, 0x04, 0x2A, 0x0A, 0xFB, 0x2E, 0xF4, 0x00,
	0x0A, 0x0A, 0x5E, 0xBD, 0x5F, 0x58, 0x02, 0x0B, 0xE0, 0x0A, 0x55, 0x19,
	0xE5, 0x08, 0x3F, 0x0B, 0x50, 0xA5, 0xBD, 0x0A, 0x02, 0x80, 0x03, 0x02,
	0xA3, 0xE6, 0xDA, 0x79, 0x22, 0x7E, 0x34, 0x2C, 0x87, 0x7E, 0x24, 0x01,
	0x02, 0x12, 0xF2, 0x4B, 0x7E, 0xB3, 0x2D, 0x0D, 0x7E, 0x73, 0x2D, 0x0E,
	0x6C, 0x66, 0x12, 0x88, 0x8E, 0x7E, 0x37, 0x2D, 0xE1, 0x0B, 0x35, 0x7E,
	0x39, 0x70, 0x7A, 0x73, 0x2D, 0x02, 0x7E, 0x37, 0x2D, 0xE1, 0x0B, 0x36,
	0x7E, 0x39, 0x70, 0x7A, 0x73, 0x2D, 0x03, 0x7E, 0x37, 0x2D, 0xE1, 0x2E,
	0x34, 0x00, 0x05, 0x7E, 0x39, 0x70, 0x7A, 0x73, 0x2D, 0x04, 0x7E, 0x37,
	0x2D, 0xE1, 0x2E, 0x34, 0x00, 0x09, 0x7E, 0x39, 0x70, 0x7A, 0x73, 0x2D,
	0x05, 0x7E, 0x37, 0x2D, 0xE1, 0x2E, 0x34, 0x00, 0x0A, 0x7E, 0x39, 0x70,
	0x7A, 0x73, 0x2D, 0x06, 0x7E, 0x37, 0x2D, 0xE1, 0x2E, 0x34, 0x00, 0x0B,
	0x7E, 0x39, 0x70, 0x7A, 0x73, 0x2D, 0x07, 0x7E, 0x37, 0x2D, 0xE1, 0x0B,
	0x34, 0x7E, 0x39, 0x70, 0x7A, 0x73, 0x2D, 0x0A, 0xE5, 0x50, 0x7A, 0xB3,
	0x2C, 0x87, 0x7E, 0x37, 0x2D, 0xE1, 0x7E, 0x39, 0xB0, 0x30, 0xE1, 0x0E,
	0x74, 0x01, 0x7A, 0xB3, 0x2C, 0x89, 0x74, 0x01, 0x7A, 0xB3, 0x2C, 0x8A,
	0x80, 0x21, 0x74, 0x03, 0x7A, 0xB3, 0x2C, 0x8B, 0xE4, 0x7A, 0xB3, 0x2C,
	0x89, 0xE4, 0x7A, 0xB3, 0x2C, 0x8A, 0x6C, 0xAA, 0x74, 0xFF, 0x0A, 0x4A,
	0x19, 0xB4, 0x2C, 0xC4, 0x0B, 0xA0, 0xBE, 0xA0, 0x0E, 0x78, 0xF1, 0x74,
	0xFF, 0x7A, 0xB3, 0x2D, 0x82, 0x74, 0x0F, 0x7A, 0xB3, 0x2D, 0x83, 0x22,
	0xCA, 0x3B, 0xE4, 0x7A, 0xB3, 0x04, 0x07, 0x7E, 0xB3, 0x03, 0xC8, 0x60,
	0x03, 0x02, 0xA6, 0x21, 0x7E, 0xF3, 0x04, 0x4B, 0x4C, 0xFF, 0x78, 0x03,
	0x02, 0xA6, 0x21, 0x7E, 0xB3, 0x03, 0xB7, 0x60, 0x03, 0x02, 0xA6, 0x21,
	0x7E, 0xB3, 0x03, 0xB6, 0x70, 0x03, 0x02, 0xA6, 0x21, 0x7E, 0x04, 0x07,
	0x27, 0x7E, 0x44, 0x0A, 0x42, 0x7E, 0x34, 0x05, 0xA1, 0x7E, 0x24, 0x07,
	0x45, 0x7C, 0xAF, 0x5E, 0xA0, 0x0F, 0x78, 0x03, 0x7E, 0xA0, 0x7F, 0x7E,
	0x14, 0xFF, 0xFF, 0x6C, 0xDD, 0x7E, 0xE0, 0xFF, 0x7E, 0xF0, 0x0A, 0x7E,
	0x09, 0xB0, 0xB4, 0x01, 0x25, 0x7E, 0x49, 0xB0, 0xBC, 0xBA, 0x08, 0x06,
	0x74, 0x80, 0x7A, 0xB3, 0x04, 0x07, 0x0B, 0x38, 0xF0, 0xBD, 0xF1, 0x50,
	0x02, 0x7D, 0x1F, 0x7E, 0x29, 0xC0, 0xBC, 0xEC, 0x28, 0x02, 0x7C, 0xEC,
	0xBC, 0xDC, 0x50, 0x02, 0x7C, 0xDC, 0x0B, 0x04, 0x0B, 0x44, 0x2E, 0x34,
	0x00, 0x08, 0x0B, 0x24, 0x1B, 0xF0, 0x78, 0xC7, 0x7E, 0xB3, 0x03, 0xB6,
	0xBE, 0xB0, 0x01, 0x28, 0x2C, 0xBE, 0x14, 0x00, 0x30, 0x38, 0x26, 0x7E,
	0xB3, 0x04, 0x4B, 0x54, 0xF0, 0xC4, 0x23, 0x54, 0x1F, 0x7C, 0xAB, 0x4C,
	0xAB, 0x68, 0x16, 0x0A, 0x2E, 0x0A, 0x3D, 0x9D, 0x32, 0x1A, 0x0A, 0xBD,
	0x30, 0x08, 0x0A, 0x7E, 0xB3, 0x04, 0x07, 0x44, 0x01, 0x7A, 0xB3, 0x04,
	0x07, 0xDA, 0x3B, 0x22, 0xCA, 0x3B, 0x7D, 0x60, 0x7D, 0x71, 0x7A, 0x27,
	0x37, 0x36, 0x7A, 0x37, 0x37, 0x34, 0xBE, 0x74, 0x00, 0x20, 0x08, 0x03,
	0x02, 0xA6, 0xE2, 0xE4, 0x7A, 0xB3, 0x37, 0x39, 0x7E, 0x37, 0x2D, 0xD9,
	0x2E, 0x34, 0x00, 0x0B, 0x7E, 0x39, 0xB0, 0x30, 0xE2, 0x5D, 0x7E, 0x37,
	0x2D, 0xD9, 0x2E, 0x34, 0x00, 0x13, 0x7E, 0x39, 0xB0, 0x12, 0xE5, 0x22,
	0x7E, 0x27, 0x2C, 0x61, 0xE4, 0x7A, 0xB3, 0x37, 0x38, 0x80, 0x20, 0x7E,
	0x63, 0x37, 0x38, 0x7E, 0x70, 0x02, 0xAC, 0x67, 0x7D, 0x13, 0x2E, 0x17,
	0x37, 0x36, 0x0B, 0x18, 0x10, 0x2D, 0x32, 0x1B, 0x38, 0x10, 0x7E, 0xB3,
	0x37, 0x38, 0x04, 0x7A, 0xB3, 0x37, 0x38, 0x7E, 0x73, 0x37, 0x38, 0x0A,
	0x37, 0xBD, 0x37, 0x48, 0xD6, 0x7E, 0x37, 0x37, 0x34, 0x7D, 0x16, 0x7C,
	0xBF, 0x7E, 0x07, 0x2D, 0xD9, 0x2E, 0x04, 0x00, 0x12, 0x7E, 0x09, 0x10,
	0x12, 0x91, 0x43, 0x7A, 0xB3, 0x37, 0x39, 0x7E, 0xB3, 0x37, 0x39, 0x70,
	0x31, 0xE4, 0x7A, 0xB3, 0x37, 0x38, 0x80, 0x20, 0x7E, 0x63, 0x37, 0x38,
	0x7E, 0x70, 0x02, 0xAC, 0x67, 0x7D, 0x23, 0x2E, 0x27, 0x37, 0x34, 0x0B,
	0x28, 0x20, 0x2D, 0x36, 0x1B, 0x38, 0x20, 0x7E, 0xB3, 0x37, 0x38, 0x04,
	0x7A, 0xB3, 0x37, 0x38, 0x7E, 0x73, 0x37, 0x38, 0x0A, 0x37, 0xBD, 0x37,
	0x48, 0xD6, 0xDA, 0x3B, 0x22, 0xCA, 0xF8, 0x7E, 0xA3, 0x3B, 0x80, 0x7E,
	0x37, 0x3B, 0x82, 0x7E, 0x27, 0x3B, 0x84, 0x7E, 0xB3, 0x39, 0x2C, 0x70,
	0x09, 0x7E, 0xB3, 0x39, 0x2D, 0x70, 0x03, 0x02, 0xA7, 0xA2, 0xBE, 0xA0,
	0x02, 0x40, 0x09, 0x74, 0x31, 0x7A, 0xB3, 0x39, 0x2B, 0x02, 0xA7, 0xA2,
	0xBE, 0xA0, 0x01, 0x78, 0x1E, 0x7E, 0xF3, 0x39, 0x2B, 0x4C, 0xFF, 0x78,
	0x0C, 0x12, 0xD3, 0x9C, 0x74, 0x10, 0x7A, 0xB3, 0x39, 0x2B, 0x02, 0xA7,
	0xA2, 0xBE, 0xF0, 0x10, 0x78, 0x74, 0x12, 0xDE, 0x0F, 0x80, 0x6F, 0x7E,
	0xB3, 0x39, 0x2B, 0xB4, 0x10, 0x63, 0x12, 0xDF, 0xB2, 0x7E, 0xB3, 0x39,
	0x2B, 0xB4, 0x10, 0x5E, 0x7E, 0xB3, 0x3A, 0x44, 0xB4, 0x02, 0x1C, 0x7E,
	0xB3, 0x39, 0x30, 0xB4, 0x05, 0x15, 0x74, 0x01, 0x7A, 0xB3, 0x3A, 0x44,
	0x74, 0x06, 0x12, 0xD5, 0x11, 0xE4, 0x33, 0x78, 0x06, 0x74, 0x0B, 0x7A,
	0xB3, 0x39, 0x30, 0x7E, 0x73, 0x3A, 0x44, 0xBE, 0x70, 0x01, 0x38, 0x09,
	0x7E, 0xA3, 0x39, 0x30, 0xBE, 0xA0, 0xFF, 0x78, 0x08, 0x74, 0x3E, 0x7A,
	0xB3, 0x39, 0x2B, 0x80, 0x21, 0x7C, 0xBA, 0x04, 0x12, 0xD5, 0x11, 0x50,
	0x19, 0x74, 0x20, 0x7A, 0xB3, 0x39, 0x2B, 0x7E, 0x73, 0x39, 0x30, 0x0A,
	0x37, 0x0B, 0x34, 0x7A, 0x73, 0x3B, 0x7D, 0x80, 0x05, 0xE4, 0x7A, 0xB3,
	0x39, 0x2B, 0xDA, 0xF8, 0x22, 0xCA, 0x3B, 0x7F, 0x30, 0x7C, 0xAB, 0xE4,
	0x7A, 0xB3, 0x39, 0x21, 0xE4, 0x7A, 0xB3, 0x39, 0x26, 0x7C, 0xBA, 0x7E,
	0x34, 0x39, 0x21, 0x12, 0x76, 0x16, 0x7C, 0xAB, 0x7E, 0xB3, 0x39, 0x21,
	0x60, 0x04, 0x74, 0x80, 0x80, 0x01, 0xE4, 0x7E, 0x47, 0x39, 0x22, 0x7D,
	0x24, 0x1A, 0x24, 0x5E, 0x24, 0x00, 0x3F, 0x0A, 0x3B, 0x2D, 0x32, 0x7C,
	0xB7, 0x7A, 0x3B, 0xB0, 0x0B, 0x74, 0x7E, 0x37, 0x39, 0x22, 0x7C, 0xB7,
	0x7A, 0x3B, 0xB0, 0x0B, 0x74, 0x7E, 0x37, 0x39, 0x24, 0x1A, 0x36, 0x7C,
	0xB7, 0x54, 0x3F, 0x7A, 0x3B, 0xB0, 0x0B, 0x74, 0x7E, 0x37, 0x39, 0x24,
	0x7C, 0xB7, 0x7A, 0x3B, 0xB0, 0x0B, 0x74, 0x0B, 0x74, 0x0B, 0x74, 0x0B,
	0x74, 0x7E, 0xB3, 0x39, 0x26, 0x60, 0x04, 0x74, 0x80, 0x80, 0x01, 0xE4,
	0x7E, 0x47, 0x39, 0x27, 0x7D, 0x24, 0x1A, 0x24, 0x5E, 0x24, 0x00, 0x3F,
	0x0A, 0x3B, 0x2D, 0x32, 0x7C, 0xB7, 0x7A, 0x3B, 0xB0, 0x0B, 0x74, 0x7E,
	0x37, 0x39, 0x27, 0x7C, 0xB7, 0x7A, 0x3B, 0xB0, 0x0B, 0x74, 0x7E, 0x37,
	0x39, 0x29, 0x1A, 0x36, 0x7C, 0xB7, 0x54, 0x3F, 0x7A, 0x3B, 0xB0, 0x0B,
	0x74, 0x7E, 0x37, 0x39, 0x29, 0x7C, 0xB7, 0x7A, 0x3B, 0xB0, 0xBE, 0xA0,
	0x01, 0x78, 0x02, 0x0B, 0xA0, 0x7C, 0xBA, 0xDA, 0x3B, 0x22, 0xCA, 0x3B,
	0x7D, 0x40, 0x7D, 0xF1, 0x7D, 0x12, 0x7D, 0x03, 0x7C, 0xAB, 0x74, 0x08,
	0x7D, 0x3F, 0x9E, 0x37, 0x37, 0x3C, 0x9E, 0x47, 0x37, 0x3E, 0xBE, 0x34,
	0x00, 0x00, 0x58, 0x06, 0x6D, 0xEE, 0x9D, 0xE3, 0x80, 0x02, 0x7D, 0xE3,
	0xBE, 0x44, 0x00, 0x00, 0x58, 0x06, 0x6D, 0xFF, 0x9D, 0xF4, 0x80, 0x02,
	0x7D, 0xF4, 0xBD, 0x0E, 0x28, 0x04, 0xBD, 0x1F, 0x38, 0x7A, 0x4C, 0xAA,
	0x78, 0x1C, 0x7D, 0xDE, 0x3E, 0xD4, 0x3E, 0xD4, 0x3E, 0xD4, 0x3E, 0xD4,
	0x8D, 0xD0, 0x7D, 0xED, 0x7D, 0x0F, 0x3E, 0x04, 0x3E, 0x04, 0x3E, 0x04,
	0x3E, 0x04, 0x8D, 0x01, 0x7D, 0xF1, 0x7E, 0x14, 0x00, 0x6A, 0x7D, 0xDE,
	0xAD, 0xD1, 0x7D, 0x7D, 0x7D, 0x6C, 0x7C, 0xFE, 0x7C, 0xED, 0x0A, 0x6C,
	0x7D, 0x27, 0xAD, 0x1F, 0x7C, 0x32, 0x7C, 0x21, 0x0A, 0x00, 0x7D, 0x51,
	0xBD, 0x5E, 0x28, 0x04, 0x74, 0x02, 0x80, 0x09, 0xBD, 0x2F, 0x28, 0x03,
	0xE4, 0x80, 0x02, 0x74, 0x01, 0xBE, 0x34, 0x00, 0x00, 0x58, 0x08, 0x0A,
	0x3B, 0x7E, 0x54, 0x00, 0x04, 0x9D, 0x53, 0xBE, 0x44, 0x00, 0x00, 0x58,
	0x08, 0x0A, 0x4B, 0x7E, 0x54, 0x00, 0x08, 0x9D, 0x54, 0x0A, 0x1B, 0x7E,
	0x24, 0x00, 0x08, 0x7D, 0x32, 0x9D, 0x31, 0x12, 0x8C, 0x88, 0x7C, 0xB5,
	0xDA, 0x3B, 0x22, 0xCA, 0x3B, 0x7D, 0x70, 0x7D, 0x61, 0x7A, 0x53, 0x37,
	0x31, 0x7A, 0x63, 0x37, 0x30, 0x7A, 0x73, 0x37, 0x2F, 0x7A, 0xB3, 0x37,
	0x2E, 0x7E, 0x34, 0x03, 0x00, 0x7E, 0x24, 0x01, 0x10, 0x12, 0xF2, 0xA4,
	0x7E, 0x34, 0x05, 0xA1, 0x7E, 0x24, 0x05, 0x1E, 0x12, 0xF2, 0xA4, 0x7E,
	0x34, 0x05, 0x16, 0x7E, 0x24, 0x00, 0x8B, 0x12, 0xF2, 0xA4, 0x7E, 0x73,
	0x37, 0x31, 0x7A, 0x73, 0x05, 0x16, 0x7E, 0x73, 0x37, 0x2E, 0x7A, 0x73,
	0x05, 0x17, 0x7E, 0x73, 0x37, 0x2F, 0x7A, 0x73, 0x05, 0x18, 0x7E, 0x73,
	0x37, 0x30, 0x7A, 0x73, 0x05, 0x19, 0x7A, 0x67, 0x03, 0x0E, 0x7E, 0x34,
	0xB0, 0x00, 0x7A, 0x37, 0x03, 0x10, 0x7A, 0x77, 0x05, 0x14, 0x7E, 0x37,
	0x37, 0x32, 0x7A, 0x37, 0x03, 0x00, 0x7E, 0xB3, 0x05, 0x16, 0x60, 0x0E,
	0x7E, 0x73, 0x05, 0x18, 0x7A, 0x73, 0x05, 0x1A, 0x7E, 0x73, 0x05, 0x17,
	0x80, 0x0C, 0x7E, 0x73, 0x05, 0x17, 0x7A, 0x73, 0x05, 0x1A, 0x7E, 0x73,
	0x05, 0x18, 0x7A, 0x73, 0x05, 0x1B, 0x7E, 0x34, 0x80, 0x00, 0x7A, 0x37,
	0x08, 0xDF, 0x7A, 0x37, 0x08, 0xE1, 0x74, 0x01, 0x12, 0xBB, 0xBB, 0x74,
	0x01, 0x12, 0xE2, 0x07, 0xE4, 0x12, 0xEF, 0xCB, 0x74, 0x0C, 0x12, 0xED,
	0x3F, 0xDA, 0x3B, 0x22, 0xCA, 0x79, 0x7C, 0xAB, 0x7E, 0x24, 0x3A, 0x7C,
	0xE4, 0x7D, 0x32, 0x2E, 0x34, 0x00, 0x13, 0x7D, 0x72, 0x2E, 0x74, 0x00,
	0x53, 0xBE, 0xA0, 0x00, 0x58, 0x4E, 0x7E, 0x34, 0x0E, 0x07, 0x7D, 0x27,
	0x2E, 0x24, 0x00, 0x0E, 0x7E, 0x14, 0x00, 0x14, 0x12, 0xF3, 0x47, 0x7E,
	0x34, 0x0E, 0x1B, 0x7D, 0x27, 0x2E, 0x24, 0x00, 0x22, 0x7E, 0x14, 0x00,
	0x14, 0x12, 0xF3, 0x47, 0x7E, 0x34, 0x0D, 0xF7, 0x7D, 0x27, 0x0B, 0x26,
	0x7E, 0x14, 0x00, 0x0A, 0x12, 0xF3, 0x47, 0x7E, 0x34, 0x0D, 0xEB, 0x7D,
	0x27, 0x2E, 0x24, 0x00, 0x36, 0x7E, 0x14, 0x00, 0x0A, 0x12, 0xF3, 0x47,
	0x09, 0x77, 0x00, 0x03, 0x7A, 0x73, 0x0E, 0x31, 0x74, 0x01, 0x80, 0x49,
	0x7C, 0x2A, 0x09, 0xB2, 0x00, 0x02, 0x70, 0x02, 0x0B, 0x20, 0x09, 0x32,
	0x00, 0x01, 0xAC, 0x23, 0x7D, 0x51, 0x5E, 0x54, 0x00, 0x0F, 0x7E, 0x39,
	0xA0, 0x1A, 0x0A, 0x3E, 0x04, 0x3E, 0x04, 0x3E, 0x04, 0x3E, 0x04, 0x7E,
	0x79, 0xA0, 0x1A, 0x2A, 0x3E, 0x24, 0x3E, 0x24, 0x3E, 0x24, 0x3E, 0x24,
	0xBD, 0x01, 0x18, 0x13, 0xBD, 0x21, 0x48, 0x0F, 0xBD, 0x21, 0x78, 0x04,
	0x70, 0x02, 0x74, 0x10, 0x7D, 0x27, 0x12, 0x7B, 0x34, 0x80, 0x02, 0x74,
	0xFF, 0xDA, 0x79, 0x22, 0xBB, 0xBC, 0xE3, 0x41, 0xF7, 0x4E, 0xF5, 0x7A,
	0xB5, 0x33, 0xD1, 0x0C, 0x3C, 0xF0, 0x1C, 0xAF, 0xA9, 0x87, 0x91, 0xBA,
	0x9C, 0xFA, 0xB6, 0x9A, 0x8C, 0xE4, 0x81, 0xF9, 0xAD, 0xD8, 0x6D, 0xFC,
	0x03, 0x38, 0xD5, 0x50, 0x87, 0x46, 0x0A, 0x78, 0x94, 0x0F, 0x68, 0x15,
	0x5D, 0xF8, 0x7C, 0x12, 0xB3, 0x8D, 0xEA, 0x77, 0x6C, 0xD8, 0x2B, 0x42,
	0x90, 0xE9, 0xD5, 0x14, 0xB7, 0x4C, 0x0E, 0x8C, 0x3B, 0x8A, 0x39, 0x9D,
	0x95, 0x94, 0xA6, 0x36, 0x1F, 0x1B, 0x4E, 0x8F, 0x8A, 0xB1, 0x3C, 0xFB,
	0x3F, 0xC9, 0xE5, 0x78, 0xF6, 0x65, 0xEC, 0xEA, 0x4D, 0x06, 0x1B, 0x4E,
	0x92, 0x38, 0x8D, 0xB4, 0x92, 0xCD, 0xE1, 0x56, 0x39, 0x14, 0xDB, 0x26,
	0x20, 0x1B, 0x59, 0x9A, 0x89, 0xF0, 0xFE, 0xA0, 0xD2, 0xCB, 0xFB, 0xEE,
	0xCE, 0x8E, 0x56, 0xA8, 0x29, 0xAB, 0x8E, 0x8A, 0x3B, 0x40, 0x19, 0x0A,
	0xE9, 0x02, 0xF1, 0xAD, 0xFD, 0xC3, 0x4C, 0x80, 0x14, 0x36, 0xB3, 0xD8,
	0x12, 0xAD, 0x7C, 0x75, 0xA8, 0x02, 0xFB, 0x8D, 0xF5, 0x65, 0x53, 0xD4,
	0xBA, 0xB6, 0xC5, 0xAC, 0x25, 0x30, 0xF4, 0x65, 0xD3, 0x87, 0x63, 0x59,
	0x60, 0xC5, 0x30, 0x3C, 0x2E, 0x77, 0x59, 0xEF, 0xCE, 0x03, 0x03, 0xB5,
	0x12, 0xB3, 0x36, 0x5F, 0x78, 0xE0, 0xD3, 0xE3, 0x6D, 0xFD, 0x77, 0x2A,
	0x16, 0x69, 0x7F, 0xD5, 0xFD, 0x5F, 0x52, 0x0A, 0xED, 0xAA, 0xDA, 0xF2,
	0x5E, 0xA7, 0x7E, 0xAF, 0x53, 0xF1, 0x2B, 0xED, 0x89, 0x35, 0x75, 0x71,
	0x7E, 0xEA, 0xEB, 0x5B, 0x21, 0x06, 0x24, 0xDB, 0x52, 0x54, 0xA9, 0x31,
	0x74, 0x16, 0x49, 0x97, 0xAB, 0x8D, 0xE6, 0x10, 0x1E, 0x13, 0x60, 0x1E,
	0xC6, 0xE9, 0x94, 0xE3, 0x30, 0xDA, 0x26, 0xBF, 0x2F, 0x5C, 0x94, 0x4C,
	0x69, 0xCA, 0xA4, 0xF2, 0x44, 0xEF, 0xD4, 0x5C, 0x05, 0x64, 0x4E, 0x7F,
	0x48, 0x8D, 0xF4, 0x23, 0x10, 0xB8, 0x30, 0xEF, 0x09, 0x98, 0xF7, 0x0D,
	0xD8, 0xAD, 0xB1, 0x53, 0x0C, 0xD4, 0x11, 0x0C, 0xE7, 0x8A, 0x5F, 0xD6,
	0xD3, 0x9D, 0xF5, 0x19, 0x09, 0x5A, 0x4A, 0x26, 0xB5, 0x72, 0x4A, 0xF9,
	0xE4, 0x9E, 0x79, 0x25, 0xB3, 0x4C, 0x0C, 0xE3, 0xAF, 0xC9, 0x63, 0x6B,
	0x77, 0xC5, 0x29, 0x63, 0xE1, 0x15, 0x81, 0xA2, 0xD0, 0x96, 0x06, 0x1D,
	0x7E, 0x21, 0xEB, 0x25, 0x49, 0xD9, 0x2F, 0x58, 0x74, 0x61, 0x88, 0xF3,
	0xC6, 0xA5, 0x8D, 0xD8, 0x84, 0xE0, 0x4A, 0x7A, 0x3B, 0x77, 0xA7, 0x8E,
	0x3E, 0x52, 0x7B, 0xA6, 0xEB, 0xE6, 0xFE, 0x14, 0x87, 0xF0, 0xA4, 0x12,
	0xB3, 0xD9, 0xC3, 0x13, 0x60, 0x0D, 0x0B, 0x28, 0x10, 0x1B, 0x38, 0x10,
	0x0B, 0x35, 0x0B, 0x25, 0x14, 0x70, 0xF3, 0x50, 0x06, 0x7E, 0x29, 0x20,
	0x7A, 0x39, 0x20, 0x22, 0x6D, 0x00, 0xBD, 0x10, 0x68, 0x17, 0x7E, 0x29,
	0xA0, 0x4D, 0x33, 0x68, 0x05, 0x7A, 0x39, 0xA0, 0x0B, 0x34, 0x2C, 0xBA,
	0x23, 0x0B, 0x24, 0x0B, 0x04, 0xBD, 0x01, 0x78, 0xE9, 0x22, 0x7C, 0x03,
	0xBE, 0x00, 0x00, 0x68, 0x17, 0x0A, 0x42, 0x3E, 0x44, 0x0B, 0x28, 0x10,
	0x1B, 0x38, 0x10, 0xA5, 0x2A, 0x23, 0xA5, 0x2B, 0x23, 0x0B, 0x35, 0x2D,
	0x24, 0xA5, 0xD8, 0xED, 0x22, 0xBE, 0x14, 0x00, 0x00, 0x68, 0x26, 0x6C,
	0x00, 0xBE, 0x40, 0x00, 0x78, 0x14, 0xBE, 0x50, 0x80, 0x40, 0x0F, 0xC2,
	0xAF, 0x00, 0x43, 0xB9, 0x80, 0x0B, 0x28, 0x00, 0x53, 0xB9, 0x7F, 0xD2,
	0xAF, 0x00, 0x7A, 0x39, 0x00, 0x0B, 0x34, 0x0B, 0x24, 0x1B, 0x14, 0x80,
	0xD4, 0x22, 0xBE, 0x14, 0x00, 0x00, 0x68, 0x26, 0xBE, 0x60, 0x00, 0x78,
	0x21, 0xBE, 0x70, 0x80, 0x40, 0x14, 0xC2, 0xAF, 0x00, 0x7E, 0x29, 0x10,
	0x7C, 0x01, 0x43, 0xB9, 0x80, 0x1B, 0x38, 0x00, 0x53, 0xB9, 0x7F, 0xD2,
	0xAF, 0x00, 0x0B, 0x34, 0x0B, 0x24, 0x1B, 0x14, 0x80, 0xD4, 0x22, 0x7C,
	0xAB, 0xBE, 0xA0, 0x01, 0x78, 0x03, 0x02, 0xAD, 0x3E, 0xE4, 0x7A, 0xB3,
	0x04, 0x08, 0xBE, 0xA0, 0x02, 0x68, 0x03, 0x02, 0xAD, 0x44, 0x7E, 0xB3,
	0x04, 0x70, 0x20, 0xE2, 0x03, 0x02, 0xAD, 0x44, 0x7E, 0xF4, 0xC1, 0x50,
	0x7D, 0x4F, 0x2E, 0x44, 0x00, 0x10, 0x7E, 0x63, 0x05, 0x1B, 0x7E, 0x73,
	0x05, 0x1A, 0x09, 0x1F, 0x00, 0x04, 0xBE, 0x10, 0x00, 0x28, 0x02, 0x1B,
	0x10, 0x09, 0x3F, 0x00, 0x05, 0x0A, 0xE7, 0x1B, 0xE4, 0x0A, 0x53, 0xBD,
	0x5E, 0x58, 0x02, 0x0B, 0x30, 0x09, 0x44, 0x00, 0x04, 0xBE, 0x40, 0x00,
	0x28, 0x02, 0x1B, 0x40, 0x09, 0x24, 0x00, 0x05, 0x0A, 0x52, 0xBD, 0x5E,
	0x58, 0x02, 0x0B, 0x20, 0x09, 0x5F, 0x00, 0x06, 0xBE, 0x50, 0x00, 0x28,
	0x02, 0x1B, 0x50, 0x09, 0x7F, 0x00, 0x07, 0x0A, 0xF6, 0x1B, 0xF4, 0x0A,
	0x57, 0xBD, 0x5F, 0x58, 0x02, 0x0B, 0x70, 0x09, 0xA4, 0x00, 0x06, 0xBE,
	0xA0, 0x00, 0x28, 0x02, 0x1B, 0xA0, 0x09, 0x64, 0x00, 0x07, 0x0A, 0x46,
	0xBD, 0x4F, 0x58, 0x02, 0x0B, 0x60, 0xBC, 0x21, 0x40, 0x0C, 0xBC, 0x43,
	0x38, 0x08, 0xBC, 0x65, 0x40, 0x04, 0xBC, 0xA7, 0x28, 0x06, 0x74, 0x01,
	0x7A, 0xB3, 0x04, 0x08, 0x22, 0xCA, 0xD8, 0xCA, 0x79, 0x7C, 0xD6, 0x7C,
	0xF7, 0x7C, 0xEB, 0xE5, 0x52, 0x20, 0xE2, 0x03, 0x02, 0xAD, 0xEC, 0x12,
	0xD6, 0x7D, 0x12, 0xE3, 0x7F, 0xBE, 0xE0, 0x00, 0x28, 0x08, 0x0A, 0x3E,
	0xBE, 0x37, 0x28, 0x1F, 0x48, 0x21, 0xBE, 0xF0, 0x00, 0x28, 0x60, 0x7E,
	0x37, 0x28, 0x19, 0xBE, 0x34, 0x00, 0x00, 0x58, 0x08, 0x6D, 0x22, 0x9E,
	0x27, 0x28, 0x19, 0x80, 0x04, 0x7E, 0x27, 0x28, 0x19, 0x0A, 0x3F, 0xBD,
	0x23, 0x08, 0x44, 0x74, 0x01, 0x7A, 0xB3, 0x18, 0xF9, 0x7E, 0xB3, 0x2C,
	0x84, 0x04, 0x7A, 0xB3, 0x2C, 0x84, 0x12, 0xD6, 0xD6, 0xB4, 0x01, 0x38,
	0x7E, 0xB3, 0x2C, 0x60, 0xBE, 0xB0, 0xFF, 0x50, 0x05, 0x04, 0x7A, 0xB3,
	0x2C, 0x60, 0x7E, 0x37, 0x2D, 0xD9, 0x09, 0x73, 0x00, 0x18, 0xBE, 0x73,
	0x2C, 0x60, 0x78, 0x1C, 0xE4, 0x7A, 0xB3, 0x2C, 0x60, 0xE4, 0x7E, 0x34,
	0x2E, 0x53, 0x7E, 0x24, 0x00, 0x00, 0x7A, 0x1B, 0xB0, 0x80, 0x09, 0x7E,
	0xB3, 0x2B, 0xB0, 0x04, 0x7A, 0xB3, 0x2B, 0xB0, 0xE4, 0x12, 0xDC, 0x00,
	0x7E, 0xB3, 0x18, 0xF9, 0x70, 0x0A, 0x7C, 0xBD, 0x12, 0x83, 0x5A, 0x74,
	0x01, 0x12, 0xDB, 0xB2, 0xDA, 0x79, 0xDA, 0xD8, 0x22, 0x7D, 0x02, 0x7D,
	0x13, 0x74, 0x01, 0x19, 0xB0, 0x00, 0x09, 0x09, 0x60, 0x00, 0x08, 0x7D,
	0x21, 0x2E, 0x24, 0x00, 0x08, 0x7E, 0x29, 0x70, 0x2C, 0x76, 0x7A, 0x29,
	0x70, 0x09, 0x60, 0x00, 0x0A, 0x7D, 0x21, 0x2E, 0x24, 0x00, 0x0A, 0x7E,
	0x29, 0x70, 0x2C, 0x76, 0x7A, 0x29, 0x70, 0x09, 0x70, 0x00, 0x04, 0x09,
	0x61, 0x00, 0x04, 0xBC, 0x67, 0x28, 0x04, 0x19, 0x71, 0x00, 0x04, 0x09,
	0x70, 0x00, 0x05, 0x09, 0x61, 0x00, 0x05, 0xBC, 0x67, 0x50, 0x04, 0x19,
	0x71, 0x00, 0x05, 0x09, 0x70, 0x00, 0x06, 0x09, 0x61, 0x00, 0x06, 0xBC,
	0x67, 0x28, 0x04, 0x19, 0x71, 0x00, 0x06, 0x09, 0x70, 0x00, 0x07, 0x09,
	0x61, 0x00, 0x07, 0xBC, 0x67, 0x50, 0x04, 0x19, 0x71, 0x00, 0x07, 0x49,
	0x30, 0x00, 0x02, 0x49, 0x21, 0x00, 0x02, 0xBD, 0x23, 0x58, 0x04, 0x59,
	0x31, 0x00, 0x02, 0x0B, 0x08, 0x00, 0x0B, 0x18, 0x30, 0xBD, 0x30, 0x08,
	0x03, 0x1B, 0x18, 0x00, 0x09, 0x71, 0x00, 0x04, 0x19, 0x71, 0x00, 0x0C,
	0x09, 0x71, 0x00, 0x05, 0x19, 0x71, 0x00, 0x0D, 0x09, 0x71, 0x00, 0x06,
	0x19, 0x71, 0x00, 0x0E, 0x09, 0x71, 0x00, 0x07, 0x19, 0x71, 0x00, 0x0F,
	0x22, 0x7C, 0xAB, 0x54, 0x03, 0x0A, 0x3B, 0x6D, 0x22, 0x2E, 0x24, 0x00,
	0xFF, 0x2E, 0x18, 0xF8, 0x02, 0x7E, 0x1B, 0x30, 0x7E, 0x73, 0x12, 0xEF,
	0x7E, 0x07, 0x2C, 0x65, 0x7D, 0x20, 0x5E, 0x24, 0x08, 0x00, 0x68, 0x1F,
	0x5E, 0x04, 0x01, 0x00, 0x68, 0x06, 0x7E, 0x73, 0x12, 0xF0, 0x80, 0x13,
	0x7C, 0xBA, 0x54, 0x02, 0x0A, 0x5B, 0x6D, 0x44, 0x2E, 0x44, 0x00, 0xFF,
	0x2E, 0x28, 0xF8, 0x02, 0x7E, 0x2B, 0x30, 0x30, 0x0F, 0x09, 0x7E, 0x20,
	0x01, 0x20, 0x00, 0x03, 0x4E, 0x30, 0x20, 0x7C, 0xB3, 0x54, 0x02, 0x0A,
	0x0B, 0x4D, 0x00, 0x68, 0x04, 0xE5, 0x5E, 0x80, 0x01, 0xE4, 0xF5, 0x49,
	0x7C, 0xB3, 0x54, 0x04, 0x0A, 0x0B, 0x4D, 0x00, 0x68, 0x04, 0x7C, 0xB7,
	0x80, 0x01, 0xE4, 0xF5, 0x43, 0x7C, 0xB3, 0x54, 0x08, 0x0A, 0x0B, 0x4D,
	0x00, 0x68, 0x06, 0x7E, 0xB3, 0x18, 0xF6, 0x80, 0x01, 0xE4, 0xF5, 0x48,
	0x7C, 0xB3, 0x54, 0x20, 0x0A, 0x3B, 0x4D, 0x33, 0x68, 0x04, 0x7C, 0xB2,
	0x80, 0x01, 0xE4, 0xF5, 0x40, 0x75, 0x41, 0x00, 0xE5, 0x43, 0x0A, 0x3B,
	0x7C, 0x37, 0x7A, 0x31, 0x45, 0xE5, 0x49, 0x0A, 0x4B, 0x0A, 0x53, 0x2D,
	0x54, 0xF5, 0x44, 0x22, 0xCA, 0xF8, 0x7D, 0x41, 0x7D, 0x12, 0x7C, 0xF7,
	0x7C, 0xAB, 0x7E, 0xF7, 0x39, 0x0D, 0x7E, 0xE4, 0x2D, 0x8F, 0x7E, 0x19,
	0x70, 0xBE, 0x70, 0x20, 0x68, 0x04, 0xA5, 0xBF, 0x00, 0x0A, 0x7E, 0xE9,
	0xB0, 0x54, 0x7F, 0x7A, 0xE9, 0xB0, 0x80, 0x2E, 0xBE, 0x70, 0x10, 0x68,
	0x29, 0xBE, 0x70, 0x08, 0x68, 0x24, 0x0B, 0x48, 0x30, 0x0B, 0x08, 0x20,
	0x7D, 0xD3, 0x5E, 0xD4, 0x3F, 0xFF, 0x4E, 0xD4, 0x80, 0x00, 0x1B, 0xE8,
	0xD0, 0x7D, 0xD2, 0x5E, 0xD4, 0x3F, 0xFF, 0x59, 0xDE, 0x00, 0x02, 0x7E,
	0xF9, 0xB0, 0x19, 0xBE, 0x00, 0x04, 0x0B, 0x14, 0x2E, 0xE4, 0x00, 0x07,
	0x0B, 0x45, 0x0B, 0x05, 0x0B, 0xF4, 0x1B, 0xA0, 0x78, 0xAC, 0x6C, 0xAA,
	0x7E, 0x70, 0x01, 0x6C, 0x66, 0x80, 0x13, 0x7E, 0x19, 0xB0, 0x0A, 0x2B,
	0x5E, 0x24, 0x00, 0x13, 0x68, 0x02, 0x4C, 0xA7, 0x3E, 0x70, 0x0B, 0x14,
	0x0B, 0x60, 0xBC, 0xF6, 0x38, 0xE9, 0x7A, 0xA3, 0x2D, 0x8E, 0x7E, 0xB3,
	0x2D, 0x8B, 0x54, 0x8F, 0x7A, 0xB3, 0x2D, 0x8B, 0x7E, 0xE7, 0x39, 0x0F,
	0x7E, 0xE9, 0xB0, 0xC4, 0x54, 0xF0, 0x7C, 0x7B, 0x4E, 0x73, 0x2D, 0x8B,
	0x7A, 0x73, 0x2D, 0x8B, 0xDA, 0xF8, 0x22, 0xCA, 0x3B, 0x7C, 0xF1, 0x7C,
	0xEB, 0x7D, 0xF1, 0x7D, 0x42, 0x7D, 0xE3, 0x0B, 0x48, 0x50, 0xBE, 0x54,
	0x80, 0x00, 0x78, 0x03, 0x02, 0xB0, 0x99, 0x7D, 0x3F, 0x6C, 0xDD, 0x80,
	0x1A, 0x0B, 0x38, 0x10, 0x7E, 0x50, 0x02, 0xAC, 0x5D, 0x2D, 0x2E, 0x1B,
	0x28, 0x10, 0x6D, 0x22, 0x1B, 0x38, 0x20, 0x1A, 0x2F, 0x3E, 0x24, 0x2D,
	0x32, 0x0B, 0xD0, 0xBC, 0xED, 0x38, 0xE2, 0x6C, 0xDD, 0x80, 0x62, 0x0B,
	0x48, 0xD0, 0x0B, 0x45, 0xBE, 0xD4, 0xFF, 0x00, 0x68, 0x55, 0x74, 0x02,
	0xAC, 0xBD, 0x2D, 0x5E, 0x0B, 0x58, 0xC0, 0x7D, 0x5D, 0x1A, 0x5A, 0x7C,
	0xCB, 0x7D, 0x1D, 0x6C, 0x22, 0x7A, 0x33, 0x37, 0x45, 0x7D, 0x3C, 0x1A,
	0x26, 0x1A, 0x24, 0x6D, 0x00, 0x12, 0x8C, 0xBA, 0x2E, 0x18, 0x00, 0x80,
	0x7C, 0x76, 0x7C, 0x65, 0x7D, 0xB3, 0x1A, 0x3F, 0x1A, 0x2C, 0xAD, 0x32,
	0x3E, 0x34, 0x2D, 0x3F, 0xBE, 0xC0, 0x00, 0x48, 0x0C, 0x7D, 0x5C, 0x9D,
	0x5B, 0x0B, 0x38, 0x20, 0x2D, 0x25, 0x1B, 0x38, 0x20, 0x1A, 0x2F, 0x3E,
	0x24, 0x2D, 0x32, 0x0B, 0x38, 0x20, 0x2D, 0x2B, 0x1B, 0x38, 0x20, 0x0B,
	0xD0, 0xBC, 0xED, 0x38, 0x9A, 0xDA, 0x3B, 0x22, 0xCA, 0x3B, 0x7C, 0xD5,
	0x7D, 0x73, 0x7C, 0xCB, 0x7E, 0xB3, 0x04, 0x0F, 0x60, 0x03, 0x02, 0xB1,
	0x41, 0x7E, 0xB3, 0x04, 0x0E, 0x60, 0x07, 0x7D, 0x37, 0x7C, 0xBD, 0x12,
	0xF0, 0xBE, 0x6C, 0xAA, 0x7E, 0xB3, 0x03, 0xBC, 0xBE, 0xB0, 0x0A, 0x28,
	0x11, 0x7E, 0xB3, 0x03, 0xBA, 0x60, 0x13, 0x74, 0x01, 0x7A, 0xB3, 0x37,
	0x45, 0x7E, 0xA0, 0x01, 0x80, 0x08, 0x7E, 0xA0, 0x01, 0xE4, 0x7A, 0xB3,
	0x37, 0x45, 0x4C, 0xAA, 0x68, 0x2D, 0x6C, 0xAA, 0x80, 0x25, 0x7E, 0xB3,
	0x37, 0x45, 0x60, 0x0E, 0x1A, 0x2A, 0x3E, 0x24, 0x2D, 0x27, 0x0B, 0x28,
	0x30, 0x4E, 0x70, 0x01, 0x80, 0x0C, 0x1A, 0x2A, 0x3E, 0x24, 0x2D, 0x27,
	0x0B, 0x28, 0x30, 0x5E, 0x70, 0xFE, 0x1B, 0x28, 0x30, 0x0B, 0xA0, 0xBC,
	0xDA, 0x18, 0xD7, 0x1A, 0x2C, 0x3E, 0x24, 0x2D, 0x27, 0x0B, 0x28, 0x30,
	0x7C, 0xB7, 0x54, 0x01, 0x7A, 0xB3, 0x37, 0x45, 0x5E, 0x70, 0xFE, 0x1B,
	0x28, 0x30, 0x1A, 0x3C, 0x3E, 0x34, 0x2D, 0x37, 0x0B, 0x38, 0x30, 0x3E,
	0x34, 0x1E, 0x34, 0x1E, 0x34, 0x7A, 0x37, 0x03, 0xAE, 0x7E, 0x73, 0x37,
	0x45, 0x7A, 0x73, 0x03, 0xBA, 0xDA, 0x3B, 0x22, 0xCA, 0x3B, 0xE5, 0x52,
	0x20, 0xE2, 0x04, 0xE4, 0x02, 0xB1, 0xE8, 0x7E, 0x74, 0x18, 0xFE, 0xE4,
	0x7A, 0xB3, 0x37, 0x2F, 0x6C, 0xDD, 0x6C, 0xCC, 0x02, 0xB1, 0xDE, 0x74,
	0x04, 0x7C, 0x7C, 0x12, 0xB8, 0xCC, 0x7A, 0x37, 0x37, 0x30, 0xE4, 0x7A,
	0xB3, 0x37, 0x2E, 0x80, 0x30, 0x7E, 0x63, 0x37, 0x2E, 0x7E, 0x70, 0x02,
	0xAC, 0x67, 0x2E, 0x37, 0x37, 0x30, 0x0B, 0x38, 0x20, 0x7E, 0x63, 0x37,
	0x2F, 0x7E, 0x70, 0x02, 0xAC, 0x67, 0x2D, 0x37, 0x1B, 0x38, 0x20, 0x7E,
	0xB3, 0x37, 0x2F, 0x04, 0x7A, 0xB3, 0x37, 0x2F, 0x7E, 0xB3, 0x37, 0x2E,
	0x04, 0x7A, 0xB3, 0x37, 0x2E, 0x7E, 0x73, 0x37, 0x2E, 0xBE, 0x71, 0x5F,
	0x40, 0xC7, 0x12, 0xD6, 0x7D, 0x60, 0x2D, 0x7E, 0x10, 0x02, 0xAC, 0x1D,
	0xE5, 0x46, 0x0A, 0x2B, 0x7E, 0x34, 0x01, 0x80, 0xAD, 0x32, 0x7D, 0x23,
	0x2D, 0x20, 0x2E, 0x24, 0x12, 0xF1, 0x7A, 0x27, 0x37, 0x32, 0x7E, 0x37,
	0x37, 0x30, 0xE5, 0x5F, 0x0A, 0x1B, 0x2E, 0x04, 0x0E, 0x80, 0x12, 0xA6,
	0x24, 0x2E, 0xD1, 0x5F, 0x0B, 0xC0, 0xBE, 0xC1, 0x43, 0x50, 0x03, 0x02,
	0xB1, 0x5F, 0x74, 0x01, 0xDA, 0x3B, 0x22, 0xCA, 0x69, 0xCA, 0xF8, 0x6C,
	0xFF, 0x7E, 0x70, 0x12, 0xAC, 0x7F, 0x3E, 0x34, 0x49, 0x23, 0x04, 0xBC,
	0xBE, 0x24, 0x80, 0x00, 0x68, 0x22, 0x2E, 0x34, 0x05, 0x39, 0x7A, 0x37,
	0x37, 0x45, 0x7E, 0xD0, 0x02, 0xAC, 0xDF, 0x2E, 0x67, 0x03, 0x10, 0x7D,
	0x36, 0x7E, 0x27, 0x37, 0x45, 0x7E, 0xB3, 0x05, 0x1B, 0x7E, 0x33, 0x05,
	0x1A, 0x12, 0xF0, 0x48, 0x0B, 0xF0, 0xBE, 0xF0, 0x02, 0x78, 0xC6, 0x7E,
	0x37, 0x05, 0x04, 0xBE, 0x34, 0x80, 0x00, 0x68, 0x57, 0x7E, 0xF0, 0x08,
	0x7E, 0x73, 0x05, 0x1A, 0xBE, 0x70, 0x08, 0x50, 0x02, 0x7C, 0xF7, 0x7E,
	0x24, 0x05, 0x81, 0x7A, 0x27, 0x37, 0x45, 0x7E, 0xD0, 0x02, 0xAC, 0xD7,
	0x2E, 0x67, 0x03, 0x10, 0x1B, 0x65, 0x7D, 0x36, 0x7E, 0x27, 0x37, 0x45,
	0x7C, 0xBF, 0x7E, 0x30, 0xFF, 0x12, 0xF0, 0x48, 0x7E, 0x34, 0x05, 0x91,
	0x7A, 0x37, 0x37, 0x45, 0x7E, 0x73, 0x05, 0x1B, 0x7E, 0xD3, 0x05, 0x1A,
	0xAC, 0xD7, 0x3E, 0x64, 0x2E, 0x67, 0x03, 0x10, 0x1B, 0x65, 0x7D, 0x36,
	0x7E, 0x27, 0x37, 0x45, 0x7C, 0xBF, 0x7E, 0x30, 0xFF, 0x12, 0xF0, 0x48,
	0xDA, 0xF8, 0xDA, 0x69, 0x22, 0xCA, 0x7B, 0xCA, 0x6B, 0xCA, 0x5B, 0xCA,
	0x4B, 0xCA, 0x3B, 0xCA, 0x2B, 0xCA, 0x1B, 0xCA, 0x0B, 0xC0, 0xD1, 0x75,
	0xD1, 0x18, 0xC0, 0xD0, 0xC0, 0x83, 0xC0, 0x82, 0x12, 0xF5, 0xCF, 0xD0,
	0x82, 0xD0, 0x83, 0xD0, 0xD0, 0xD0, 0xD1, 0xDA, 0x0B, 0xDA, 0x1B, 0xDA,
	0x2B, 0xDA, 0x3B, 0xDA, 0x4B, 0xDA, 0x5B, 0xDA, 0x6B, 0xDA, 0x7B, 0x32,
	0xCA, 0x7B, 0xCA, 0x6B, 0xCA, 0x5B, 0xCA, 0x4B, 0xCA, 0x3B, 0xCA, 0x2B,
	0xCA, 0x1B, 0xCA, 0x0B, 0xC0, 0xD1, 0x75, 0xD1, 0x18, 0xC0, 0xD0, 0xC0,
	0x83, 0xC0, 0x82, 0x12, 0xF5, 0xCD, 0xD0, 0x82, 0xD0, 0x83, 0xD0, 0xD0,
	0xD0, 0xD1, 0xDA, 0x0B, 0xDA, 0x1B, 0xDA, 0x2B, 0xDA, 0x3B, 0xDA, 0x4B,
	0xDA, 0x5B, 0xDA, 0x6B, 0xDA, 0x7B, 0x32, 0xCA, 0x7B, 0xCA, 0x6B, 0xCA,
	0x5B, 0xCA, 0x4B, 0xCA, 0x3B, 0xCA, 0x2B, 0xCA, 0x1B, 0xCA, 0x0B, 0xC0,
	0xD1, 0x75, 0xD1, 0x18, 0xC0, 0xD0, 0xC0, 0x83, 0xC0, 0x82, 0x12, 0xF5,
	0xCE, 0xD0, 0x82, 0xD0, 0x83, 0xD0, 0xD0, 0xD0, 0xD1, 0xDA, 0x0B, 0xDA,
	0x1B, 0xDA, 0x2B, 0xDA, 0x3B, 0xDA, 0x4B, 0xDA, 0x5B, 0xDA, 0x6B, 0xDA,
	0x7B, 0x32, 0x31, 0x41, 0x09, 0x0B, 0xE9, 0x1E, 0x67, 0x09, 0xCC, 0x62,
	0xA7, 0x9C, 0xB5, 0xF4, 0xF4, 0x64, 0x1A, 0xA6, 0x02, 0x91, 0x56, 0xE3,
	0xD0, 0x1A, 0xD1, 0xCE, 0x9D, 0x0C, 0x61, 0xB2, 0x70, 0x62, 0x0D, 0x43,
	0x9B, 0x25, 0x93, 0x12, 0x26, 0xA8, 0xDF, 0x52, 0x6F, 0x48, 0xC7, 0xA0,
	0x05, 0xE7, 0xB9, 0x08, 0x70, 0x15, 0x45, 0x85, 0x0F, 0x9B, 0x19, 0x8F,
	0x26, 0x5A, 0x5D, 0x9F, 0x3A, 0xBD, 0x93, 0xA1, 0x7B, 0x9A, 0x56, 0xBD,
	0xB8, 0xD5, 0x28, 0x89, 0x2F, 0x1F, 0x28, 0xE7, 0xA2, 0x15, 0x61, 0x3C,
	0xA1, 0xA4, 0x88, 0x3B, 0x5F, 0x07, 0xD1, 0xF0, 0x6C, 0x0F, 0xCA, 0xD1,
	0xE8, 0xCE, 0x4E, 0x5E, 0x48, 0x2E, 0x86, 0x43, 0xDD, 0x79, 0x8A, 0xF3,
	0x48, 0x17, 0x19, 0x27, 0xDF, 0x54, 0xF7, 0xB3, 0x60, 0x86, 0x6F, 0xB7,
	0x45, 0x65, 0xFD, 0x8F, 0x3F, 0x60, 0xA5, 0x75, 0x97, 0xE0, 0x7E, 0xDD,
	0x76, 0x28, 0xEC, 0x65, 0xE5, 0xBE, 0x25, 0xDD, 0x73, 0x27, 0x51, 0x5A,
	0xE4, 0xD3, 0x14, 0xC5, 0xC7, 0x05, 0x3D, 0xD1, 0xDF, 0x85, 0xD2, 0xE8,
	0x3E, 0x08, 0x5D, 0xD9, 0x78, 0x83, 0x12, 0xC4, 0xFC, 0xC6, 0xBF, 0x34,
	0x73, 0xF4, 0x39, 0xAE, 0x71, 0x45, 0xA6, 0x9B, 0x38, 0xCF, 0x4B, 0xB5,
	0x38, 0xA7, 0x04, 0x83, 0xDD, 0x40, 0x0B, 0x39, 0x80, 0xE4, 0xB9, 0xED,
	0xE4, 0x1A, 0xE9, 0x19, 0xA7, 0x0D, 0xB6, 0x45, 0x68, 0xFB, 0x53, 0xCA,
	0x0A, 0xB7, 0x98, 0x77, 0xD0, 0x22, 0x9C, 0x21, 0xC6, 0xCC, 0xE0, 0xD8,
	0x1E, 0x1C, 0x7A, 0x59, 0x0A, 0x17, 0x34, 0x5E, 0x3A, 0x43, 0x8F, 0x7B,
	0x6F, 0x2C, 0xAF, 0x28, 0xE2, 0x0B, 0x84, 0x8C, 0x6B, 0x1C, 0xCA, 0x57,
	0x1D, 0x9A, 0x33, 0x10, 0x4F, 0xF7, 0xC7, 0x3B, 0xC0, 0xBB, 0x5F, 0xD1,
	0xD3, 0xA7, 0xB8, 0x41, 0x09, 0x14, 0x86, 0x8E, 0x38, 0x8D, 0x91, 0x47,
	0x3D, 0xB5, 0x34, 0x60, 0x74, 0xF7, 0x4A, 0x2D, 0xE8, 0xF8, 0xEE, 0x01,
	0xF1, 0xEC, 0x8F, 0xBF, 0x21, 0xAB, 0x34, 0x58, 0x5D, 0x36, 0x88, 0xF1,
	0x5C, 0x86, 0x81, 0x5B, 0x84, 0x4B, 0x27, 0xE4, 0xD3, 0x83, 0x6C, 0xC4,
	0xC6, 0x06, 0x0C, 0x3E, 0x81, 0xF2, 0x54, 0x0B, 0x11, 0xA1, 0xF5, 0x53,
	0x20, 0xEC, 0x94, 0x36, 0xE9, 0x16, 0x49, 0x21, 0x45, 0x09, 0x54, 0x03,
	0x19, 0x12, 0xB5, 0x1F, 0xCA, 0x3B, 0x7C, 0xF5, 0x7D, 0x63, 0x7E, 0xB3,
	0x04, 0x0F, 0x60, 0x04, 0xE4, 0x02, 0xB5, 0x1C, 0x7E, 0xB3, 0x03, 0xBA,
	0x70, 0x04, 0xE4, 0x02, 0xB5, 0x1C, 0x7A, 0x43, 0x03, 0xFF, 0x7E, 0x37,
	0x03, 0xAE, 0x4D, 0x33, 0x78, 0x0D, 0x7D, 0x36, 0x7E, 0xB3, 0x05, 0x21,
	0x7E, 0x53, 0x05, 0x22, 0x12, 0xF5, 0x24, 0x7E, 0x73, 0x05, 0x1B, 0x7A,
	0x73, 0x37, 0x45, 0x6C, 0xEE, 0x80, 0x28, 0x7C, 0xBE, 0x7E, 0x08, 0x37,
	0x46, 0x9F, 0x11, 0x12, 0xE9, 0x55, 0x7D, 0x36, 0x7E, 0x27, 0x37, 0x46,
	0x7E, 0xB3, 0x05, 0x1A, 0x7E, 0x33, 0x05, 0x21, 0x7E, 0x07, 0x03, 0xAE,
	0x12, 0xE6, 0x7B, 0x1A, 0x3F, 0x3E, 0x34, 0x2D, 0x63, 0x0B, 0xE0, 0x7E,
	0x73, 0x37, 0x45, 0xBC, 0x7E, 0x18, 0xD0, 0x7E, 0x37, 0x03, 0xAE, 0xBE,
	0x34, 0x75, 0x30, 0x58, 0x06, 0x0B, 0x34, 0x7A, 0x37, 0x03, 0xAE, 0x7E,
	0x73, 0x04, 0x0C, 0x0A, 0x37, 0xBE, 0x37, 0x03, 0xAE, 0x18, 0x13, 0x7E,
	0xB3, 0x04, 0x0B, 0x70, 0x0D, 0x7E, 0x57, 0x03, 0xAE, 0x12, 0xF5, 0xC5,
	0x74, 0x01, 0x7A, 0xB3, 0x04, 0x0B, 0x74, 0x01, 0xDA, 0x3B, 0x22, 0x38,
	0x1F, 0x15, 0x0A, 0x6E, 0xDD, 0xCC, 0xC9, 0x32, 0xE6, 0x24, 0x39, 0x2F,
	0x0C, 0x53, 0x54, 0x40, 0x9B, 0xB2, 0x9E, 0xF4, 0xC2, 0xC9, 0x05, 0x4F,
	0x05, 0xD1, 0x5A, 0xFD, 0xFA, 0xB4, 0x7E, 0xD8, 0x8A, 0x41, 0x44, 0x66,
	0xD9, 0x9F, 0xA6, 0x1E, 0x15, 0xCC, 0xE7, 0xCA, 0x60, 0x98, 0xA6, 0x27,
	0x82, 0xF1, 0x86, 0x2D, 0xA2, 0x03, 0xF6, 0x1C, 0xA7, 0xDB, 0x31, 0xBA,
	0x91, 0xB8, 0x01, 0xE4, 0x60, 0x25, 0xEC, 0x4E, 0x58, 0x78, 0x4B, 0x20,
	0xB7, 0xF9, 0xE7, 0x53, 0xC2, 0xA9, 0x37, 0xE9, 0x95, 0x77, 0xC3, 0xF2,
	0xBD, 0xE7, 0xD2, 0xED, 0x03, 0xE9, 0xE9, 0x89, 0xDB, 0xE8, 0xB3, 0x48,
	0xFB, 0x52, 0xF1, 0xFB, 0xF1, 0xA7, 0xE9, 0xC1, 0x52, 0x42, 0x97, 0x4F,
	0x45, 0xEB, 0xF8, 0x4F, 0xA0, 0xFD, 0x44, 0x15, 0x40, 0x91, 0x6A, 0xE6,
	0xCD, 0x7D, 0x22, 0x29, 0xBD, 0x32, 0x6B, 0x24, 0x9A, 0xAE, 0xC3, 0x3D,
	0xE8, 0x8F, 0x79, 0xBF, 0xCA, 0x8D, 0x5A, 0x36, 0x22, 0x56, 0xA3, 0x50,
	0xD3, 0x14, 0x7C, 0xDA, 0xFA, 0x2E, 0x58, 0x5E, 0x1F, 0x69, 0x7F, 0xCA,
	0x43, 0x19, 0xBF, 0xCA, 0x3B, 0x7F, 0x60, 0x7C, 0xE5, 0x7C, 0xD6, 0x7C,
	0xF7, 0x7C, 0xCB, 0xE4, 0x02, 0xB6, 0x4F, 0x7C, 0x3C, 0xAC, 0x3E, 0x7E,
	0xB3, 0x38, 0x24, 0x0A, 0x0B, 0x2D, 0x10, 0x3E, 0x14, 0x7E, 0x1F, 0x38,
	0x1C, 0x2D, 0x31, 0x0B, 0x1A, 0x30, 0x7E, 0x50, 0x02, 0xAC, 0xB5, 0x7F,
	0x06, 0x2D, 0x15, 0x0B, 0x0A, 0x40, 0x9D, 0x43, 0x7E, 0xB3, 0x38, 0x24,
	0x7E, 0x70, 0x02, 0xAC, 0xB7, 0x7E, 0x7F, 0x38, 0x20, 0x7F, 0x17, 0x2D,
	0x35, 0x0B, 0x1A, 0x30, 0x0A, 0x9F, 0x6D, 0x88, 0x7E, 0x08, 0x01, 0x00,
	0x9F, 0x04, 0x1A, 0x26, 0x1A, 0x24, 0x12, 0x8C, 0xBA, 0x7F, 0x51, 0x7D,
	0x34, 0x1A, 0x28, 0x1A, 0x24, 0x7F, 0x04, 0x12, 0x8C, 0xBA, 0x2F, 0x15,
	0x7C, 0x76, 0x7C, 0x65, 0xBD, 0x43, 0x08, 0x04, 0x0B, 0x34, 0x80, 0x06,
	0xBD, 0x43, 0x58, 0x02, 0x1B, 0x34, 0x7E, 0xB3, 0x38, 0x24, 0x7E, 0x50,
	0x02, 0xAC, 0xB5, 0x7F, 0x07, 0x2D, 0x15, 0x1B, 0x0A, 0x30, 0x7E, 0xB3,
	0x38, 0x24, 0x04, 0x7A, 0xB3, 0x38, 0x24, 0xBE, 0xD3, 0x38, 0x24, 0x28,
	0x03, 0x02, 0xB5, 0xCF, 0xDA, 0x3B, 0x22, 0xCA, 0x3B, 0x7F, 0x30, 0xC2,
	0xAE, 0x12, 0xCF, 0x73, 0x13, 0x92, 0x25, 0x12, 0xF5, 0xC2, 0x72, 0x25,
	0x92, 0x25, 0xA2, 0x01, 0xE4, 0x33, 0x68, 0x0A, 0xB4, 0x01, 0x0F, 0xA2,
	0x0F, 0xE4, 0x33, 0xB4, 0x01, 0x08, 0x12, 0xC4, 0x78, 0x7A, 0x3B, 0xB0,
	0x80, 0x64, 0xE4, 0x7A, 0xB3, 0x37, 0x2F, 0xA2, 0x26, 0xE4, 0x33, 0x78,
	0x25, 0x7E, 0xB3, 0x2C, 0x7B, 0x70, 0x1F, 0x12, 0xF1, 0x31, 0x7A, 0xB3,
	0x37, 0x2F, 0x12, 0xF5, 0xB3, 0x72, 0x25, 0x92, 0x25, 0x7E, 0xB3, 0x37,
	0x2F, 0x60, 0x0B, 0x74, 0xFF, 0x9F, 0x00, 0x12, 0xA7, 0xA5, 0x7A, 0xB3,
	0x2C, 0x7B, 0x7E, 0xA3, 0x37, 0x2F, 0xBE, 0xA0, 0x00, 0x28, 0x0B, 0x7E,
	0xB3, 0x2C, 0x5F, 0x70, 0x05, 0x7E, 0x70, 0x01, 0x80, 0x02, 0x6C, 0x77,
	0xA5, 0xBF, 0x00, 0x07, 0xA2, 0x26, 0xE4, 0x33, 0xB4, 0x01, 0x0F, 0x4C,
	0x77, 0x68, 0x04, 0x7A, 0xA3, 0x12, 0xE5, 0x74, 0x01, 0x7A, 0x3B, 0xB0,
	0x80, 0x04, 0xE4, 0x7A, 0x3B, 0xB0, 0x7E, 0xB3, 0x12, 0xDF, 0xB4, 0x40,
	0x02, 0xC2, 0x25, 0xD2, 0xAE, 0xDA, 0x3B, 0x22, 0x12, 0xEB, 0xA8, 0x7E,
	0xB3, 0x2C, 0x9D, 0x7E, 0x70, 0x02, 0xAC, 0xB7, 0x49, 0x35, 0x2C, 0xA8,
	0x7E, 0xB3, 0x2C, 0x88, 0x7E, 0x50, 0x02, 0xAC, 0xB5, 0x49, 0x45, 0x2C,
	0x9E, 0x2D, 0x43, 0x9E, 0x47, 0x2C, 0x92, 0x7E, 0x57, 0x2D, 0xE1, 0x2E,
	0x54, 0x00, 0x10, 0x7E, 0x59, 0x70, 0x0A, 0x57, 0xBD, 0x54, 0x58, 0x02,
	0x7D, 0x45, 0x6D, 0x33, 0x9D, 0x35, 0xBD, 0x34, 0x08, 0x02, 0x7D, 0x43,
	0x7E, 0xB3, 0x2D, 0x0B, 0x7E, 0x70, 0x02, 0xAC, 0xB7, 0x59, 0x45, 0x2C,
	0xA8, 0x7E, 0xB3, 0x2C, 0x9D, 0x7E, 0x70, 0x02, 0xAC, 0xB7, 0x49, 0x35,
	0x2C, 0xE4, 0x7E, 0xB3, 0x2C, 0x88, 0x7E, 0x50, 0x02, 0xAC, 0xB5, 0x49,
	0x45, 0x2C, 0xDC, 0x2D, 0x43, 0x9E, 0x47, 0x2C, 0xD2, 0x7E, 0x57, 0x2D,
	0xE1, 0x2E, 0x54, 0x00, 0x12, 0x7E, 0x59, 0x70, 0x0A, 0x57, 0xBD, 0x54,
	0x58, 0x02, 0x7D, 0x45, 0x6E, 0x54, 0xFF, 0xFF, 0x0B, 0x54, 0xBD, 0x54,
	0x08, 0x02, 0x7D, 0x45, 0x7E, 0xB3, 0x2D, 0x0B, 0x7E, 0x70, 0x02, 0xAC,
	0xB7, 0x59, 0x45, 0x2C, 0xE4, 0xE4, 0x22, 0x12, 0x92, 0x2B, 0x7C, 0x7B,
	0xE4, 0x7E, 0xA3, 0x04, 0x87, 0xBC, 0xA7, 0x28, 0x02, 0x74, 0x01, 0x7E,
	0xA3, 0x04, 0x01, 0xBE, 0xA0, 0x00, 0x48, 0x0B, 0x60, 0x05, 0x2E, 0xA0,
	0x08, 0x80, 0x0D, 0x6C, 0xAA, 0x80, 0x09, 0x70, 0x04, 0x0B, 0xA2, 0x80,
	0x03, 0x7E, 0xA0, 0x80, 0x7E, 0xB3, 0x03, 0xB7, 0x60, 0x06, 0x7E, 0xB3,
	0x03, 0xB6, 0x70, 0x02, 0x6C, 0xAA, 0x7A, 0xA3, 0x04, 0x01, 0x6C, 0x77,
	0x7E, 0x63, 0x04, 0x86, 0x5E, 0x60, 0x7F, 0xBE, 0xA0, 0x00, 0x58, 0x47,
	0x4C, 0x66, 0x68, 0x43, 0x7E, 0x17, 0x03, 0xC4, 0xBE, 0x14, 0x00, 0x40,
	0x28, 0x04, 0x7E, 0x14, 0x00, 0x40, 0x7E, 0x04, 0x00, 0x40, 0x9D, 0x01,
	0x7D, 0x10, 0x3E, 0x14, 0x3E, 0x14, 0x0A, 0x36, 0xAD, 0x31, 0x7E, 0x24,
	0x01, 0x00, 0x9D, 0x21, 0x2D, 0x32, 0x2E, 0x34, 0x00, 0x80, 0x0A, 0x36,
	0x7E, 0xB3, 0x04, 0x00, 0xBC, 0xB7, 0x28, 0x0F, 0x7E, 0x60, 0x07, 0xAC,
	0xB6, 0x0A, 0x37, 0x2D, 0x35, 0x1E, 0x34, 0x1E, 0x34, 0x1E, 0x34, 0x7A,
	0x73, 0x04, 0x00, 0x02, 0x90, 0x55, 0x30, 0x43, 0x30, 0xE5, 0xDD, 0xC4,
	0x54, 0x0F, 0xBE, 0xB0, 0x02, 0x40, 0x14, 0x7E, 0x71, 0xDE, 0x7C, 0x47,
	0x6C, 0x55, 0xE5, 0xDE, 0x0A, 0x3B, 0x2D, 0x32, 0x7A, 0x35, 0x4A, 0xC2,
	0x43, 0x80, 0x12, 0x80, 0x04, 0xE5, 0xDE, 0xF5, 0x4C, 0xE5, 0xDD, 0xC4,
	0x54, 0x0F, 0xBE, 0xB0, 0x00, 0x38, 0xF2, 0x80, 0x66, 0xE5, 0xDD, 0xC4,
	0x54, 0x0F, 0xBE, 0xB0, 0x00, 0x28, 0x5C, 0x80, 0x50, 0xE5, 0x4E, 0x0A,
	0x3B, 0x2E, 0x35, 0x4A, 0xBE, 0x34, 0x00, 0xF8, 0x78, 0x08, 0xE5, 0xDE,
	0x7A, 0xB3, 0x12, 0xE0, 0x80, 0x39, 0xBE, 0x34, 0x01, 0x10, 0x40, 0x14,
	0xBE, 0x34, 0x01, 0x2F, 0x38, 0x0E, 0xE5, 0xDE, 0x7D, 0x23, 0x9E, 0x24,
	0x01, 0x10, 0x19, 0xB2, 0x2E, 0x33, 0x80, 0x1F, 0xBE, 0x34, 0x01, 0xBC,
	0x38, 0x15, 0xE5, 0xDE, 0x2E, 0x37, 0x12, 0xE9, 0x7A, 0x39, 0xB0, 0xE5,
	0x4E, 0x0A, 0x3B, 0x2E, 0x35, 0x4A, 0x12, 0xEC, 0x29, 0x80, 0x04, 0xE5,
	0xDE, 0xF5, 0x4C, 0x05, 0x4E, 0xE5, 0xDD, 0xC4, 0x54, 0x0F, 0xBE, 0xB0,
	0x00, 0x38, 0xA6, 0x22, 0x7C, 0xA7, 0x6D, 0x33, 0x7D, 0x43, 0xB4, 0x01,
	0x07, 0x7E, 0x34, 0x2C, 0x65, 0x02, 0xB9, 0x64, 0xB4, 0x02, 0x06, 0xE5,
	0x45, 0x0A, 0x4B, 0x80, 0x5F, 0xB4, 0x04, 0x42, 0xE5, 0x54, 0x0A, 0x3B,
	0x5E, 0x34, 0x00, 0x01, 0x68, 0x32, 0x7E, 0xB3, 0x12, 0xF0, 0x1E, 0xB0,
	0xBC, 0xBA, 0x28, 0x12, 0x7E, 0xB3, 0x2C, 0x63, 0x0A, 0x2B, 0x0A, 0x3A,
	0x2D, 0x32, 0x09, 0x73, 0x28, 0x01, 0x0A, 0x47, 0x80, 0x12, 0x9C, 0xAB,
	0x7E, 0xB3, 0x2C, 0x63, 0x0A, 0x2B, 0x0A, 0x3A, 0x2D, 0x32, 0x09, 0x73,
	0x28, 0x0D, 0x0A, 0x47, 0x6C, 0xAA, 0x80, 0x20, 0xE5, 0x41, 0x0A, 0x4B,
	0x80, 0x1A, 0xB4, 0x08, 0x06, 0xE5, 0x44, 0x0A, 0x4B, 0x80, 0x11, 0xB4,
	0x20, 0x0E, 0xE5, 0x59, 0x70, 0x0A, 0xE5, 0x48, 0x0A, 0x3B, 0xE5, 0x44,
	0x0A, 0x4B, 0x2D, 0x43, 0x0A, 0x2A, 0x2D, 0x24, 0xE5, 0x60, 0x0A, 0x3B,
	0xAD, 0x32, 0x30, 0x00, 0x0D, 0xE5, 0x59, 0xB4, 0x02, 0x08, 0x3E, 0x34,
	0x2E, 0x34, 0x03, 0x00, 0x80, 0x06, 0x3E, 0x34, 0x2E, 0x34, 0xD0, 0x00,
	0x22, 0xCA, 0x3B, 0x7C, 0xFB, 0x7D, 0x43, 0x7E, 0x73, 0x04, 0x12, 0x1E,
	0x70, 0x0A, 0xF7, 0x7D, 0xEF, 0x3E, 0xE4, 0x3E, 0xE4, 0x3E, 0xE4, 0x7E,
	0xE3, 0x04, 0x4A, 0x4C, 0xEE, 0x68, 0x77, 0x7E, 0xD0, 0x01, 0x7E, 0x73,
	0x04, 0x49, 0x7C, 0xA7, 0x5E, 0xA0, 0x7F, 0x9C, 0xFA, 0x7C, 0xB7, 0x30,
	0xE7, 0x0D, 0x7E, 0xD0, 0xFF, 0x1A, 0x3F, 0x1B, 0x34, 0x3E, 0x34, 0x2D,
	0x43, 0x80, 0x06, 0x1A, 0x5A, 0x3E, 0x54, 0x2D, 0x45, 0x6D, 0xDD, 0x6C,
	0xCC, 0x80, 0x47, 0x0B, 0x48, 0xC0, 0xBE, 0xC4, 0xF8, 0x81, 0x08, 0x19,
	0x1A, 0xBC, 0xAD, 0xBD, 0x0E, 0xB4, 0x0E, 0xB4, 0xBE, 0xB4, 0x07, 0x7F,
	0x08, 0x04, 0x7E, 0xB4, 0x07, 0x7F, 0x7D, 0x5C, 0x9D, 0x5B, 0x1B, 0x48,
	0x50, 0xBD, 0xFC, 0x58, 0x19, 0xBD, 0xEC, 0x58, 0x02, 0x7D, 0xCE, 0x7D,
	0x3C, 0x1A, 0x26, 0x1A, 0x24, 0x0A, 0x1E, 0x6D, 0x00, 0x12, 0x8C, 0xBA,
	0x7C, 0x76, 0x7C, 0x65, 0x2D, 0xD3, 0x1A, 0x5D, 0x3E, 0x54, 0x2D, 0x45,
	0x0B, 0xC0, 0xBC, 0xFC, 0x18, 0xB5, 0xDA, 0x3B, 0x22, 0x7D, 0x13, 0x74,
	0x84, 0x7A, 0x19, 0xB0, 0x74, 0x02, 0x19, 0xB1, 0x00, 0x02, 0x74, 0x01,
	0x19, 0xB1, 0x00, 0x03, 0xE5, 0x5E, 0x19, 0xB1, 0x00, 0x04, 0xE5, 0x5F,
	0x19, 0xB1, 0x00, 0x05, 0xE5, 0x47, 0x19, 0xB1, 0x00, 0x06, 0x7E, 0x73,
	0x18, 0xF6, 0x0A, 0x37, 0x3E, 0x34, 0x3E, 0x34, 0x3E, 0x34, 0x2E, 0x34,
	0x00, 0x80, 0x19, 0x71, 0x00, 0x07, 0xE5, 0x5F, 0x19, 0xB1, 0x00, 0x08,
	0xE4, 0x19, 0xB1, 0x00, 0x09, 0x7E, 0x73, 0x12, 0xF0, 0xBE, 0x73, 0x12,
	0xEF, 0x50, 0x06, 0x7E, 0x73, 0x12, 0xEF, 0x80, 0x04, 0x7E, 0x73, 0x12,
	0xF0, 0x19, 0x71, 0x00, 0x0A, 0xA2, 0x05, 0xE4, 0x33, 0x0A, 0x3B, 0x3E,
	0x34, 0x3E, 0x34, 0x3E, 0x34, 0x3E, 0x34, 0x19, 0x71, 0x00, 0x0B, 0x7E,
	0x73, 0x12, 0xE1, 0x0A, 0x27, 0x7E, 0x73, 0x12, 0xD8, 0x0A, 0x37, 0x2D,
	0x32, 0x19, 0x71, 0x00, 0x0C, 0x7E, 0x73, 0x18, 0xF7, 0x0A, 0x37, 0x2E,
	0x34, 0x00, 0x88, 0x19, 0x71, 0x00, 0x0D, 0x74, 0x0D, 0x19, 0xB1, 0x00,
	0x01, 0x22, 0x7D, 0x02, 0x7D, 0x13, 0x7E, 0x50, 0x10, 0xAC, 0x5B, 0x2E,
	0x24, 0x07, 0x9F, 0x49, 0x31, 0x00, 0x02, 0x1B, 0x28, 0x30, 0x59, 0x02,
	0x00, 0x02, 0x09, 0x71, 0x00, 0x0A, 0x19, 0x72, 0x00, 0x04, 0x49, 0x31,
	0x00, 0x02, 0x59, 0x32, 0x00, 0x05, 0x7E, 0xB3, 0x05, 0x16, 0x70, 0x1E,
	0x09, 0x71, 0x00, 0x0C, 0x19, 0x72, 0x00, 0x07, 0x09, 0x71, 0x00, 0x0D,
	0x19, 0x72, 0x00, 0x08, 0x09, 0x71, 0x00, 0x0E, 0x19, 0x72, 0x00, 0x09,
	0x09, 0x71, 0x00, 0x0F, 0x80, 0x1C, 0x09, 0x71, 0x00, 0x0E, 0x19, 0x72,
	0x00, 0x07, 0x09, 0x71, 0x00, 0x0F, 0x19, 0x72, 0x00, 0x08, 0x09, 0x71,
	0x00, 0x0C, 0x19, 0x72, 0x00, 0x09, 0x09, 0x71, 0x00, 0x0D, 0x19, 0x72,
	0x00, 0x0A, 0x09, 0x71, 0x00, 0x04, 0x19, 0x72, 0x00, 0x0B, 0x09, 0x71,
	0x00, 0x05, 0x19, 0x72, 0x00, 0x0C, 0x09, 0x71, 0x00, 0x06, 0x19, 0x72,
	0x00, 0x0D, 0x09, 0x71, 0x00, 0x07, 0x19, 0x72, 0x00, 0x0E, 0x09, 0x71,
	0x00, 0x0B, 0x19, 0x72, 0x00, 0x0F, 0x22, 0xCA, 0xF8, 0x7C, 0x7B, 0xBE,
	0x70, 0xFF, 0x68, 0x04, 0x7C, 0xF7, 0x80, 0x06, 0x7E, 0xF1, 0x59, 0x6E,
	0xF0, 0x01, 0x7C, 0xBF, 0x20, 0xE0, 0x2B, 0x7E, 0x37, 0x2B, 0xB1, 0x5E,
	0x60, 0xFD, 0x7A, 0x37, 0x2B, 0xB1, 0x7E, 0x37, 0x2D, 0xE9, 0x0B, 0x35,
	0x0B, 0x38, 0x30, 0x7D, 0x23, 0x0A, 0x24, 0x5E, 0x24, 0x00, 0x03, 0x7E,
	0x37, 0x2B, 0xBB, 0x5E, 0x70, 0xFC, 0x4D, 0x32, 0x7A, 0x37, 0x2B, 0xBB,
	0x80, 0x41, 0x7E, 0x34, 0x2E, 0x53, 0x7E, 0x24, 0x00, 0x00, 0x7E, 0x1B,
	0xB0, 0x44, 0xF0, 0x7A, 0x1B, 0xB0, 0x7E, 0x37, 0x2B, 0xB1, 0x4E, 0x60,
	0x02, 0x7A, 0x37, 0x2B, 0xB1, 0x7E, 0x37, 0x2D, 0xE9, 0x0B, 0x35, 0x0B,
	0x38, 0x50, 0x0A, 0x5A, 0xC4, 0x7D, 0x25, 0x5E, 0x24, 0x00, 0x03, 0x7E,
	0x37, 0x2B, 0xBB, 0x5E, 0x70, 0xFC, 0x4D, 0x32, 0x7A, 0x37, 0x2B, 0xBB,
	0x7E, 0xB3, 0x2D, 0x0D, 0x12, 0xE3, 0xBC, 0x7C, 0xBF, 0x7E, 0x73, 0x2D,
	0x0D, 0x7E, 0x63, 0x2D, 0x0E, 0x12, 0xD9, 0xD5, 0xDA, 0xF8, 0x22, 0xCA,
	0xF8, 0x7C, 0xFB, 0xE4, 0x7A, 0xB3, 0x03, 0xC2, 0x6D, 0x33, 0x7A, 0x37,
	0x03, 0xD5, 0x7A, 0x37, 0x03, 0xD7, 0x7A, 0x37, 0x03, 0xD3, 0x7A, 0x37,
	0x03, 0xD9, 0x7A, 0x37, 0x03, 0xDB, 0x7A, 0xB3, 0x03, 0xC3, 0x7A, 0x37,
	0x03, 0xB2, 0x7A, 0x37, 0x03, 0xB4, 0x74, 0xC8, 0x7A, 0xB3, 0x03, 0xBC,
	0x74, 0x01, 0x7A, 0xB3, 0x03, 0xBA, 0xE4, 0x7A, 0xB3, 0x03, 0xB9, 0x7A,
	0x37, 0x03, 0xE3, 0x7E, 0x34, 0x00, 0x06, 0x7A, 0x37, 0x03, 0xC4, 0x7A,
	0xB3, 0x03, 0xE5, 0x7A, 0xB3, 0x03, 0xE8, 0x7E, 0x37, 0x03, 0x10, 0x7E,
	0x24, 0x04, 0x80, 0x12, 0xF2, 0xA4, 0x7E, 0x34, 0x03, 0x12, 0x7E, 0x24,
	0x00, 0x20, 0x12, 0xF2, 0xA4, 0x7E, 0x34, 0x03, 0x32, 0x7E, 0x24, 0x00,
	0x20, 0x12, 0xF2, 0xA4, 0x4C, 0xFF, 0x68, 0x1C, 0x6D, 0x33, 0x7A, 0x37,
	0x03, 0xAE, 0xE4, 0x7A, 0xB3, 0x04, 0x0B, 0x74, 0x01, 0x7A, 0xB3, 0x04,
	0x0E, 0x7E, 0x37, 0x03, 0x0E, 0x7E, 0x24, 0x04, 0x80, 0x12, 0xF2, 0xA4,
	0xDA, 0xF8, 0x22, 0xCA, 0x3B, 0x7C, 0xFB, 0x7E, 0xE3, 0x3B, 0x80, 0x7E,
	0x37, 0x3B, 0x82, 0x7A, 0x37, 0x37, 0x30, 0x7E, 0x67, 0x3B, 0x84, 0x74,
	0x17, 0x12, 0xD5, 0x11, 0xE4, 0x33, 0x78, 0x04, 0x74, 0x3F, 0x80, 0x70,
	0xBE, 0xE0, 0x02, 0x40, 0x04, 0x74, 0x31, 0x80, 0x67, 0x4C, 0xEE, 0x78,
	0x03, 0xE4, 0x80, 0x60, 0x4C, 0xFF, 0x78, 0x15, 0x6D, 0x33, 0x7A, 0x37,
	0x3B, 0x7B, 0x7E, 0x37, 0x37, 0x30, 0x7A, 0x37, 0x3B, 0x6F, 0x7A, 0x67,
	0x3B, 0x71, 0x7E, 0xF0, 0x11, 0xBE, 0xF0, 0x11, 0x68, 0x05, 0xBE, 0xF0,
	0x20, 0x78, 0x3B, 0x7E, 0x37, 0x37, 0x30, 0x7D, 0x26, 0x7E, 0x17, 0x3B,
	0x6F, 0x7E, 0x07, 0x3B, 0x71, 0x12, 0xF2, 0xCE, 0xBE, 0x37, 0x3B, 0x6B,
	0x40, 0x04, 0x74, 0x33, 0x80, 0x22, 0x7E, 0x37, 0x3B, 0x6D, 0xBE, 0x37,
	0x3B, 0x7B, 0x28, 0x0C, 0x7E, 0x37, 0x3B, 0x7B, 0x0B, 0x34, 0x7A, 0x37,
	0x3B, 0x7B, 0x80, 0x0A, 0x74, 0x17, 0x7A, 0xB3, 0x3B, 0x7D, 0x74, 0x20,
	0x80, 0x02, 0x7C, 0xBF, 0xDA, 0x3B, 0x22, 0x68, 0xD6, 0x69, 0x2C, 0xEB,
	0xE1, 0xC8, 0x3F, 0x88, 0x56, 0x22, 0x40, 0xB3, 0x3A, 0xF5, 0x45, 0x36,
	0xD3, 0xC7, 0xF4, 0xB5, 0xA2, 0x09, 0xED, 0xD2, 0x90, 0xD7, 0x80, 0x49,
	0xA3, 0xB3, 0x35, 0xAE, 0xD2, 0x56, 0x4E, 0x36, 0x48, 0xB5, 0xC2, 0x20,
	0x25, 0x8A, 0x55, 0x30, 0xA6, 0xB8, 0xCF, 0x62, 0x2A, 0x06, 0x81, 0x23,
	0xFD, 0x82, 0x8E, 0xCF, 0x7C, 0x7B, 0x25, 0x4D, 0x5A, 0xF3, 0xAC, 0x62,
	0xA5, 0xE7, 0x03, 0x33, 0xD8, 0x5E, 0x5F, 0x0C, 0x9A, 0x8E, 0x64, 0xD3,
	0x68, 0x9E, 0x83, 0xD5, 0x56, 0x3B, 0x3E, 0x3A, 0x2B, 0x8F, 0x4E, 0x5A,
	0x73, 0xDE, 0x69, 0x57, 0xDC, 0x4A, 0x85, 0x06, 0x65, 0x78, 0xE6, 0x2F,
	0x4E, 0x38, 0xD3, 0x2C, 0xB8, 0x4B, 0xB8, 0xD7, 0xF2, 0x71, 0x23, 0x6E,
	0x62, 0xE8, 0xC8, 0xC2, 0xF6, 0xEE, 0x11, 0xED, 0x29, 0x09, 0xDA, 0xD8,
	0xEB, 0x0A, 0xE3, 0xCF, 0x11, 0xB1, 0x18, 0xEA, 0x83, 0x4C, 0xA4, 0x94,
	0x63, 0x30, 0x24, 0xEA, 0xD9, 0x11, 0xB3, 0x12, 0xAA, 0x80, 0x28, 0xE3,
	0x6A, 0x8F, 0x77, 0xF7, 0xD9, 0x1D, 0x8B, 0xF8, 0x21, 0x53, 0x16, 0xF8,
	0xE3, 0x6F, 0x91, 0x23, 0x05, 0x61, 0x33, 0x81, 0xA2, 0x53, 0x23, 0x65,
	0xAE, 0xF9, 0x61, 0xC6, 0x20, 0x19, 0x78, 0x36, 0xF3, 0x7D, 0x6F, 0x21,
	0x19, 0x55, 0x86, 0x9F, 0x7C, 0x9D, 0x41, 0x72, 0xB6, 0x20, 0x44, 0x72,
	0xAE, 0x26, 0x7F, 0x21, 0x21, 0x65, 0xC1, 0x86, 0xE4, 0xD0, 0x13, 0x24,
	0xDF, 0x42, 0x8B, 0x91, 0xF8, 0x31, 0x71, 0x1F, 0x0B, 0xF1, 0x5D, 0x85,
	0x98, 0x26, 0x36, 0x08, 0x4A, 0x52, 0x2A, 0x06, 0x73, 0x60, 0x95, 0xE6,
	0x29, 0xE7, 0xEC, 0x67, 0xAD, 0x7E, 0x15, 0x1C, 0xB1, 0x87, 0x4F, 0xC5,
	0x2D, 0xAC, 0x18, 0xBE, 0xE0, 0x7C, 0x1F, 0x24, 0x2F, 0xDD, 0x3D, 0x81,
	0xE6, 0x4C, 0x8D, 0x1E, 0xB2, 0x94, 0x89, 0xB4, 0x37, 0x82, 0x4C, 0x31,
	0x2E, 0x36, 0xE7, 0xC9, 0x67, 0x11, 0xE9, 0x04, 0x9A, 0xF2, 0x73, 0x73,
	0xE3, 0x3C, 0x0B, 0xD3, 0x4E, 0x3C, 0x12, 0x4A, 0x69, 0x1A, 0x12, 0x8D,
	0x80, 0x87, 0x78, 0xEA, 0x49, 0xAD, 0x5D, 0x65, 0x45, 0xCD, 0xB7, 0x27,
	0x6E, 0x56, 0x43, 0xBE, 0x24, 0xB2, 0x31, 0x59, 0xD9, 0xFA, 0x4A, 0x39,
	0xAB, 0xDC, 0x2E, 0xC6, 0x4B, 0xBA, 0x8B, 0xB6, 0xA0, 0x1A, 0xE4, 0x87,
	0x56, 0x45, 0xB8, 0x62, 0x4A, 0xCB, 0x16, 0x1F, 0x19, 0x38, 0x85, 0xEC,
	0xAA, 0xB0, 0xBF, 0xE8, 0x85, 0xCE, 0x23, 0x9F, 0xCD, 0x75, 0x62, 0x4A,
	0x31, 0x5B, 0x4E, 0x39, 0xA7, 0x9C, 0xD0, 0x40, 0xC3, 0x13, 0xE1, 0xA0,
	0x87, 0xAF, 0x94, 0xB5, 0xEA, 0xAD, 0x09, 0x67, 0x90, 0x47, 0xDF, 0xAC,
	0x5A, 0xD0, 0x75, 0x96, 0xCA, 0x5C, 0x8D, 0x36, 0x6D, 0xCA, 0x2B, 0xD0,
	0xC0, 0x6E, 0xB8, 0x3A, 0xC5, 0xA1, 0xD8, 0xC3, 0x32, 0xF7, 0x5B, 0x13,
	0x03, 0x6C, 0xC8, 0x65, 0xCB, 0xB1, 0x01, 0xF2, 0x0D, 0x05, 0xD1, 0x8B,
	0x79, 0x2A, 0x0B, 0x9D, 0xE3, 0x7C, 0xEA, 0x41, 0x45, 0x26, 0x01, 0xEE,
	0x0F, 0x70, 0xBF, 0x81, 0xC5, 0xD6, 0xF5, 0x37, 0x0B, 0x22, 0x5E, 0x35,
	0x18, 0x12, 0xAB, 0x33, 0x7D, 0x40, 0x7D, 0xF1, 0x7D, 0x02, 0x7D, 0x13,
	0x7E, 0x57, 0x37, 0x34, 0x7A, 0x57, 0x3B, 0x8B, 0x09, 0x71, 0x00, 0x02,
	0x7A, 0x73, 0x39, 0x2C, 0x09, 0xB1, 0x00, 0x03, 0x54, 0x0F, 0x7A, 0xB3,
	0x39, 0x2D, 0x7E, 0x24, 0x00, 0x06, 0x7D, 0x30, 0x8D, 0x32, 0x7A, 0x73,
	0x39, 0x2E, 0x3E, 0x70, 0x3E, 0x70, 0x7A, 0x73, 0x39, 0x2F, 0xE4, 0x7A,
	0xB3, 0x39, 0x2B, 0x09, 0xB1, 0x00, 0x01, 0x54, 0x8F, 0x7A, 0xB3, 0x3B,
	0x4F, 0x7E, 0x57, 0x37, 0x32, 0x7A, 0x57, 0x3B, 0x50, 0x1E, 0x04, 0x7A,
	0x07, 0x3B, 0x52, 0xE4, 0x7A, 0xB3, 0x3B, 0x54, 0xE4, 0x7A, 0xB3, 0x3B,
	0x55, 0xE4, 0x7A, 0xB3, 0x3B, 0x5F, 0x7E, 0x19, 0xB0, 0x54, 0x07, 0x7A,
	0xB3, 0x3B, 0x6A, 0x7A, 0x47, 0x3B, 0x6B, 0x7A, 0xF7, 0x3B, 0x6D, 0xE4,
	0x7A, 0xB3, 0x3B, 0x77, 0xE4, 0x7A, 0xB3, 0x3B, 0x7A, 0xE4, 0x7A, 0xB3,
	0x3B, 0x7D, 0xE4, 0x7A, 0xB3, 0x3B, 0x7E, 0xE4, 0x7A, 0xB3, 0x3B, 0x7F,
	0x12, 0xF3, 0x93, 0x22, 0x7E, 0x34, 0x00, 0x20, 0x7E, 0x24, 0x00, 0x04,
	0x12, 0xF2, 0x4B, 0x75, 0x53, 0x00, 0x75, 0x62, 0x00, 0x75, 0x42, 0x00,
	0xC2, 0x00, 0x74, 0x01, 0x7A, 0xB3, 0x12, 0xE2, 0xE4, 0x7A, 0xB3, 0x2C,
	0x5E, 0xE4, 0x7A, 0xB3, 0x18, 0xF1, 0xE4, 0x7A, 0xB3, 0x28, 0x1D, 0xE4,
	0x7A, 0xB3, 0x28, 0x00, 0x12, 0xEA, 0xF5, 0x12, 0xF4, 0x1B, 0x00, 0x00,
	0x00, 0x00, 0x00, 0x53, 0xEE, 0xCF, 0x00, 0x00, 0x00, 0x00, 0x00, 0xA9,
	0xD0, 0xEE, 0x00, 0x00, 0x00, 0x00, 0x00, 0x12, 0xE0, 0xC1, 0xE4, 0x7A,
	0xB3, 0x2C, 0x3F, 0x12, 0xF5, 0x39, 0xE5, 0x8F, 0xBE, 0xB0, 0x83, 0x68,
	0x0C, 0x74, 0x30, 0x7A, 0xB3, 0x2C, 0x5E, 0x74, 0x10, 0x7A, 0xB3, 0x18,
	0xF1, 0xE5, 0xE1, 0xBE, 0xB0, 0x43, 0x40, 0x0C, 0xE5, 0xE1, 0xBE, 0xB0,
	0xFF, 0x68, 0x05, 0xE5, 0xE1, 0xB4, 0x30, 0x0C, 0x74, 0x30, 0x7A, 0xB3,
	0x2C, 0x5E, 0x74, 0x10, 0x7A, 0xB3, 0x18, 0xF1, 0x12, 0xF5, 0xCC, 0x22,
	0xCA, 0xF8, 0x7E, 0x37, 0x39, 0x31, 0x7A, 0x37, 0x37, 0x3C, 0x7E, 0x37,
	0x39, 0x33, 0x7A, 0x37, 0x37, 0x3E, 0x74, 0x01, 0x7E, 0x24, 0x00, 0x01,
	0x7D, 0x32, 0x7E, 0x17, 0x39, 0x35, 0x7E, 0x07, 0x39, 0x37, 0x12, 0xA8,
	0x5E, 0x7A, 0xB3, 0x3A, 0x46, 0x6C, 0xFF, 0xBE, 0xF0, 0x03, 0x78, 0x0C,
	0x7E, 0x37, 0x3A, 0x15, 0xBE, 0x34, 0x00, 0x0C, 0x38, 0x47, 0x80, 0x0A,
	0x7E, 0x37, 0x3A, 0x47, 0xBE, 0x37, 0x3A, 0x19, 0x38, 0x3B, 0xBE, 0xF0,
	0x01, 0x78, 0x15, 0x7C, 0xBF, 0x12, 0xF3, 0xB8, 0x7C, 0x7B, 0x7E, 0xB3,
	0x3A, 0x46, 0x12, 0xE5, 0x97, 0xBE, 0xB0, 0x02, 0x38, 0x23, 0x80, 0x13,
	0x7C, 0xBF, 0x12, 0xF3, 0xB8, 0x7C, 0x7B, 0x7E, 0xB3, 0x3A, 0x46, 0x12,
	0xE5, 0x97, 0xBE, 0xB0, 0x01, 0x38, 0x0E, 0x0A, 0x3F, 0x2E, 0x34, 0x3A,
	0x49, 0x7E, 0x39, 0xB0, 0x44, 0x01, 0x7A, 0x39, 0xB0, 0x0B, 0xF0, 0xBE,
	0xF0, 0x11, 0x40, 0xA3, 0xDA, 0xF8, 0x22, 0xCA, 0xF8, 0x7E, 0xF3, 0x28,
	0x1D, 0x7C, 0xBF, 0x30, 0xE3, 0x66, 0x30, 0x0F, 0x14, 0x7E, 0x37, 0x12,
	0xE9, 0x09, 0xB3, 0x00, 0xF1, 0x30, 0xE7, 0x09, 0xA2, 0x08, 0x92, 0x16,
	0x12, 0xE2, 0xC6, 0x80, 0x41, 0x7E, 0x37, 0x12, 0xE9, 0x09, 0xB3, 0x00,
	0xF1, 0x30, 0xE7, 0x1A, 0xA2, 0x08, 0x30, 0x01, 0x01, 0xB3, 0x50, 0x2E,
	0xA2, 0x01, 0x92, 0x02, 0xA2, 0x08, 0x92, 0x01, 0x7C, 0xBF, 0x44, 0x01,
	0x7A, 0xB3, 0x28, 0x1D, 0x80, 0x1C, 0xA2, 0x08, 0x30, 0x06, 0x01, 0xB3,
	0x50, 0x14, 0xA2, 0x08, 0x92, 0x06, 0xA2, 0x07, 0x30, 0x06, 0x01, 0xB3,
	0x50, 0x08, 0x7C, 0xBF, 0x44, 0x04, 0x7A, 0xB3, 0x28, 0x1D, 0xA2, 0x08,
	0x92, 0x09, 0x7E, 0xB3, 0x28, 0x1D, 0x54, 0xF7, 0x7A, 0xB3, 0x28, 0x1D,
	0x7E, 0x37, 0x12, 0xE9, 0x09, 0xB3, 0x00, 0x02, 0xC4, 0x03, 0x13, 0x92,
	0x15, 0xE4, 0x33, 0x12, 0xD2, 0xE0, 0x12, 0xEA, 0xC8, 0xDA, 0xF8, 0x22,
	0x7C, 0xA7, 0x7A, 0xB3, 0x3B, 0x80, 0x7E, 0x09, 0xB0, 0xBE, 0xB0, 0x00,
	0x28, 0x04, 0x74, 0x01, 0x80, 0x01, 0xE4, 0x7A, 0xB3, 0x3B, 0x81, 0x0B,
	0x28, 0x30, 0x7A, 0x37, 0x3B, 0x82, 0x0B, 0x18, 0x30, 0x7A, 0x37, 0x3B,
	0x84, 0x09, 0xB0, 0x00, 0x01, 0xBE, 0xB0, 0x00, 0x28, 0x04, 0x74, 0x01,
	0x80, 0x01, 0xE4, 0x7A, 0xB3, 0x3B, 0x86, 0x49, 0x02, 0x00, 0x02, 0x7A,
	0x07, 0x3B, 0x87, 0x49, 0x31, 0x00, 0x02, 0x7A, 0x37, 0x3B, 0x89, 0xE4,
	0x7A, 0xB3, 0x3B, 0x7D, 0xE4, 0x7A, 0xB3, 0x3B, 0x7E, 0x4C, 0xAA, 0x68,
	0x06, 0x74, 0xFF, 0x7A, 0xB3, 0x3B, 0x80, 0x12, 0xA6, 0xE5, 0x12, 0xA2,
	0x3D, 0x12, 0xF0, 0xF8, 0x7E, 0xB3, 0x3B, 0x7F, 0x70, 0x0F, 0x7E, 0x73,
	0x3B, 0x80, 0xBE, 0x70, 0x00, 0x28, 0x06, 0x74, 0x01, 0x7A, 0xB3, 0x3B,
	0x7E, 0x7E, 0x73, 0x3B, 0x80, 0x7A, 0x73, 0x3B, 0x7F, 0x12, 0xEB, 0x4F,
	0x7E, 0xB3, 0x3B, 0x7D, 0x22, 0x53, 0xE8, 0xFC, 0x7E, 0x37, 0xF3, 0x04,
	0x4E, 0x70, 0x01, 0x7A, 0x37, 0xF3, 0x04, 0x75, 0xF7, 0x03, 0x75, 0xF8,
	0x03, 0x6D, 0x33, 0x7A, 0x37, 0xFF, 0xE0, 0x7E, 0x34, 0x00, 0x02, 0x7A,
	0x37, 0xFF, 0xEE, 0x7E, 0x34, 0x90, 0x00, 0x7A, 0x37, 0xFF, 0xE4, 0x7E,
	0x24, 0x92, 0x0C, 0x7A, 0x27, 0xFF, 0xE6, 0x7A, 0x37, 0xFF, 0xE2, 0x7A,
	0x37, 0xFF, 0xEA, 0x7A, 0x27, 0xFF, 0xEC, 0x7A, 0x37, 0xFF, 0xE8, 0x43,
	0xE8, 0x03, 0x7E, 0x34, 0x00, 0x23, 0x7A, 0x37, 0xFF, 0xF0, 0x7E, 0x34,
	0x90, 0x00, 0x7A, 0x37, 0x27, 0xFE, 0x7E, 0x34, 0x90, 0x10, 0x7A, 0x37,
	0xFF, 0xD6, 0x7E, 0x34, 0x00, 0xCB, 0x7A, 0x37, 0xFF, 0xDA, 0x43, 0x62,
	0x01, 0x7E, 0x34, 0x80, 0x00, 0x7A, 0x37, 0xFF, 0xF4, 0x7A, 0x37, 0xFF,
	0xF6, 0x7E, 0x34, 0x7F, 0xFF, 0x7A, 0x37, 0xFF, 0xF8, 0x7E, 0x37, 0xFF,
	0xEE, 0x4E, 0x60, 0x87, 0x7A, 0x37, 0xFF, 0xEE, 0x22, 0xCA, 0xF8, 0x53,
	0xA8, 0x7F, 0x00, 0x00, 0x7E, 0x73, 0x28, 0x1D, 0x0A, 0x37, 0x5E, 0x34,
	0xFF, 0xFB, 0x78, 0x6E, 0x7E, 0x37, 0x12, 0xE9, 0x09, 0xB3, 0x00, 0xF8,
	0xBE, 0xB0, 0x01, 0x68, 0x61, 0x20, 0x29, 0x5E, 0x7E, 0xB3, 0x12, 0xE0,
	0xBE, 0xB0, 0x01, 0x68, 0x55, 0x20, 0x45, 0x52, 0xA2, 0x06, 0xE4, 0x33,
	0x7C, 0xFB, 0xBE, 0xF0, 0x01, 0x78, 0x05, 0x12, 0xEC, 0xA4, 0x80, 0x42,
	0x4C, 0xFF, 0x78, 0x0C, 0xA2, 0x07, 0xE4, 0x33, 0xB4, 0x01, 0x05, 0x12,
	0xEF, 0xAB, 0x80, 0x35, 0xA2, 0x22, 0xE4, 0x33, 0x78, 0x2C, 0xA2, 0x23,
	0xE4, 0x33, 0x78, 0x26, 0x7E, 0xB3, 0x28, 0x00, 0xB4, 0x02, 0x0E, 0x43,
	0xA8, 0x80, 0xA9, 0xD1, 0x87, 0x00, 0x00, 0x00, 0x00, 0x00, 0x00, 0x80,
	0x14, 0xB4, 0x01, 0x0E, 0x43, 0xA8, 0x80, 0xA9, 0xD0, 0x87, 0x00, 0x00,
	0x00, 0x00, 0x00, 0x00, 0x80, 0x03, 0x43, 0xA8, 0x80, 0xDA, 0xF8, 0x22,
	0xCA, 0x3B, 0x7C, 0xDB, 0x7A, 0x17, 0x37, 0x57, 0x7A, 0x27, 0x37, 0x55,
	0x7D, 0x73, 0x7E, 0xB3, 0x04, 0x10, 0x20, 0xE7, 0x07, 0x7E, 0xB3, 0x05,
	0x25, 0x30, 0xE7, 0x28, 0x7E, 0xB3, 0x05, 0x25, 0x30, 0xE7, 0x06, 0x7E,
	0xC3, 0x05, 0x26, 0x80, 0x04, 0x7E, 0xC3, 0x04, 0x6E, 0x7D, 0x37, 0x7E,
	0x27, 0x37, 0x55, 0x7E, 0x17, 0x05, 0x14, 0x7C, 0xBD, 0x7C, 0x1C, 0x12,
	0x91, 0x43, 0x60, 0x04, 0x7E, 0x77, 0x05, 0x14, 0x7E, 0x37, 0x37, 0x55,
	0x7A, 0x37, 0xFF, 0x02, 0x7E, 0x24, 0xFF, 0xFE, 0x7A, 0x27, 0xFF, 0x06,
	0x7E, 0x37, 0x37, 0x57, 0x4D, 0x33, 0x78, 0x06, 0x7A, 0x27, 0xFF, 0x08,
	0x80, 0x04, 0x7A, 0x37, 0xFF, 0x08, 0x7E, 0x63, 0x05, 0x21, 0x7E, 0x70,
	0x01, 0x7A, 0x37, 0xFF, 0x0A, 0x7E, 0x34, 0x10, 0x01, 0x7A, 0x37, 0xFF,
	0x0C, 0x1A, 0x3D, 0x7A, 0x37, 0xFF, 0x0E, 0x7A, 0x77, 0xFF, 0x04, 0xDA,
	0x3B, 0x22, 0xCA, 0xF8, 0x12, 0xF5, 0x91, 0x7C, 0xFB, 0x7E, 0xB3, 0x2C,
	0x8B, 0xB4, 0x01, 0x2C, 0x4C, 0xFF, 0x78, 0x28, 0x12, 0xEB, 0x22, 0x7E,
	0xA3, 0x2C, 0x90, 0xBE, 0xA0, 0xFF, 0x68, 0x1C, 0x74, 0xFF, 0x0A, 0x3A,
	0x19, 0xB3, 0x2C, 0xC4, 0x74, 0xFF, 0x7A, 0xB3, 0x2C, 0x90, 0x74, 0xFF,
	0x12, 0xC6, 0x85, 0xB4, 0xFF, 0x06, 0x74, 0x03, 0x7A, 0xB3, 0x2C, 0x8B,
	0xBE, 0xF3, 0x2D, 0x11, 0x68, 0x0A, 0x7A, 0xF3, 0x2D, 0x11, 0x74, 0x01,
	0x7A, 0xB3, 0x2D, 0x12, 0x4C, 0xFF, 0x68, 0x24, 0x74, 0x20, 0x7A, 0xB3,
	0x2D, 0x10, 0x7E, 0x37, 0x2D, 0xE1, 0x7E, 0x39, 0xB0, 0x30, 0xE2, 0x0C,
	0x7E, 0xB3, 0x2D, 0x6C, 0x44, 0x80, 0x7A, 0xB3, 0x2D, 0x6C, 0x80, 0x18,
	0x74, 0x80, 0x7A, 0xB3, 0x2D, 0x6C, 0x80, 0x10, 0x7E, 0xB3, 0x2D, 0x10,
	0x60, 0x05, 0x14, 0x7A, 0xB3, 0x2D, 0x10, 0xE4, 0x7A, 0xB3, 0x2D, 0x6C,
	0xDA, 0xF8, 0x22, 0xCA, 0x3B, 0x7C, 0xE6, 0x7C, 0xF7, 0x7C, 0xDB, 0x80,
	0x74, 0x0A, 0x3F, 0x6D, 0x22, 0x2F, 0x11, 0x7F, 0x01, 0x2E, 0x04, 0x00,
	0xFF, 0x2E, 0x08, 0xF7, 0x88, 0x7E, 0x0B, 0x30, 0x7A, 0x33, 0x37, 0x37,
	0x4C, 0xDD, 0x68, 0x0F, 0x7E, 0x33, 0x37, 0x37, 0x0A, 0x13, 0x2E, 0x17,
	0x2D, 0xDB, 0x7E, 0x19, 0xC0, 0x80, 0x3F, 0x2E, 0x24, 0x00, 0xFF, 0x2E,
	0x18, 0xF7, 0x89, 0x7E, 0x1B, 0x70, 0x7A, 0x73, 0x37, 0x38, 0x7E, 0xB3,
	0x37, 0x37, 0x12, 0xF5, 0x79, 0x7C, 0xCB, 0x0A, 0x3F, 0x2E, 0x37, 0x2D,
	0xDD, 0x7E, 0x39, 0x70, 0x7A, 0x73, 0x37, 0x36, 0x7E, 0x73, 0x37, 0x38,
	0x5E, 0x73, 0x37, 0x36, 0x7A, 0x73, 0x37, 0x36, 0x7E, 0xB3, 0x37, 0x38,
	0x64, 0xFF, 0x5C, 0xCB, 0x7E, 0x73, 0x37, 0x36, 0x4C, 0xC7, 0x7E, 0xB3,
	0x37, 0x37, 0x7C, 0x7C, 0x12, 0xF5, 0x80, 0x0B, 0xF0, 0xBC, 0xEF, 0x38,
	0x88, 0xDA, 0x3B, 0x22, 0xCA, 0xF8, 0x7E, 0xB3, 0x28, 0x1D, 0x60, 0x03,
	0xE4, 0x80, 0x76, 0x7E, 0xA3, 0x28, 0x22, 0xBE, 0xA0, 0x02, 0x78, 0x09,
	0xE4, 0x7A, 0xB3, 0x28, 0x22, 0x74, 0x01, 0x80, 0x64, 0x4C, 0xAA, 0x78,
	0x08, 0x74, 0x01, 0x7A, 0xB3, 0x28, 0x22, 0x80, 0x0D, 0xBE, 0xA0, 0x03,
	0x78, 0x08, 0xD2, 0x28, 0x74, 0x01, 0x7A, 0xB3, 0x28, 0x22, 0x6C, 0xFF,
	0x80, 0x2A, 0x7E, 0xB3, 0x28, 0x22, 0xB4, 0x01, 0x2A, 0x7E, 0x71, 0x5D,
	0x74, 0x7D, 0xAC, 0x7B, 0x2E, 0x34, 0x28, 0x24, 0x12, 0x5E, 0xD9, 0x05,
	0x5D, 0xE5, 0x5D, 0xBE, 0xB0, 0x04, 0x40, 0x03, 0x75, 0x5D, 0x00, 0x05,
	0x4F, 0xBE, 0xF0, 0x03, 0x68, 0x09, 0x0B, 0xF0, 0xE5, 0x4F, 0xBE, 0xB0,
	0x04, 0x40, 0xCF, 0xE5, 0x4F, 0xBE, 0xB0, 0x00, 0x28, 0x0E, 0xA2, 0x28,
	0xE4, 0x33, 0xB4, 0x01, 0x07, 0xC2, 0x28, 0x74, 0x01, 0x12, 0xF0, 0x84,
	0xE4, 0xDA, 0xF8, 0x22, 0xCA, 0x79, 0x12, 0xF3, 0x5A, 0x60, 0x75, 0x7E,
	0xF1, 0x47, 0x7E, 0x37, 0x2D, 0xD9, 0x2E, 0x34, 0x00, 0x07, 0x7E, 0x39,
	0xE0, 0x0A, 0x3E, 0x2E, 0x34, 0x0D, 0xF7, 0x6D, 0x22, 0x6C, 0xAA, 0x80,
	0x12, 0x6C, 0x33, 0xBE, 0xA3, 0x0D, 0xBB, 0x78, 0x03, 0x7E, 0x30, 0x01,
	0x7A, 0x1B, 0x30, 0x0B, 0x34, 0x0B, 0xA0, 0xBC, 0xFA, 0x38, 0xEA, 0x7E,
	0x34, 0x0D, 0xF7, 0x7C, 0xBF, 0x2C, 0xBE, 0x12, 0xD8, 0x31, 0x7E, 0x34,
	0x0D, 0xEB, 0x7A, 0x37, 0x39, 0x0D, 0x7E, 0x34, 0x0E, 0x32, 0x7A, 0x37,
	0x39, 0x0F, 0x7C, 0xBE, 0x7C, 0x7F, 0x7E, 0x24, 0x0D, 0xD1, 0x7E, 0x14,
	0x0E, 0x07, 0x7E, 0x04, 0x0E, 0x1B, 0x12, 0xAF, 0x48, 0x12, 0xF3, 0x0B,
	0x70, 0x15, 0x12, 0xF0, 0xA1, 0x70, 0x10, 0x30, 0x0B, 0x0A, 0x12, 0xDA,
	0x77, 0x30, 0xE5, 0x04, 0x54, 0x0A, 0x78, 0x03, 0xE4, 0x80, 0x02, 0x74,
	0x01, 0xDA, 0x79, 0x22, 0x13, 0x69, 0xCA, 0xD5, 0x47, 0x0E, 0x36, 0x17,
	0x46, 0xF7, 0xBC, 0xCD, 0x79, 0xA4, 0xE9, 0x05, 0x83, 0xAC, 0xC7, 0xEC,
	0xA8, 0x85, 0xDC, 0xF9, 0x39, 0xE0, 0x61, 0x45, 0x56, 0xF2, 0xCD, 0x88,
	0xB4, 0x2B, 0xE1, 0x04, 0xC5, 0x4B, 0xC7, 0x35, 0xF1, 0xD8, 0x83, 0x0A,
	0x31, 0xCB, 0xBD, 0x1C, 0x46, 0x86, 0xA7, 0x0F, 0xDB, 0x6F, 0x7E, 0x99,
	0xCF, 0x40, 0xF0, 0xDA, 0x69, 0xD8, 0xF0, 0x87, 0x3D, 0xB5, 0x29, 0x09,
	0x0E, 0x4C, 0xA7, 0x13, 0xDF, 0xF8, 0x7B, 0x62, 0x0B, 0xB8, 0x43, 0x13,
	0x90, 0xD5, 0x7E, 0xC3, 0xF6, 0xD3, 0x1D, 0x7C, 0x67, 0x31, 0x8B, 0x8F,
	0xE1, 0xC7, 0xCD, 0x5C, 0x3B, 0x7B, 0x63, 0xBA, 0x39, 0xE5, 0x78, 0xEA,
	0x7A, 0xB5, 0x2D, 0x5E, 0x0B, 0x79, 0xEF, 0x26, 0xCA, 0x81, 0xBA, 0x61,
	0x8D, 0x9A, 0xA4, 0x82, 0x05, 0xC2, 0x22, 0x2D, 0x80, 0x20, 0x64, 0xA6,
	0x12, 0x9C, 0x92, 0x7E, 0x34, 0xC0, 0x20, 0x7E, 0x24, 0x00, 0x24, 0x12,
	0xF2, 0xA4, 0x7E, 0x34, 0x04, 0x90, 0x2E, 0x34, 0x00, 0x24, 0x7E, 0x53,
	0x05, 0x1B, 0x0A, 0x55, 0x1B, 0x56, 0x7C, 0xAB, 0x6C, 0x55, 0x1A, 0x05,
	0x7E, 0x14, 0x00, 0x12, 0xAD, 0x10, 0x7D, 0x41, 0x2E, 0x44, 0xC0, 0x20,
	0x6C, 0x44, 0x7E, 0x39, 0xB0, 0x7A, 0x49, 0xB0, 0x0B, 0x44, 0x0B, 0x34,
	0x0B, 0x40, 0xBE, 0x40, 0x02, 0x48, 0xEF, 0x0A, 0x1A, 0x2D, 0x41, 0x80,
	0x0C, 0x7E, 0x39, 0xB0, 0x7A, 0x49, 0xB0, 0x0B, 0x44, 0x0B, 0x34, 0x0B,
	0x40, 0xBE, 0x40, 0x04, 0x48, 0xEF, 0x0B, 0x50, 0xBE, 0x50, 0x02, 0x48,
	0xC1, 0x7E, 0x34, 0xC0, 0x44, 0x7E, 0x24, 0x00, 0x24, 0x12, 0xF2, 0xA4,
	0x7E, 0x34, 0x04, 0x90, 0x7E, 0x24, 0xC0, 0x44, 0x74, 0x02, 0x12, 0xE2,
	0x47, 0x7E, 0x34, 0xC0, 0x20, 0x7E, 0x24, 0xC0, 0x44, 0x74, 0x02, 0x02,
	0xE2, 0x47, 0xCA, 0x79, 0x7D, 0x40, 0x7D, 0xF1, 0x7D, 0xE2, 0x7D, 0x13,
	0x1A, 0xDB, 0x3E, 0xD4, 0x3E, 0xD4, 0x3E, 0xD4, 0x7D, 0xCD, 0x2E, 0xC4,
	0x05, 0xF1, 0x2E, 0xD4, 0x06, 0x41, 0x1A, 0x02, 0x1A, 0x00, 0x7D, 0x32,
	0x1A, 0x26, 0x1A, 0x24, 0x7E, 0xB3, 0x04, 0x70, 0x30, 0xE6, 0x0A, 0x2E,
	0xC4, 0x00, 0x06, 0x2E, 0xD4, 0x00, 0x06, 0x80, 0x3D, 0xE4, 0x0B, 0xC8,
	0xB0, 0x7D, 0x7B, 0x1A, 0x7E, 0x1A, 0xAE, 0x2F, 0x05, 0x0B, 0xC5, 0x0B,
	0xD8, 0xB0, 0x7D, 0x7B, 0x1A, 0x7E, 0x1A, 0xAE, 0x2F, 0x15, 0x0B, 0xD5,
	0x04, 0xBE, 0xB0, 0x03, 0x48, 0xE0, 0x74, 0x02, 0x1E, 0x14, 0x0E, 0x04,
	0x50, 0x03, 0x4E, 0x20, 0x80, 0x14, 0x78, 0xF4, 0x74, 0x02, 0x1E, 0x34,
	0x0E, 0x24, 0x50, 0x03, 0x4E, 0x60, 0x80, 0x14, 0x78, 0xF4, 0x1B, 0xC8,
	0x10, 0x1B, 0xD8, 0x30, 0x1B, 0xF8, 0x10, 0x1B, 0x48, 0x30, 0xDA, 0x79,
	0x22, 0x7C, 0x3B, 0xBE, 0x33, 0x2D, 0x0C, 0x68, 0x25, 0x7E, 0x23, 0x2D,
	0x0C, 0x0A, 0x32, 0x09, 0x73, 0x2C, 0xC4, 0xBE, 0x70, 0x04, 0x50, 0x16,
	0x74, 0x02, 0xAC, 0xB2, 0x49, 0x25, 0x2D, 0x16, 0x7E, 0x73, 0x2D, 0x03,
	0x0A, 0x37, 0xBD, 0x23, 0x50, 0x04, 0x7C, 0xB2, 0x80, 0x51, 0x7E, 0x00,
	0xFF, 0x7E, 0x10, 0xFF, 0x7E, 0x34, 0xFF, 0xFF, 0x7D, 0x43, 0x6C, 0x22,
	0x80, 0x2E, 0xBC, 0x32, 0x68, 0x28, 0x74, 0x02, 0xAC, 0xB2, 0x49, 0x25,
	0x2D, 0x16, 0x0A, 0x52, 0x09, 0xB5, 0x2C, 0xC4, 0xBE, 0xB0, 0x04, 0x50,
	0x08, 0xBD, 0x23, 0x50, 0x04, 0x7D, 0x32, 0x7C, 0x12, 0xBE, 0xB0, 0x10,
	0x50, 0x08, 0xBD, 0x24, 0x50, 0x04, 0x7D, 0x42, 0x7C, 0x02, 0x0B, 0x20,
	0x7E, 0xB3, 0x2D, 0x02, 0xBC, 0xB2, 0x38, 0xCA, 0xBE, 0x10, 0xFF, 0x68,
	0x04, 0x7C, 0xB1, 0x80, 0x02, 0x7C, 0xB0, 0x22, 0xCA, 0xD8, 0xCA, 0x79,
	0x7C, 0xF6, 0x7C, 0xE7, 0x7C, 0xDB, 0x7E, 0x34, 0x37, 0x10, 0x7D, 0x21,
	0x7E, 0x14, 0x00, 0x1E, 0x12, 0xF0, 0xDB, 0x7E, 0x34, 0x2E, 0x54, 0x7E,
	0x24, 0x08, 0xBC, 0x12, 0xF2, 0xA4, 0x7A, 0xD3, 0x2E, 0x56, 0x7A, 0xE3,
	0x2E, 0x57, 0x7A, 0xF3, 0x2E, 0x58, 0x7E, 0xB3, 0x2E, 0x58, 0x70, 0x06,
	0x74, 0x01, 0x7A, 0xB3, 0x2E, 0x58, 0x6D, 0x11, 0x09, 0x71, 0x37, 0x12,
	0x0A, 0x07, 0x3E, 0x04, 0x3E, 0x04, 0x7D, 0x31, 0x3E, 0x34, 0x59, 0x03,
	0x37, 0x09, 0x4D, 0x11, 0x68, 0x1F, 0x7D, 0x01, 0x3E, 0x04, 0x49, 0x20,
	0x37, 0x09, 0x49, 0x30, 0x37, 0x07, 0x9D, 0x32, 0x3E, 0x34, 0x3E, 0x34,
	0x3E, 0x34, 0x7E, 0x24, 0x00, 0x0A, 0x12, 0x8C, 0x88, 0x59, 0x30, 0x37,
	0x03, 0x0B, 0x14, 0xBE, 0x14, 0x00, 0x03, 0x48, 0xC3, 0xDA, 0x79, 0xDA,
	0xD8, 0x22, 0xCA, 0xF8, 0x6C, 0xFF, 0x7E, 0x50, 0x12, 0xAC, 0x5F, 0x3E,
	0x24, 0x7D, 0x32, 0x2E, 0x34, 0x05, 0x39, 0x2E, 0x24, 0x04, 0xBC, 0x7E,
	0x30, 0x02, 0xAC, 0x3F, 0x2E, 0x17, 0x03, 0x10, 0x7E, 0xB3, 0x05, 0x1B,
	0x7E, 0x13, 0x05, 0x1A, 0x12, 0xAF, 0xF3, 0x0B, 0xF0, 0xBE, 0xF0, 0x02,
	0x78, 0xD4, 0x7E, 0xF0, 0x08, 0x7E, 0x23, 0x05, 0x1A, 0xBE, 0x20, 0x08,
	0x50, 0x02, 0x7C, 0xF2, 0x7E, 0x34, 0x05, 0x81, 0x7E, 0x24, 0x05, 0x04,
	0x7E, 0x30, 0x02, 0xAC, 0x23, 0x2E, 0x17, 0x03, 0x10, 0x1B, 0x15, 0x7C,
	0xBF, 0x7E, 0x10, 0xFF, 0x12, 0xAF, 0xF3, 0x7E, 0x34, 0x05, 0x91, 0x7E,
	0x24, 0x05, 0x04, 0x7E, 0x23, 0x05, 0x1B, 0x7E, 0x33, 0x05, 0x1A, 0xAC,
	0x32, 0x3E, 0x14, 0x2E, 0x17, 0x03, 0x10, 0x1B, 0x15, 0x7C, 0xBF, 0x7E,
	0x10, 0xFF, 0x12, 0xAF, 0xF3, 0xDA, 0xF8, 0x22, 0xCA, 0x69, 0xCA, 0xF8,
	0x7D, 0x62, 0x7A, 0x37, 0x37, 0x61, 0x7E, 0x18, 0x37, 0x65, 0x7A, 0x1F,
	0x37, 0x71, 0x7E, 0x70, 0x01, 0x7E, 0x08, 0x37, 0x63, 0x12, 0xE9, 0x84,
	0x7E, 0x37, 0x37, 0x63, 0x0B, 0x38, 0x30, 0x7E, 0x27, 0x37, 0x65, 0x0B,
	0x28, 0x20, 0x1A, 0x1B, 0x3E, 0x14, 0x3E, 0x14, 0x3E, 0x14, 0x2E, 0x14,
	0x05, 0xF1, 0x7A, 0x17, 0x37, 0x63, 0x1A, 0x1B, 0x3E, 0x14, 0x3E, 0x14,
	0x3E, 0x14, 0x2E, 0x14, 0x06, 0x41, 0x7A, 0x17, 0x37, 0x65, 0x7E, 0x17,
	0x37, 0x63, 0x49, 0x01, 0x00, 0x02, 0x49, 0x11, 0x00, 0x04, 0x9D, 0x10,
	0x2D, 0x13, 0x7E, 0x37, 0x37, 0x61, 0x1B, 0x38, 0x10, 0x7E, 0x37, 0x37,
	0x65, 0x49, 0x13, 0x00, 0x02, 0x49, 0x33, 0x00, 0x04, 0x9D, 0x31, 0x2D,
	0x32, 0x1B, 0x68, 0x30, 0xDA, 0xF8, 0xDA, 0x69, 0x22, 0xCA, 0x3B, 0x7C,
	0xF6, 0x7C, 0xE7, 0x7C, 0xDB, 0x9F, 0x11, 0x7A, 0x1F, 0x37, 0x35, 0x6C,
	0xCC, 0x80, 0x3E, 0x7C, 0xBD, 0x7C, 0x7C, 0x12, 0xB8, 0xCC, 0x7A, 0x37,
	0x37, 0x39, 0xE4, 0x7A, 0xB3, 0x37, 0x34, 0x80, 0x24, 0x7E, 0x37, 0x37,
	0x39, 0x0B, 0x38, 0x50, 0x1A, 0x4A, 0x1A, 0x48, 0x7E, 0x0F, 0x37, 0x35,
	0x2F, 0x02, 0x7A, 0x0F, 0x37, 0x35, 0x0B, 0x35, 0x7A, 0x37, 0x37, 0x39,
	0x7E, 0xB3, 0x37, 0x34, 0x04, 0x7A, 0xB3, 0x37, 0x34, 0xBE, 0xF3, 0x37,
	0x34, 0x38, 0xD6, 0x0B, 0xC0, 0xBC, 0xEC, 0x38, 0xBE, 0xE5, 0x5F, 0x7E,
	0x31, 0x5E, 0xAC, 0x3B, 0x7D, 0x51, 0x1E, 0x54, 0x6D, 0x44, 0x7E, 0x1F,
	0x37, 0x35, 0x2F, 0x12, 0x7A, 0x1F, 0x37, 0x35, 0x6D, 0x00, 0x7E, 0x1F,
	0x37, 0x35, 0x12, 0x8D, 0x27, 0xDA, 0x3B, 0x22, 0xCA, 0x79, 0x7C, 0xE7,
	0x7C, 0xFB, 0x7E, 0x18, 0x3A, 0x7C, 0x7A, 0x1F, 0x37, 0x2E, 0x7E, 0x34,
	0x3A, 0x7C, 0xE4, 0x7E, 0x24, 0x00, 0xD3, 0x12, 0xF2, 0xF7, 0xBE, 0xF0,
	0x01, 0x40, 0x54, 0xBE, 0xF0, 0x0C, 0x38, 0x4F, 0x0A, 0x2F, 0x7E, 0x34,
	0x00, 0x10, 0x9D, 0x32, 0x7E, 0x0F, 0x37, 0x2E, 0x39, 0x70, 0x00, 0x01,
	0x0A, 0x3F, 0x6D, 0x22, 0x2E, 0x24, 0x00, 0xFF, 0x2E, 0x18, 0xF7, 0xE0,
	0x7E, 0x1B, 0x70, 0x7E, 0x0F, 0x37, 0x2E, 0x39, 0x70, 0x00, 0x02, 0x4C,
	0xEE, 0x68, 0x24, 0x7C, 0x7E, 0x1E, 0x70, 0x0A, 0x37, 0x6D, 0x22, 0x2E,
	0x18, 0x27, 0x10, 0x0A, 0x1E, 0x6D, 0x00, 0x12, 0x8D, 0x27, 0x7E, 0x0F,
	0x37, 0x2E, 0x39, 0x70, 0x00, 0x06, 0x74, 0x01, 0x7E, 0x1F, 0x37, 0x2E,
	0x7A, 0x1B, 0xB0, 0xDA, 0x79, 0x22, 0xCA, 0x3B, 0x7C, 0xFB, 0xA2, 0xEB,
	0xE4, 0x33, 0x7C, 0xEB, 0xC2, 0xEB, 0x7E, 0x37, 0xF0, 0x20, 0x5E, 0x60,
	0xFB, 0x7A, 0x37, 0xF0, 0x20, 0x6D, 0x33, 0x7A, 0x37, 0xF1, 0x62, 0xE4,
	0x12, 0xCB, 0xA2, 0xE4, 0x12, 0xDC, 0x9B, 0xE4, 0x6C, 0x77, 0x6C, 0x66,
	0x12, 0x88, 0x8E, 0x7C, 0xBF, 0x12, 0xBB, 0x27, 0x12, 0xE5, 0xD1, 0x74,
	0x01, 0x12, 0xEE, 0xA5, 0xE4, 0x12, 0xEE, 0xA5, 0x12, 0xF4, 0xAE, 0x7E,
	0x67, 0xF0, 0x02, 0xA2, 0x01, 0xE4, 0x33, 0xB4, 0x01, 0x10, 0x7E, 0x37,
	0xF0, 0x20, 0x4E, 0x70, 0xFF, 0x7A, 0x37, 0xF0, 0x20, 0x12, 0xE1, 0x45,
	0x80, 0x05, 0x74, 0x01, 0x12, 0xCB, 0xA2, 0xBE, 0x67, 0xF0, 0x02, 0x78,
	0xFA, 0xE5, 0x5B, 0x12, 0xEE, 0xE7, 0x2E, 0xE0, 0xFF, 0x92, 0xEB, 0xDA,
	0x3B, 0x22, 0xCA, 0xF8, 0x30, 0x01, 0x6B, 0x20, 0x0F, 0x68, 0x7E, 0x73,
	0x2C, 0x7B, 0x0A, 0x27, 0x1B, 0x24, 0x7E, 0x73, 0x2C, 0x5F, 0x0A, 0x37,
	0xBD, 0x32, 0x78, 0x12, 0x6C, 0xAA, 0xA2, 0x24, 0xE4, 0x33, 0x0A, 0x2B,
	0x7E, 0x34, 0x00, 0xCB, 0xAD, 0x32, 0x19, 0xA3, 0x2A, 0x1B, 0x7E, 0xF3,
	0x2C, 0x7B, 0xBE, 0xF3, 0x2C, 0x5F, 0x28, 0x2A, 0x7E, 0xB3, 0x2C, 0x5F,
	0x60, 0x24, 0xCA, 0xB8, 0xA2, 0x24, 0xE4, 0x33, 0x0A, 0x0B, 0x7E, 0x14,
	0x00, 0xCB, 0xAD, 0x10, 0x2E, 0x14, 0x2A, 0x1D, 0x6D, 0x00, 0xDA, 0xB8,
	0x12, 0xA7, 0xA5, 0xD2, 0x26, 0xD2, 0x2A, 0x74, 0x01, 0x12, 0xF4, 0x96,
	0x80, 0x10, 0xBE, 0xF3, 0x2C, 0x5F, 0x38, 0x0A, 0xE4, 0x7A, 0xB3, 0x2C,
	0x5F, 0xE4, 0x7A, 0xB3, 0x2C, 0x7B, 0xDA, 0xF8, 0x22, 0x6D, 0x33, 0x80,
	0x36, 0x7E, 0xB3, 0x2D, 0x0F, 0x04, 0x7A, 0xB3, 0x2D, 0x0F, 0x7E, 0x53,
	0x2D, 0x02, 0xBE, 0x53, 0x2D, 0x0F, 0x38, 0x05, 0xE4, 0x7A, 0xB3, 0x2D,
	0x0F, 0x7E, 0x53, 0x2D, 0x0F, 0x0A, 0x25, 0x09, 0xB2, 0x2D, 0x5E, 0x60,
	0x10, 0x7E, 0x33, 0x2D, 0x0D, 0xBE, 0x33, 0x2D, 0x0F, 0x68, 0x06, 0x09,
	0xB2, 0x2D, 0x50, 0x60, 0x0C, 0x0B, 0x34, 0x7E, 0x53, 0x2D, 0x02, 0x0A,
	0x25, 0xBD, 0x23, 0x18, 0xC0, 0x7E, 0x53, 0x2D, 0x02, 0x0A, 0x25, 0xBD,
	0x23, 0x18, 0x1F, 0x6D, 0x33, 0x80, 0x11, 0x09, 0xB3, 0x2C, 0xC4, 0xBE,
	0xB0, 0x10, 0x68, 0x06, 0x74, 0x01, 0x19, 0xB3, 0x2D, 0x5E, 0x0B, 0x34,
	0x7E, 0x53, 0x2D, 0x02, 0x0A, 0x25, 0xBD, 0x23, 0x18, 0xE5, 0x7E, 0xB3,
	0x2D, 0x0F, 0x22, 0x7D, 0x43, 0x7C, 0xAB, 0x7E, 0x73, 0x05, 0x1A, 0x7E,
	0x63, 0x04, 0x15, 0x4C, 0xAB, 0x68, 0x0A, 0x0A, 0x1A, 0x1A, 0x06, 0xAD,
	0x10, 0x1A, 0x22, 0x7C, 0x65, 0x6D, 0x22, 0xE4, 0x80, 0x16, 0x7D, 0x12,
	0x0E, 0x14, 0x0E, 0x14, 0x0E, 0x14, 0x0E, 0x14, 0x1A, 0x0B, 0x2D, 0x04,
	0x7A, 0x09, 0x30, 0x1A, 0x06, 0x2D, 0x20, 0x04, 0xBC, 0x7B, 0x18, 0xE6,
	0x7E, 0x43, 0x04, 0x80, 0x7E, 0x63, 0x04, 0x81, 0x4C, 0xAA, 0x68, 0x16,
	0x0A, 0x1A, 0x1A, 0xE4, 0x7D, 0xFE, 0xAD, 0xF1, 0x7D, 0x2F, 0x1A, 0x24,
	0x7C, 0x45, 0x1A, 0x06, 0xAD, 0x10, 0x1A, 0x52, 0x7C, 0x6B, 0x7E, 0x49,
	0x50, 0x2C, 0x54, 0x7A, 0x49, 0x50, 0x1A, 0x27, 0x2D, 0x24, 0x1B, 0x24,
	0x7E, 0x29, 0x70, 0x2C, 0x76, 0x7A, 0x29, 0x70, 0x22, 0x7D, 0x23, 0xBE,
	0x24, 0x00, 0x10, 0x40, 0x57, 0xBE, 0x24, 0x00, 0x13, 0x38, 0x51, 0x30,
	0x26, 0x5F, 0x20, 0x30, 0x5C, 0x7E, 0x37, 0x2C, 0x5C, 0x7A, 0x37, 0xFF,
	0xD2, 0x7E, 0x34, 0x90, 0x10, 0x7A, 0x37, 0xFF, 0xD6, 0x7E, 0x34, 0x00,
	0xCB, 0x7A, 0x37, 0xFF, 0xDA, 0x7E, 0x34, 0x00, 0x01, 0x7A, 0x37, 0xFF,
	0xD0, 0x30, 0x01, 0x0C, 0x20, 0x0F, 0x09, 0x7E, 0xB3, 0x2C, 0x5F, 0x04,
	0x7A, 0xB3, 0x2C, 0x5F, 0xD2, 0x30, 0x7E, 0x37, 0xFF, 0xD0, 0x5E, 0x34,
	0x00, 0x01, 0x78, 0xF6, 0x7E, 0x37, 0x12, 0xE9, 0x09, 0xB3, 0x00, 0x10,
	0x54, 0x0C, 0x7A, 0xB3, 0x18, 0xF2, 0x80, 0x11, 0xBE, 0x24, 0x01, 0x40,
	0x78, 0x0B, 0x7E, 0x34, 0x00, 0x5C, 0x12, 0xDE, 0xE3, 0xE4, 0x12, 0xF0,
	0x84, 0x22, 0xCA, 0x79, 0x7C, 0xAB, 0x6C, 0x77, 0xA2, 0xEB, 0xE4, 0x33,
	0x7C, 0xFB, 0xA2, 0xAE, 0xE4, 0x33, 0x7C, 0xEB, 0xC2, 0xAE, 0xC2, 0xEB,
	0x4C, 0xAA, 0x68, 0x2A, 0x7E, 0x27, 0x2D, 0xED, 0x0B, 0x28, 0x30, 0x4E,
	0x70, 0x02, 0x1B, 0x28, 0x30, 0x7E, 0x37, 0x2D, 0xED, 0x0B, 0x38, 0x30,
	0x7A, 0x37, 0xF0, 0x00, 0x7E, 0x34, 0xF7, 0xD3, 0x7E, 0x24, 0x00, 0xFF,
	0x0B, 0x1A, 0x30, 0x74, 0x01, 0x12, 0xED, 0xAD, 0x80, 0x20, 0x7E, 0x27,
	0x2D, 0xED, 0x0B, 0x28, 0x30, 0x5E, 0x70, 0xFD, 0x1B, 0x28, 0x30, 0x6C,
	0x77, 0x7E, 0x27, 0x2D, 0xED, 0x0B, 0x28, 0x20, 0x7A, 0x27, 0xF0, 0x00,
	0x0B, 0x70, 0xA5, 0xBF, 0x1E, 0xEF, 0x2E, 0xE0, 0xFF, 0x92, 0xAE, 0x2E,
	0xF0, 0xFF, 0x92, 0xEB, 0xDA, 0x79, 0x22, 0x7C, 0x9B, 0x7E, 0x24, 0x03,
	0xED, 0x49, 0x32, 0x00, 0x04, 0x49, 0x22, 0x00, 0x08, 0x7E, 0x17, 0x03,
	0xD5, 0xBD, 0x12, 0x58, 0x04, 0x7A, 0x27, 0x03, 0xD5, 0xBE, 0x34, 0x00,
	0x00, 0x58, 0x0C, 0x7E, 0x27, 0x03, 0xDB, 0xBD, 0x23, 0x08, 0x04, 0x7A,
	0x37, 0x03, 0xDB, 0x1A, 0x29, 0x09, 0x82, 0x03, 0x32, 0xBE, 0x34, 0x00,
	0x00, 0x58, 0x2E, 0xBE, 0x80, 0x04, 0x50, 0x02, 0x0B, 0x80, 0x1A, 0x26,
	0x1A, 0x24, 0x0A, 0x18, 0x6D, 0x00, 0x12, 0x8C, 0xBA, 0x74, 0x02, 0x1E,
	0x34, 0x0E, 0x24, 0x50, 0x03, 0x4E, 0x60, 0x80, 0x14, 0x78, 0xF4, 0x7E,
	0x27, 0x03, 0xD7, 0xBD, 0x23, 0x08, 0x08, 0x7A, 0x37, 0x03, 0xD7, 0x80,
	0x02, 0x6C, 0x88, 0x1A, 0x39, 0x19, 0x83, 0x03, 0x32, 0x6D, 0x33, 0x22,
	0xCA, 0x79, 0x7E, 0x37, 0xF1, 0x80, 0xBE, 0x73, 0x12, 0xE7, 0x50, 0x14,
	0x7E, 0x37, 0xF1, 0x80, 0x0A, 0x37, 0x7E, 0x53, 0x12, 0xE7, 0x0A, 0x25,
	0x9D, 0x32, 0x6D, 0x77, 0x9D, 0x73, 0x80, 0x0E, 0x7E, 0x37, 0xF1, 0x80,
	0x0A, 0x77, 0x7E, 0x73, 0x12, 0xE7, 0x0A, 0x37, 0x9D, 0x73, 0x12, 0xF5,
	0xB7, 0x70, 0x38, 0x7E, 0x73, 0x2C, 0x3F, 0xBE, 0x70, 0x03, 0x50, 0x0C,
	0x75, 0x9A, 0x03, 0x7C, 0xB7, 0x04, 0x7A, 0xB3, 0x2C, 0x3F, 0x80, 0x25,
	0x7E, 0xA1, 0x9B, 0x75, 0x9A, 0x03, 0xA5, 0xBF, 0x03, 0x06, 0x7A, 0xA3,
	0x2C, 0x3F, 0x80, 0x15, 0xBE, 0xF0, 0x01, 0x78, 0x10, 0x0A, 0x37, 0x0A,
	0x2A, 0x2D, 0x32, 0x1E, 0x34, 0x7A, 0x73, 0x2C, 0x3F, 0x80, 0x02, 0xD2,
	0x0E, 0xDA, 0x79, 0x22, 0xCA, 0x69, 0xCA, 0xF8, 0x7D, 0xF0, 0x7C, 0xA4,
	0x7C, 0x95, 0x7C, 0x8B, 0x7D, 0x03, 0x6C, 0xFF, 0x6C, 0x55, 0x7E, 0xE4,
	0x7F, 0x00, 0x7D, 0x3E, 0x6C, 0x44, 0x80, 0x3A, 0xBC, 0x94, 0x68, 0x27,
	0x4D, 0x11, 0x68, 0x0A, 0x0B, 0x18, 0xD0, 0x0B, 0x08, 0xC0, 0x9D, 0xCD,
	0x80, 0x03, 0x0B, 0x08, 0xC0, 0xBD, 0xEC, 0x08, 0x12, 0xBD, 0x3C, 0x18,
	0x06, 0x7D, 0xEC, 0x7C, 0xF4, 0x80, 0x08, 0x7D, 0xE3, 0x7D, 0x3C, 0x7C,
	0xF5, 0x7C, 0x54, 0x7E, 0xD0, 0x02, 0xAC, 0xDA, 0x2D, 0x06, 0x4D, 0x11,
	0x68, 0x02, 0x0B, 0x15, 0x0B, 0x40, 0xBC, 0x84, 0x38, 0xC2, 0x7A, 0xF9,
	0x50, 0x7E, 0x27, 0x37, 0x6A, 0x7A, 0x29, 0xF0, 0x7E, 0x27, 0x37, 0x6C,
	0x1B, 0x28, 0xE0, 0xDA, 0xF8, 0xDA, 0x69, 0x22, 0xA2, 0x01, 0xE4, 0x33,
	0xB4, 0x01, 0x0B, 0x7E, 0x37, 0xF0, 0x20, 0x5E, 0x60, 0xFB, 0x7A, 0x37,
	0xF0, 0x20, 0x74, 0x01, 0x12, 0xEE, 0xA5, 0xA2, 0x01, 0xE4, 0x33, 0x78,
	0x0A, 0x74, 0xFF, 0x12, 0xBB, 0x27, 0xE5, 0x5B, 0x12, 0xCE, 0x3F, 0xA2,
	0x01, 0xE4, 0x33, 0xB4, 0x01, 0x0A, 0x74, 0xFF, 0x12, 0xBB, 0x27, 0xE5,
	0x5B, 0x12, 0xCE, 0x3F, 0x12, 0xE5, 0xD1, 0xE4, 0x12, 0xEE, 0xA5, 0xE5,
	0x5B, 0x12, 0xEE, 0xE7, 0x12, 0xF3, 0xDB, 0xA2, 0x01, 0xE4, 0x33, 0xB4,
	0x01, 0x0B, 0x7E, 0x37, 0xF0, 0x20, 0x4E, 0x60, 0x04, 0x7A, 0x37, 0xF0,
	0x20, 0x12, 0xF4, 0xAE, 0x7E, 0xB3, 0x2C, 0x64, 0xB4, 0xBB, 0x08, 0x7E,
	0x73, 0x2C, 0x78, 0x7A, 0x73, 0x2C, 0x64, 0xC2, 0x21, 0x22, 0xCA, 0x3B,
	0x7E, 0x34, 0xC1, 0x2A, 0x7A, 0x37, 0x37, 0x45, 0x7E, 0x74, 0x03, 0x52,
	0x6D, 0x66, 0x80, 0x4E, 0x0B, 0x78, 0x30, 0x0B, 0x75, 0x7A, 0x37, 0x37,
	0x47, 0x0B, 0x78, 0x30, 0x0B, 0x75, 0x7A, 0x37, 0x37, 0x49, 0x0B, 0x78,
	0x30, 0x0B, 0x75, 0x7A, 0x37, 0x37, 0x4B, 0x7E, 0x27, 0x37, 0x45, 0x7E,
	0x29, 0x70, 0x0B, 0x24, 0x7A, 0x27, 0x37, 0x45, 0x7A, 0x73, 0x37, 0x4D,
	0x7E, 0xB3, 0x37, 0x4D, 0xBE, 0xB0, 0x02, 0x68, 0x17, 0x74, 0xFF, 0x7E,
	0x37, 0x37, 0x47, 0x7E, 0x27, 0x37, 0x49, 0x7E, 0x17, 0x37, 0x4B, 0x12,
	0x71, 0xF4, 0x74, 0x01, 0x7A, 0xB3, 0x0A, 0xA0, 0x0B, 0x64, 0x7E, 0x73,
	0x03, 0xB6, 0x0A, 0x37, 0xBD, 0x36, 0x18, 0xA8, 0xDA, 0x3B, 0x22, 0x7C,
	0xAB, 0x4C, 0xAA, 0x78, 0x13, 0x7E, 0x37, 0x2D, 0xD9, 0x2E, 0x34, 0x00,
	0x0C, 0x0B, 0x38, 0x30, 0x5E, 0x60, 0x0F, 0x12, 0xF4, 0x62, 0x80, 0x51,
	0xBE, 0xA0, 0x02, 0x78, 0x11, 0x7E, 0x37, 0x2D, 0xE3, 0x0B, 0x35, 0x0B,
	0x38, 0x30, 0x5E, 0x60, 0x0F, 0x12, 0xF4, 0x62, 0x80, 0x3B, 0xE4, 0x7A,
	0xB3, 0x18, 0xF9, 0x6D, 0x33, 0x7A, 0x37, 0x28, 0x1F, 0x7A, 0x37, 0x28,
	0x19, 0xE4, 0x7A, 0xB3, 0x2D, 0xF2, 0xBE, 0xA0, 0x01, 0x78, 0x13, 0x7E,
	0x37, 0x2D, 0xD9, 0x2E, 0x34, 0x00, 0x0E, 0x0B, 0x38, 0x30, 0x5E, 0x60,
	0x0F, 0x12, 0xF4, 0x62, 0x80, 0x0F, 0x7E, 0x37, 0x2D, 0xE3, 0x0B, 0x36,
	0x0B, 0x38, 0x30, 0x5E, 0x60, 0x0F, 0x12, 0xF4, 0x62, 0x22, 0xCA, 0x79,
	0x7E, 0x74, 0xC1, 0x20, 0x12, 0x85, 0x71, 0x7C, 0xAB, 0x6C, 0x77, 0x74,
	0xFF, 0x1A, 0x27, 0x2D, 0x27, 0x7A, 0x29, 0xB0, 0x0B, 0x70, 0xBE, 0x70,
	0x0A, 0x48, 0xF0, 0x7C, 0xBA, 0x12, 0x1D, 0xED, 0x7E, 0x37, 0x0A, 0x9C,
	0x0B, 0x34, 0x7A, 0x37, 0x0A, 0x9C, 0xE4, 0x7A, 0xB3, 0x0A, 0x9E, 0x7A,
	0xB3, 0x0A, 0x9F, 0x7A, 0xB3, 0x0A, 0xA0, 0x7E, 0x34, 0xC1, 0x2A, 0x7E,
	0x24, 0x00, 0x0A, 0x12, 0xF2, 0xA4, 0x7E, 0x34, 0x0A, 0xAB, 0x7E, 0x24,
	0x00, 0x0A, 0x12, 0xF2, 0xA4, 0x7D, 0x37, 0x12, 0x67, 0x55, 0x7D, 0x17,
	0x6D, 0x00, 0x12, 0x23, 0x05, 0x7D, 0x37, 0x12, 0x9A, 0x12, 0x12, 0xCD,
	0xD2, 0xDA, 0x79, 0x22, 0x7D, 0x13, 0x7E, 0xB3, 0x18, 0xF2, 0x0A, 0x3B,
	0x5E, 0x34, 0x00, 0x08, 0x68, 0x24, 0x7E, 0xA3, 0x12, 0xEE, 0x0A, 0x3A,
	0xBD, 0x31, 0x40, 0x1A, 0xBD, 0x32, 0x38, 0x16, 0x54, 0xF7, 0x7A, 0xB3,
	0x18, 0xF2, 0x7E, 0x37, 0x12, 0xE9, 0x2E, 0x34, 0x00, 0x10, 0x7E, 0x39,
	0xB0, 0x54, 0xF7, 0x7A, 0x39, 0xB0, 0x7E, 0xB3, 0x18, 0xF2, 0x0A, 0x3B,
	0x5E, 0x34, 0x00, 0x04, 0x68, 0x24, 0x7E, 0xA3, 0x2C, 0x58, 0x0A, 0x3A,
	0xBD, 0x31, 0x40, 0x1A, 0xBD, 0x32, 0x38, 0x16, 0x54, 0xFB, 0x7A, 0xB3,
	0x18, 0xF2, 0x7E, 0x37, 0x12, 0xE9, 0x2E, 0x34, 0x00, 0x10, 0x7E, 0x39,
	0xB0, 0x54, 0xFB, 0x7A, 0x39, 0xB0, 0x22, 0xCA, 0xF8, 0x7E, 0x34, 0x0D,
	0xF7, 0x7E, 0x24, 0x0E, 0x07, 0x7E, 0x14, 0x0E, 0x1B, 0x7E, 0x04, 0x0D,
	0xEB, 0x12, 0x3A, 0x4F, 0x7A, 0x73, 0x0E, 0x31, 0x12, 0xF5, 0xA5, 0x7A,
	0xB3, 0x0E, 0x32, 0xA2, 0x01, 0xE4, 0x33, 0x78, 0x04, 0x74, 0x01, 0x80,
	0x01, 0xE4, 0x7E, 0x73, 0x12, 0xE7, 0x12, 0x73, 0x61, 0x7E, 0xB3, 0x0D,
	0xBB, 0xB4, 0xFF, 0x0A, 0x7E, 0xB3, 0x0E, 0x31, 0x70, 0x04, 0x6C, 0xFF,
	0x80, 0x03, 0x7E, 0xF0, 0x01, 0x12, 0xF4, 0xD2, 0x4C, 0xFB, 0x12, 0xF5,
	0x4C, 0x4C, 0xFB, 0x12, 0xDA, 0x77, 0x30, 0xE7, 0x03, 0x4E, 0xF0, 0x01,
	0x12, 0xDC, 0xE7, 0x4C, 0xFB, 0x7C, 0xBF, 0xDA, 0xF8, 0x22, 0x7C, 0x93,
	0x7D, 0xE2, 0x7D, 0xB3, 0x6D, 0xAA, 0x0A, 0x1B, 0x6D, 0x00, 0x7F, 0x15,
	0x12, 0x8C, 0xBA, 0x7C, 0x76, 0x7C, 0x65, 0x7D, 0xF3, 0x9F, 0x66, 0x9F,
	0x11, 0x4C, 0x99, 0x68, 0x33, 0x0A, 0x19, 0x6D, 0x00, 0x7F, 0x15, 0x12,
	0x8C, 0xBA, 0x7C, 0x76, 0x7C, 0x65, 0x1A, 0x24, 0x7D, 0x1E, 0x6D, 0x00,
	0x9F, 0x10, 0xBE, 0x18, 0x00, 0x00, 0x18, 0x04, 0x7F, 0x16, 0x80, 0x14,
	0x7E, 0x33, 0x04, 0x41, 0x0A, 0x13, 0x6D, 0x00, 0x12, 0x8C, 0xBA, 0x1E,
	0x34, 0x0E, 0x24, 0x50, 0x03, 0x4E, 0x60, 0x80, 0x7D, 0x1F, 0x6D, 0x00,
	0x2F, 0x10, 0xBE, 0x18, 0xFF, 0xFF, 0x08, 0x04, 0x7E, 0x18, 0xFF, 0xFF,
	0x22, 0xCA, 0x79, 0x7E, 0x74, 0x3A, 0x7C, 0x6C, 0xAA, 0x09, 0xB7, 0x00,
	0x0C, 0xBE, 0xB0, 0x02, 0x50, 0x06, 0x09, 0xB7, 0x00, 0x0F, 0x60, 0x39,
	0x09, 0xA7, 0x00, 0x0D, 0x09, 0xB7, 0x00, 0x0F, 0x60, 0x03, 0x7E, 0xA0,
	0xFF, 0x7C, 0xBA, 0x12, 0xA9, 0xCC, 0x7C, 0xAB, 0xBE, 0xA0, 0x00, 0x58,
	0x0C, 0x09, 0x77, 0x00, 0x0D, 0x19, 0x77, 0x00, 0x0E, 0x6C, 0xAA, 0x80,
	0x14, 0x4C, 0xAA, 0x68, 0x10, 0xE4, 0x19, 0xB7, 0x00, 0x0E, 0x74, 0x01,
	0x19, 0xB7, 0x00, 0x08, 0x12, 0xC4, 0x78, 0x7C, 0xAB, 0x7D, 0x47, 0x2E,
	0x44, 0x00, 0x0D, 0x7E, 0x49, 0xB0, 0x04, 0x7A, 0x49, 0xB0, 0x7C, 0xBA,
	0xDA, 0x79, 0x22, 0x7C, 0x95, 0x7C, 0xA6, 0x7C, 0x87, 0x7F, 0x70, 0x6D,
	0x33, 0x2C, 0x8B, 0xBE, 0x80, 0x00, 0x48, 0x50, 0x7E, 0xB3, 0x0E, 0x7E,
	0xBC, 0xB8, 0x28, 0x48, 0x7E, 0x53, 0x0E, 0x7B, 0x0A, 0x15, 0x1A, 0xAA,
	0x7D, 0xBA, 0xAD, 0xB1, 0x7E, 0x43, 0x0E, 0x7C, 0x0A, 0xD4, 0x1A, 0xC8,
	0xAD, 0xDC, 0x7D, 0x0D, 0x2D, 0x0B, 0x6C, 0x44, 0x80, 0x26, 0xBE, 0xA0,
	0x00, 0x48, 0x1B, 0x7E, 0xB3, 0x0E, 0x7D, 0xBC, 0xBA, 0x28, 0x13, 0x7D,
	0xD0, 0x3E, 0xD4, 0x2D, 0xDF, 0x7D, 0xCE, 0x0B, 0x6A, 0xD0, 0xBE, 0xD4,
	0x00, 0x00, 0x08, 0x02, 0x2D, 0x3D, 0x0B, 0xA0, 0x2D, 0x01, 0x0B, 0x40,
	0xBC, 0x94, 0x38, 0xD6, 0x22, 0x7E, 0x37, 0x2D, 0xD5, 0x49, 0x33, 0x00,
	0x26, 0x2E, 0x34, 0x03, 0x00, 0x7E, 0x08, 0xF0, 0x4E, 0x7E, 0x24, 0x00,
	0x8A, 0x12, 0xEE, 0x3D, 0xE4, 0x12, 0xCB, 0xA2, 0x7E, 0x37, 0xF3, 0x12,
	0x5E, 0x34, 0xF0, 0x00, 0x4E, 0x60, 0x02, 0x7A, 0x37, 0xF3, 0x12, 0x7E,
	0x34, 0x11, 0x35, 0x7A, 0x37, 0xF3, 0x14, 0x7E, 0x37, 0x2D, 0xD5, 0x49,
	0x33, 0x00, 0x2A, 0x2E, 0x34, 0x03, 0x00, 0x7E, 0x08, 0xE0, 0x00, 0x7E,
	0x24, 0x03, 0x30, 0x12, 0xEE, 0x3D, 0x7E, 0x37, 0x2D, 0xD5, 0x49, 0x33,
	0x00, 0x28, 0x2E, 0x34, 0x03, 0x00, 0x7E, 0x08, 0xF2, 0x00, 0x7E, 0x24,
	0x00, 0x35, 0x12, 0xEE, 0x3D, 0x22, 0x20, 0x2E, 0x5D, 0xD2, 0x2E, 0x20,
	0x01, 0x04, 0xE4, 0x12, 0xCB, 0xA2, 0x7E, 0x71, 0x5E, 0x1E, 0x70, 0x0A,
	0x57, 0xC4, 0x54, 0xF0, 0x7C, 0xAB, 0xE4, 0x7D, 0x25, 0x2E, 0x24, 0x04,
	0x00, 0x7E, 0x37, 0x28, 0x1B, 0x5E, 0x34, 0x00, 0x07, 0x2D, 0x32, 0x7A,
	0x37, 0xF0, 0x24, 0x7E, 0x37, 0x2B, 0xB1, 0x4E, 0x70, 0x01, 0x7A, 0x37,
	0x2B, 0xB1, 0x7E, 0x37, 0x2B, 0xB5, 0x4E, 0x60, 0x08, 0x7A, 0x37, 0x2B,
	0xB5, 0x74, 0x01, 0x12, 0xEE, 0xA5, 0x12, 0xE5, 0xD1, 0xE4, 0x12, 0xEE,
	0xA5, 0x20, 0x01, 0x05, 0x74, 0x01, 0x12, 0xCB, 0xA2, 0x6C, 0x77, 0x00,
	0x0B, 0x70, 0xA5, 0xBF, 0x80, 0xF9, 0x22, 0x7E, 0x34, 0x2C, 0x65, 0x7E,
	0x24, 0x00, 0x12, 0x12, 0xF2, 0x4B, 0x75, 0x5B, 0xFF, 0x75, 0x58, 0xFF,
	0x75, 0x59, 0xFF, 0x75, 0x54, 0xFF, 0x75, 0x51, 0xFF, 0x74, 0xE4, 0x7E,
	0x34, 0x00, 0x61, 0x7E, 0x24, 0x00, 0x00, 0x7A, 0x1B, 0xB0, 0xE4, 0x7E,
	0x34, 0x2E, 0x53, 0x7E, 0x24, 0x00, 0x00, 0x7A, 0x1B, 0xB0, 0xE4, 0x7A,
	0xB3, 0x2C, 0x60, 0x7E, 0xB3, 0x2C, 0x5E, 0x70, 0x22, 0xA2, 0x01, 0xE4,
	0x33, 0xB4, 0x01, 0x0A, 0x75, 0x50, 0x00, 0x74, 0x02, 0x12, 0xC9, 0x66,
	0x80, 0x11, 0x7E, 0x37, 0x2D, 0xD9, 0x2E, 0x34, 0x00, 0x17, 0x7E, 0x39,
	0xB0, 0xF5, 0x50, 0xE4, 0x12, 0xC9, 0x66, 0x22, 0xCA, 0xF8, 0x7C, 0xFB,
	0x7D, 0x41, 0x7D, 0xD2, 0x7D, 0xC3, 0x7D, 0x31, 0x9D, 0x30, 0xBE, 0x34,
	0x00, 0x00, 0x58, 0x02, 0x6D, 0x33, 0x7D, 0x13, 0x1A, 0x02, 0x1A, 0x00,
	0x1A, 0x26, 0x1A, 0x24, 0x12, 0x8C, 0xBA, 0x7F, 0x51, 0x7D, 0xF4, 0x1A,
	0x38, 0x1A, 0xE6, 0x7D, 0x3C, 0x1A, 0x26, 0x1A, 0x24, 0x7F, 0x07, 0x12,
	0x8C, 0xBA, 0x2F, 0x15, 0x7D, 0x1D, 0x1A, 0x02, 0x1A, 0x00, 0x2F, 0x07,
	0x0B, 0x0C, 0x12, 0x8D, 0x27, 0x1A, 0x26, 0x1A, 0x24, 0x0A, 0x1F, 0x6D,
	0x00, 0x12, 0x8C, 0xBA, 0x74, 0x06, 0x1E, 0x34, 0x0E, 0x24, 0x50, 0x03,
	0x4E, 0x60, 0x80, 0x14, 0x78, 0xF4, 0xDA, 0xF8, 0x22, 0xCA, 0x3B, 0x7D,
	0x43, 0x7C, 0x3B, 0x7D, 0x32, 0x5E, 0x34, 0x00, 0x01, 0x68, 0x02, 0x0B,
	0x24, 0x7D, 0x32, 0x1E, 0x34, 0x7C, 0xB3, 0x44, 0x01, 0xF5, 0xD2, 0x7D,
	0x54, 0x0A, 0x5A, 0xF5, 0xD7, 0x7C, 0xB9, 0xF5, 0xD6, 0x7D, 0x53, 0x0A,
	0x5A, 0xF5, 0xD9, 0x7C, 0xB7, 0xF5, 0xD8, 0x00, 0x00, 0x00, 0x00, 0xE5,
	0xD5, 0x0A, 0x3B, 0x6D, 0x22, 0x7C, 0xC5, 0x7C, 0xD6, 0x7C, 0xE7, 0x6C,
	0xFF, 0xE5, 0xD4, 0x0A, 0x1B, 0x6D, 0x00, 0x2F, 0x03, 0x2F, 0x10, 0x7C,
	0xC5, 0x7C, 0xD6, 0x7C, 0xE7, 0x6C, 0xFF, 0xE5, 0xD3, 0x0A, 0x1B, 0x6D,
	0x00, 0x2F, 0x03, 0x2F, 0x10, 0xDA, 0x3B, 0x22, 0xCA, 0xF8, 0x7C, 0x7B,
	0x7C, 0xF7, 0x7E, 0xB3, 0x28, 0x1D, 0x30, 0xE4, 0x4E, 0xE4, 0x12, 0xCB,
	0xA2, 0x12, 0xF1, 0x9F, 0xE5, 0x59, 0xBE, 0xB0, 0x01, 0x68, 0x05, 0xE5,
	0x59, 0xB4, 0x02, 0x03, 0x12, 0xF5, 0x6B, 0x7C, 0xBF, 0x54, 0x01, 0x0A,
	0x5B, 0x5E, 0x54, 0x00, 0x01, 0xC4, 0x54, 0xF0, 0x7C, 0xAB, 0xE4, 0x7E,
	0x37, 0x2B, 0xB5, 0x5E, 0x60, 0xEF, 0x4D, 0x35, 0x7A, 0x37, 0x2B, 0xB5,
	0x74, 0x01, 0x12, 0xEE, 0xA5, 0x12, 0xE5, 0xD1, 0xE4, 0x12, 0xEE, 0xA5,
	0x74, 0x01, 0x12, 0xCB, 0xA2, 0x7E, 0xB3, 0x28, 0x1D, 0x54, 0xEF, 0x7A,
	0xB3, 0x28, 0x1D, 0xDA, 0xF8, 0x22, 0xCA, 0x3B, 0x7D, 0x72, 0x7D, 0x63,
	0x7E, 0x34, 0x0E, 0x80, 0x7A, 0x37, 0x37, 0x33, 0x12, 0xD7, 0x86, 0x6D,
	0x44, 0x80, 0x3E, 0x6D, 0x33, 0x80, 0x21, 0x7D, 0x23, 0x3E, 0x24, 0x2E,
	0x27, 0x37, 0x33, 0x0B, 0x28, 0x20, 0x0B, 0x68, 0x50, 0xBD, 0x52, 0x58,
	0x03, 0x1B, 0x68, 0x20, 0x0B, 0x78, 0x50, 0xBD, 0x52, 0x08, 0x03, 0x1B,
	0x78, 0x20, 0x0B, 0x34, 0xE5, 0x5F, 0x0A, 0x5B, 0xBD, 0x53, 0x18, 0xD7,
	0x7E, 0x51, 0x5F, 0x74, 0x02, 0xAC, 0x5B, 0x2E, 0x27, 0x37, 0x33, 0x7A,
	0x27, 0x37, 0x33, 0x0B, 0x44, 0xE5, 0x43, 0x0A, 0x2B, 0xBD, 0x24, 0x18,
	0xBA, 0xDA, 0x3B, 0x22, 0x74, 0xFF, 0x7A, 0xB3, 0x39, 0x30, 0x7A, 0x37,
	0x39, 0x31, 0x7A, 0x27, 0x39, 0x33, 0x7A, 0x37, 0x39, 0x41, 0x7A, 0x27,
	0x39, 0x43, 0x7A, 0x37, 0x39, 0x3D, 0x7A, 0x37, 0x39, 0x39, 0x7A, 0x27,
	0x39, 0x3F, 0x7A, 0x27, 0x39, 0x3B, 0xE4, 0x7A, 0xB3, 0x39, 0x46, 0xE4,
	0x7A, 0xB3, 0x3A, 0x44, 0xE4, 0x7A, 0xB3, 0x3A, 0x45, 0x74, 0xFF, 0x7A,
	0xB3, 0x3A, 0x43, 0x6C, 0x77, 0xE4, 0x0A, 0x27, 0x19, 0xB2, 0x3A, 0x49,
	0x7E, 0x60, 0x80, 0x7E, 0x50, 0x02, 0xAC, 0x57, 0x19, 0x62, 0x3A, 0x5B,
	0x74, 0x80, 0x19, 0xB2, 0x3A, 0x5A, 0x0B, 0x70, 0xBE, 0x70, 0x11, 0x40,
	0xE0, 0x22, 0x7C, 0xAB, 0x6C, 0x66, 0x7E, 0xB3, 0x04, 0x10, 0x20, 0xE0,
	0x2C, 0x1A, 0x27, 0x3E, 0x24, 0x3E, 0x24, 0x3E, 0x24, 0x3E, 0x24, 0x2E,
	0x24, 0x07, 0x9F, 0x7E, 0x73, 0x04, 0x12, 0x7C, 0xB7, 0x1E, 0xB0, 0x0A,
	0x0B, 0x0B, 0x28, 0x10, 0xBD, 0x10, 0x08, 0x0A, 0x49, 0x12, 0x00, 0x02,
	0x0A, 0x27, 0xBD, 0x12, 0x38, 0x03, 0x7E, 0x60, 0x01, 0x1A, 0x4A, 0x09,
	0xB4, 0x07, 0x27, 0xB4, 0x01, 0x1C, 0x09, 0xA4, 0x0A, 0xB5, 0x4C, 0xAA,
	0x68, 0x14, 0xBE, 0xA0, 0x10, 0x78, 0x04, 0x6C, 0xAA, 0x80, 0x07, 0xA5,
	0xBE, 0x00, 0x03, 0x7E, 0xA0, 0x10, 0x19, 0xA4, 0x0A, 0xB5, 0x22, 0x7C,
	0x35, 0x7D, 0x43, 0x7C, 0x2B, 0x7E, 0xB3, 0x04, 0x0F, 0x70, 0x50, 0x7E,
	0x27, 0x03, 0xAE, 0xBE, 0x24, 0x3F, 0xFF, 0x28, 0x04, 0x7E, 0x24, 0x3F,
	0xFF, 0x1A, 0x32, 0x3E, 0x34, 0x2D, 0x34, 0x0B, 0x38, 0x50, 0x7C, 0x2B,
	0x5E, 0x20, 0x01, 0x3E, 0x24, 0x0A, 0x02, 0x4D, 0x02, 0x7E, 0xB3, 0x04,
	0x0B, 0x60, 0x03, 0x4E, 0x00, 0x80, 0x1B, 0x38, 0x00, 0x7E, 0x20, 0x01,
	0x6C, 0xAA, 0x80, 0x13, 0x1A, 0x0A, 0x3E, 0x04, 0x2D, 0x04, 0x0B, 0x08,
	0x00, 0x5E, 0x04, 0x80, 0x00, 0x78, 0x02, 0x6C, 0x22, 0x0B, 0xA0, 0xBC,
	0x3A, 0x18, 0xE9, 0x7A, 0x23, 0x04, 0x0B, 0x22, 0xCA, 0x79, 0x7C, 0xF3,
	0x7C, 0xEB, 0x7D, 0x42, 0x7D, 0xF3, 0x7E, 0xA3, 0x04, 0x0D, 0x0A, 0xEA,
	0x1B, 0xE4, 0x7D, 0x3E, 0x7C, 0xB7, 0x7E, 0x34, 0x00, 0x01, 0x60, 0x05,
	0x3E, 0x34, 0x14, 0x78, 0xFB, 0x6C, 0x66, 0x80, 0x31, 0x0B, 0xF8, 0xD0,
	0x7D, 0x2D, 0x1A, 0x24, 0x1A, 0xC4, 0x0A, 0x17, 0x6D, 0x00, 0x2F, 0x06,
	0x7C, 0xBA, 0x60, 0x0C, 0x1E, 0x14, 0x0E, 0x04, 0x50, 0x03, 0x4E, 0x20,
	0x80, 0x14, 0x78, 0xF4, 0x0B, 0x48, 0xE0, 0x2D, 0xE1, 0x1B, 0x48, 0xE0,
	0x1A, 0xEF, 0x3E, 0xE4, 0x2D, 0xFE, 0x0B, 0x45, 0x0B, 0x60, 0xBC, 0xE6,
	0x18, 0xCB, 0xDA, 0x79, 0x22, 0x7C, 0x6B, 0x6C, 0xAA, 0xE4, 0xBE, 0x60,
	0x18, 0x50, 0x48, 0xBE, 0x60, 0x15, 0x40, 0x0E, 0x7E, 0xA3, 0x3B, 0x6A,
	0x0A, 0x36, 0x9E, 0x34, 0x00, 0x15, 0x7C, 0xB7, 0x80, 0x35, 0xBE, 0x60,
	0x0D, 0x40, 0x0E, 0x7E, 0xA3, 0x3B, 0x4F, 0x0A, 0x36, 0x9E, 0x34, 0x00,
	0x0D, 0x7C, 0xB7, 0x80, 0x22, 0xBE, 0x60, 0x09, 0x40, 0x0E, 0x7E, 0xA3,
	0x39, 0x2D, 0x0A, 0x36, 0x9E, 0x34, 0x00, 0x09, 0x7C, 0xB7, 0x80, 0x0F,
	0xBE, 0x60, 0x01, 0x40, 0x0A, 0x7E, 0xA3, 0x39, 0x2C, 0x0A, 0x36, 0x1B,
	0x34, 0x7C, 0xB7, 0x60, 0x05, 0x1E, 0xA0, 0x14, 0x78, 0xFB, 0x7C, 0xBA,
	0x13, 0x22, 0x7D, 0x40, 0x7D, 0xC1, 0x7D, 0x52, 0x7D, 0xD3, 0xBD, 0xD2,
	0x58, 0x04, 0xBD, 0xC5, 0x48, 0x08, 0xBD, 0xD5, 0x08, 0x07, 0xBD, 0xC5,
	0x08, 0x03, 0x7D, 0x35, 0x22, 0x0E, 0x44, 0x0E, 0x44, 0xBE, 0x44, 0x00,
	0x20, 0x08, 0x03, 0x7D, 0x3D, 0x22, 0x7D, 0xB4, 0x1A, 0x38, 0x1A, 0xA6,
	0x7E, 0x08, 0x00, 0x20, 0x9F, 0x05, 0x7D, 0x35, 0x1A, 0x26, 0x1A, 0x24,
	0x12, 0x8C, 0xBA, 0x7F, 0x71, 0x7D, 0x3D, 0x1A, 0x26, 0x1A, 0x24, 0x7F,
	0x05, 0x12, 0x8C, 0xBA, 0x2F, 0x17, 0x74, 0x05, 0x1E, 0x34, 0x0E, 0x24,
	0x50, 0x03, 0x4E, 0x60, 0x80, 0x14, 0x78, 0xF4, 0x22, 0xCA, 0x3B, 0x7A,
	0xB3, 0x37, 0x49, 0x7F, 0x31, 0x7A, 0x0F, 0x37, 0x45, 0xE4, 0x80, 0x3A,
	0xE4, 0x80, 0x24, 0x7E, 0x3B, 0x70, 0xBE, 0x70, 0x00, 0x58, 0x15, 0x7E,
	0x0F, 0x37, 0x45, 0x7E, 0xB3, 0x37, 0x4A, 0x7E, 0x73, 0x37, 0x4B, 0x7E,
	0x63, 0x37, 0x4C, 0x6D, 0x22, 0x12, 0xDF, 0xF7, 0x0B, 0x74, 0x7E, 0xB3,
	0x37, 0x4C, 0x04, 0x7A, 0xB3, 0x37, 0x4C, 0x7E, 0x73, 0x0E, 0x7D, 0xBE,
	0x73, 0x37, 0x4C, 0x38, 0xCE, 0x7E, 0xB3, 0x37, 0x4B, 0x04, 0x7A, 0xB3,
	0x37, 0x4B, 0x7E, 0x73, 0x37, 0x49, 0xBE, 0x73, 0x37, 0x4B, 0x38, 0xB8,
	0xDA, 0x3B, 0x22, 0x7D, 0x02, 0x7E, 0x63, 0x39, 0x46, 0x0A, 0x26, 0x19,
	0x72, 0x39, 0x5B, 0x60, 0x0F, 0x7E, 0x70, 0x02, 0x7C, 0xB6, 0xAC, 0xB7,
	0x59, 0x05, 0x39, 0x97, 0x59, 0x15, 0x39, 0xC1, 0x7E, 0x44, 0x00, 0x01,
	0x7E, 0xB3, 0x39, 0x46, 0x7E, 0x70, 0x02, 0xAC, 0xB7, 0x59, 0x45, 0x39,
	0xEB, 0x7E, 0x44, 0x7F, 0xFF, 0x7E, 0x73, 0x39, 0x46, 0x5E, 0x70, 0x01,
	0x74, 0x02, 0xAC, 0xB7, 0x59, 0x45, 0x3A, 0x15, 0x7E, 0xB3, 0x39, 0x46,
	0x04, 0x7A, 0xB3, 0x39, 0x46, 0x7E, 0x73, 0x39, 0x46, 0xBE, 0x70, 0x14,
	0x28, 0x06, 0x74, 0x34, 0x7A, 0xB3, 0x39, 0x2B, 0x22, 0x6C, 0xAA, 0xE5,
	0x46, 0x14, 0x68, 0x1A, 0x14, 0x68, 0x27, 0x14, 0x68, 0x34, 0x24, 0x03,
	0x78, 0x3E, 0x7E, 0x34, 0x2E, 0x53, 0x7E, 0x24, 0x00, 0x00, 0x7E, 0x1B,
	0xA0, 0x5E, 0xA0, 0x01, 0x80, 0x2E, 0x7E, 0x34, 0x2E, 0x53, 0x7E, 0x24,
	0x00, 0x00, 0x7E, 0x1B, 0xA0, 0x5E, 0xA0, 0x02, 0x80, 0x1E, 0x7E, 0x34,
	0x2E, 0x53, 0x7E, 0x24, 0x00, 0x00, 0x7E, 0x1B, 0xA0, 0x5E, 0xA0, 0x04,
	0x80, 0x0E, 0x7E, 0x34, 0x2E, 0x53, 0x7E, 0x24, 0x00, 0x00, 0x7E, 0x1B,
	0xA0, 0x5E, 0xA0, 0x08, 0x4C, 0xAA, 0x68, 0x04, 0x74, 0x01, 0x80, 0x01,
	0xE4, 0x22, 0x6C, 0xAA, 0xE5, 0x46, 0x14, 0x68, 0x1A, 0x14, 0x68, 0x27,
	0x14, 0x68, 0x34, 0x24, 0x03, 0x78, 0x3E, 0x7E, 0x34, 0x2E, 0x53, 0x7E,
	0x24, 0x00, 0x00, 0x7E, 0x1B, 0xA0, 0x5E, 0xA0, 0x10, 0x80, 0x2E, 0x7E,
	0x34, 0x2E, 0x53, 0x7E, 0x24, 0x00, 0x00, 0x7E, 0x1B, 0xA0, 0x5E, 0xA0,
	0x20, 0x80, 0x1E, 0x7E, 0x34, 0x2E, 0x53, 0x7E, 0x24, 0x00, 0x00, 0x7E,
	0x1B, 0xA0, 0x5E, 0xA0, 0x40, 0x80, 0x0E, 0x7E, 0x34, 0x2E, 0x53, 0x7E,
	0x24, 0x00, 0x00, 0x7E, 0x1B, 0xA0, 0x5E, 0xA0, 0x80, 0x4C, 0xAA, 0x68,
	0x04, 0x74, 0x01, 0x80, 0x01, 0xE4, 0x22, 0x7E, 0x73, 0x2D, 0x0B, 0xBE,
	0x73, 0x2C, 0x94, 0x68, 0x24, 0x7A, 0x73, 0x2C, 0x94, 0x7E, 0x34, 0x7F,
	0xFF, 0x7A, 0x37, 0x2C, 0x95, 0x7E, 0x34, 0x7F, 0xFF, 0x7A, 0x37, 0x2C,
	0x97, 0x7E, 0x34, 0x7F, 0xFF, 0x7A, 0x37, 0x2C, 0x99, 0x7E, 0x34, 0x7F,
	0xFF, 0x7A, 0x37, 0x2C, 0x9B, 0x12, 0xEB, 0xA8, 0x7E, 0x47, 0x2C, 0x92,
	0x7E, 0xB3, 0x2C, 0x88, 0x7E, 0x70, 0x02, 0xAC, 0xB7, 0x59, 0x45, 0x2C,
	0x95, 0x7E, 0x47, 0x2C, 0xD2, 0x7E, 0xB3, 0x2C, 0x88, 0x7E, 0x70, 0x02,
	0xAC, 0xB7, 0x59, 0x45, 0x2C, 0xD4, 0x12, 0xEE, 0x83, 0x22, 0x7D, 0x03,
	0xE5, 0x46, 0x0A, 0x2B, 0x7E, 0x34, 0x01, 0x80, 0xAD, 0x32, 0x7D, 0x13,
	0x2E, 0x14, 0x12, 0xF1, 0x6D, 0x44, 0x80, 0x37, 0x6D, 0x33, 0x80, 0x17,
	0x7D, 0x53, 0x3E, 0x54, 0x7D, 0x25, 0x2D, 0x21, 0x0B, 0x28, 0xF0, 0x2D,
	0x50, 0x0B, 0x58, 0x20, 0x9D, 0x2F, 0x1B, 0x58, 0x20, 0x0B, 0x34, 0xE5,
	0x5F, 0x0A, 0x2B, 0xBD, 0x23, 0x38, 0xE1, 0x7E, 0x51, 0x5F, 0x74, 0x02,
	0xAC, 0xB5, 0x2D, 0x15, 0x7E, 0x51, 0x5F, 0x74, 0x02, 0xAC, 0xB5, 0x2D,
	0x05, 0x0B, 0x44, 0xE5, 0x43, 0x0A, 0x2B, 0xBD, 0x24, 0x38, 0xC1, 0x22,
	0x7E, 0x47, 0x12, 0xE9, 0x09, 0x74, 0x00, 0x02, 0x7C, 0x67, 0x1E, 0x60,
	0x5E, 0x60, 0x01, 0xA2, 0x08, 0xE4, 0x33, 0xBC, 0xB6, 0x68, 0x15, 0x2E,
	0x60, 0xFF, 0x92, 0x08, 0x30, 0x09, 0x01, 0xB3, 0x50, 0x0A, 0x7E, 0xB3,
	0x28, 0x1D, 0x44, 0x08, 0x7A, 0xB3, 0x28, 0x1D, 0x30, 0x13, 0x25, 0x7E,
	0xA3, 0x28, 0x1D, 0x0A, 0x2A, 0x5E, 0x24, 0xFF, 0xEF, 0x78, 0x19, 0x7C,
	0xB7, 0xC4, 0x03, 0x7C, 0x7B, 0x5E, 0x70, 0x01, 0xA2, 0x0F, 0xE4, 0x33,
	0xBC, 0x7B, 0x68, 0x08, 0x7C, 0xBA, 0x44, 0x10, 0x7A, 0xB3, 0x28, 0x1D,
	0x22, 0x7C, 0xAB, 0x7D, 0x23, 0x7E, 0x34, 0x0D, 0xD1, 0xA2, 0x26, 0xE4,
	0x33, 0x7C, 0x3B, 0x4C, 0xAA, 0x68, 0x42, 0xA5, 0xBB, 0x00, 0x0A, 0x7E,
	0x39, 0xB0, 0xB4, 0x20, 0x04, 0xE4, 0x7A, 0x39, 0xB0, 0x7E, 0x39, 0x20,
	0x7C, 0xB2, 0x54, 0xF0, 0x78, 0x23, 0x7E, 0x29, 0xB0, 0x60, 0x11, 0xB4,
	0x03, 0x07, 0x74, 0x08, 0x7A, 0x39, 0xB0, 0x80, 0x14, 0x74, 0x02, 0x7A,
	0x39, 0xB0, 0x80, 0x0D, 0x0A, 0x02, 0x5E, 0x04, 0x00, 0x0B, 0x68, 0x05,
	0x74, 0x20, 0x7A, 0x39, 0xB0, 0x0B, 0x34, 0x0B, 0x24, 0x1B, 0xA0, 0x78,
	0xBE, 0x22, 0x7C, 0xA4, 0x7C, 0x95, 0x7D, 0x03, 0x09, 0x80, 0x00, 0x04,
	0x0A, 0x38, 0x0A, 0xE2, 0x9D, 0x3E, 0xBE, 0x34, 0x00, 0x00, 0x58, 0x02,
	0x6D, 0x33, 0x09, 0x60, 0x00, 0x05, 0x0A, 0x26, 0x0A, 0xF2, 0x2D, 0x2F,
	0x7C, 0x65, 0x09, 0x20, 0x00, 0x06, 0x0A, 0x22, 0x9D, 0x2E, 0xBE, 0x24,
	0x00, 0x00, 0x58, 0x02, 0x6D, 0x22, 0x7C, 0x25, 0x09, 0x80, 0x00, 0x07,
	0x0A, 0x28, 0x2D, 0x2F, 0x7C, 0x85, 0xBC, 0x6B, 0x40, 0x0F, 0xBC, 0x79,
	0x38, 0x0B, 0xBC, 0x8A, 0x40, 0x07, 0xBC, 0x23, 0x38, 0x03, 0x74, 0x01,
	0x22, 0xE4, 0x22, 0xCA, 0xD8, 0xCA, 0x79, 0x7D, 0x41, 0x7D, 0x12, 0x7D,
	0x03, 0x7E, 0x34, 0xFF, 0xFF, 0x7D, 0x23, 0x6C, 0xEE, 0x80, 0x2B, 0x74,
	0x02, 0xAC, 0xBE, 0x49, 0xF5, 0x2D, 0x16, 0x0A, 0x5E, 0x09, 0xD5, 0x2C,
	0xC4, 0xBE, 0xD0, 0xFF, 0x78, 0x08, 0xBD, 0xF2, 0x50, 0x04, 0x7D, 0x2F,
	0x7C, 0xFE, 0xBE, 0xD0, 0x10, 0x68, 0x09, 0xBD, 0xF3, 0x50, 0x05, 0x7D,
	0x3F, 0x7A, 0x49, 0xE0, 0x0B, 0xE0, 0x7E, 0xB3, 0x2D, 0x02, 0xBC, 0xBE,
	0x38, 0xCD, 0x1B, 0x08, 0x20, 0x1B, 0x18, 0x30, 0x7C, 0xBF, 0xDA, 0x79,
	0xDA, 0xD8, 0x22, 0x29, 0x70, 0x00, 0x14, 0x0A, 0x37, 0x09, 0x73, 0x37,
	0x18, 0x7A, 0x73, 0x2E, 0x5A, 0x29, 0x70, 0x00, 0x14, 0x09, 0x73, 0x37,
	0x1B, 0x7A, 0x73, 0x2E, 0x5B, 0x7E, 0x0B, 0x70, 0xBE, 0x73, 0x2E, 0x59,
	0x68, 0x30, 0x7A, 0x73, 0x2E, 0x59, 0x29, 0xB0, 0x00, 0x01, 0x70, 0x0C,
	0x7E, 0x73, 0x37, 0x1E, 0xBE, 0x73, 0x2E, 0x5C, 0x50, 0x10, 0x80, 0x0A,
	0x7E, 0x73, 0x37, 0x1F, 0xBE, 0x73, 0x2E, 0x5C, 0x50, 0x04, 0x7A, 0x73,
	0x2E, 0x5C, 0x7E, 0x08, 0x2E, 0x5D, 0xE4, 0x7E, 0x34, 0x00, 0x04, 0x02,
	0xF2, 0x33, 0x22, 0x7E, 0xB3, 0x05, 0x25, 0x30, 0xE7, 0x06, 0x7E, 0xB3,
	0x05, 0x27, 0x80, 0x04, 0x7E, 0xB3, 0x04, 0x6F, 0x12, 0xE5, 0x22, 0x7E,
	0x73, 0x05, 0x28, 0x4C, 0x77, 0x68, 0x1A, 0x7E, 0x24, 0x01, 0x05, 0x7A,
	0x27, 0xFF, 0x66, 0x7E, 0x24, 0x1F, 0x01, 0x7A, 0x27, 0xFF, 0x68, 0x0A,
	0x27, 0x7C, 0x67, 0x6C, 0x77, 0x4D, 0x32, 0x80, 0x17, 0x7E, 0x73, 0x03,
	0xFD, 0x0A, 0x37, 0x7A, 0x37, 0xFF, 0x66, 0x7E, 0x63, 0x03, 0xFE, 0x7E,
	0x70, 0x01, 0x7A, 0x37, 0xFF, 0x68, 0x6D, 0x33, 0x7A, 0x37, 0xFF, 0x6A,
	0x22, 0xCA, 0xF8, 0x7C, 0x36, 0x7C, 0x27, 0x7C, 0xFB, 0x6D, 0x00, 0x7A,
	0x07, 0x2B, 0xB5, 0xA2, 0x0F, 0xE4, 0x33, 0x0A, 0x5B, 0x5E, 0x54, 0x00,
	0x01, 0xC4, 0x54, 0xF0, 0x7C, 0xAB, 0xE4, 0x6D, 0x00, 0x4D, 0x05, 0x7A,
	0x07, 0x2B, 0xB5, 0x0A, 0x3F, 0x5E, 0x34, 0x00, 0x07, 0x7C, 0x67, 0x6C,
	0x77, 0x7E, 0x07, 0x2B, 0xB5, 0x5E, 0x00, 0xF8, 0x4D, 0x03, 0x7A, 0x07,
	0x2B, 0xB5, 0x30, 0x0F, 0x03, 0x30, 0x01, 0x00, 0xE4, 0x7C, 0x72, 0x7C,
	0x63, 0x12, 0xE7, 0xF8, 0x7A, 0xF1, 0x5B, 0xDA, 0xF8, 0x22, 0xCA, 0x3B,
	0x7F, 0x30, 0x30, 0x0F, 0x08, 0x74, 0x05, 0x7A, 0xB3, 0x2C, 0x59, 0x80,
	0x2D, 0x30, 0x0C, 0x2A, 0x30, 0x0D, 0x1B, 0x30, 0x2F, 0x0A, 0x12, 0xF5,
	0xB7, 0x70, 0x05, 0xE4, 0x7A, 0xB3, 0x2C, 0x59, 0x12, 0xF5, 0xB7, 0xBE,
	0xB0, 0x00, 0x28, 0x03, 0xD3, 0x80, 0x01, 0xC3, 0x92, 0x2F, 0x7E, 0xB3,
	0x2C, 0x59, 0x70, 0x06, 0x12, 0xD1, 0x5E, 0xE4, 0x80, 0x12, 0x12, 0x7C,
	0x6B, 0xD2, 0x44, 0x12, 0xF5, 0xCB, 0x12, 0xF5, 0x64, 0x7F, 0x03, 0x12,
	0xB6, 0x5F, 0x74, 0x01, 0xDA, 0x3B, 0x22, 0x6C, 0xAA, 0x7E, 0x73, 0x03,
	0xBF, 0xA5, 0xBF, 0x01, 0x10, 0x7E, 0x27, 0x03, 0xB0, 0x4D, 0x22, 0x78,
	0x05, 0x7E, 0xA0, 0x01, 0x80, 0x03, 0x7E, 0xA0, 0x80, 0xA5, 0xBF, 0x02,
	0x03, 0x4E, 0xA0, 0x40, 0x7E, 0xB3, 0x03, 0xDD, 0x60, 0x03, 0x4E, 0xA0,
	0x02, 0x7E, 0xB3, 0x03, 0xDE, 0x60, 0x03, 0x4E, 0xA0, 0x04, 0x7E, 0xB3,
	0x03, 0xDF, 0x60, 0x03, 0x4E, 0xA0, 0x08, 0x7E, 0xB3, 0x03, 0xCF, 0x60,
	0x03, 0x4E, 0xA0, 0x10, 0x7E, 0xB3, 0x03, 0xCD, 0x60, 0x03, 0x4E, 0xA0,
	0x20, 0x7C, 0xBA, 0x22, 0x7E, 0xB3, 0x2C, 0x5E, 0x70, 0x47, 0x7E, 0x37,
	0x2D, 0xD7, 0x7E, 0x39, 0x50, 0x7E, 0x37, 0x12, 0xE9, 0x7A, 0x39, 0x50,
	0x7E, 0x37, 0x2D, 0xD9, 0x2E, 0x34, 0x00, 0x03, 0x0B, 0x38, 0x30, 0x7E,
	0x27, 0x12, 0xE9, 0x59, 0x32, 0x00, 0x05, 0x7E, 0x37, 0x2D, 0xD9, 0x2E,
	0x34, 0x00, 0x05, 0x0B, 0x38, 0x30, 0x7E, 0x27, 0x12, 0xE9, 0x59, 0x32,
	0x00, 0x07, 0x7E, 0x37, 0x2D, 0xD9, 0x2E, 0x34, 0x00, 0x07, 0x7E, 0x39,
	0x70, 0x7E, 0x27, 0x12, 0xE9, 0x19, 0x72, 0x00, 0x09, 0x22, 0xA2, 0x17,
	0xE4, 0x33, 0x78, 0x06, 0x6D, 0x33, 0x7A, 0x37, 0xF1, 0x62, 0x30, 0x34,
	0x04, 0xD2, 0x36, 0x80, 0x3A, 0x30, 0x35, 0x28, 0x7E, 0x73, 0x18, 0xF3,
	0x0A, 0x37, 0x2E, 0x37, 0x2D, 0xE3, 0x2E, 0x34, 0x00, 0x0B, 0x7E, 0x39,
	0xB0, 0x6C, 0x77, 0x12, 0xEE, 0xC6, 0x7E, 0xA3, 0x18, 0xF3, 0x7C, 0xBA,
	0x04, 0x7A, 0xB3, 0x18, 0xF3, 0x7C, 0xBA, 0x12, 0x89, 0x8F, 0xC2, 0x35,
	0x7E, 0x37, 0xF0, 0x20, 0x5E, 0x60, 0xFB, 0x7A, 0x37, 0xF0, 0x20, 0xE4,
	0x12, 0xCB, 0xA2, 0x22, 0x7E, 0x34, 0x00, 0x08, 0xE5, 0x4E, 0x0A, 0x2B,
	0x2E, 0x25, 0x4A, 0xBE, 0x24, 0x00, 0xF8, 0x78, 0x08, 0x7E, 0xB3, 0x12,
	0xE0, 0xF5, 0xDE, 0x80, 0x2E, 0xBE, 0x24, 0x01, 0x10, 0x40, 0x14, 0xBE,
	0x24, 0x01, 0x2F, 0x38, 0x0E, 0x7D, 0x12, 0x9E, 0x14, 0x01, 0x10, 0x09,
	0xB1, 0x2E, 0x33, 0xF5, 0xDE, 0x80, 0x14, 0xBE, 0x24, 0x01, 0xBC, 0x38,
	0x0B, 0x2E, 0x27, 0x12, 0xE9, 0x7E, 0x29, 0xB0, 0xF5, 0xDE, 0x80, 0x03,
	0x75, 0xDE, 0x00, 0x05, 0x4E, 0x1B, 0x34, 0x78, 0xB7, 0x22, 0x7C, 0xAB,
	0xE5, 0x46, 0x14, 0x68, 0x0F, 0x14, 0x68, 0x11, 0x14, 0x68, 0x13, 0x24,
	0x03, 0x78, 0x12, 0x7E, 0x60, 0x01, 0x80, 0x0D, 0x7E, 0x60, 0x02, 0x80,
	0x08, 0x7E, 0x60, 0x04, 0x80, 0x03, 0x7E, 0x60, 0x08, 0x4C, 0xAA, 0x68,
	0x12, 0x7E, 0x14, 0x2E, 0x53, 0x7E, 0x04, 0x00, 0x00, 0x7E, 0x0B, 0x70,
	0x4C, 0x76, 0x7A, 0x0B, 0x70, 0x80, 0x14, 0x7C, 0xB6, 0x64, 0xFF, 0x7E,
	0x14, 0x2E, 0x53, 0x7E, 0x04, 0x00, 0x00, 0x7E, 0x0B, 0x70, 0x5C, 0x7B,
	0x7A, 0x0B, 0x70, 0x22, 0x7C, 0xAB, 0xE5, 0x46, 0x14, 0x68, 0x0F, 0x14,
	0x68, 0x11, 0x14, 0x68, 0x13, 0x24, 0x03, 0x78, 0x12, 0x7E, 0x60, 0x10,
	0x80, 0x0D, 0x7E, 0x60, 0x20, 0x80, 0x08, 0x7E, 0x60, 0x40, 0x80, 0x03,
	0x7E, 0x60, 0x80, 0x4C, 0xAA, 0x68, 0x12, 0x7E, 0x14, 0x2E, 0x53, 0x7E,
	0x04, 0x00, 0x00, 0x7E, 0x0B, 0x70, 0x4C, 0x76, 0x7A, 0x0B, 0x70, 0x80,
	0x14, 0x7C, 0xB6, 0x64, 0xFF, 0x7E, 0x14, 0x2E, 0x53, 0x7E, 0x04, 0x00,
	0x00, 0x7E, 0x0B, 0x70, 0x5C, 0x7B, 0x7A, 0x0B, 0x70, 0x22, 0x7C, 0x3B,
	0x7D, 0x03, 0x7E, 0x34, 0xC0, 0x00, 0x1A, 0x54, 0x2D, 0x35, 0x7C, 0x25,
	0x7E, 0x43, 0x03, 0xE5, 0xA5, 0xBB, 0x00, 0x06, 0x7E, 0x43, 0x03, 0xE6,
	0x80, 0x12, 0x7E, 0x53, 0x05, 0x1B, 0x0A, 0x45, 0x1B, 0x44, 0x1A, 0x53,
	0xBD, 0x54, 0x78, 0x04, 0x7E, 0x43, 0x03, 0xE7, 0x7E, 0x53, 0x03, 0xE8,
	0x1A, 0x12, 0x7A, 0x17, 0xFF, 0x52, 0x7A, 0x27, 0xFF, 0x54, 0x7A, 0x37,
	0xFF, 0x56, 0x7E, 0x17, 0x03, 0xE3, 0x7A, 0x17, 0xFF, 0x58, 0x7A, 0x07,
	0xFF, 0x50, 0x22, 0x7C, 0xAB, 0xA2, 0xEB, 0xE4, 0x33, 0x7C, 0x7B, 0xC2,
	0xEB, 0x6C, 0x66, 0x4C, 0xAA, 0x68, 0x11, 0x7E, 0x17, 0x2D, 0xED, 0x0B,
	0x16, 0x0B, 0x18, 0x20, 0x4E, 0x40, 0x02, 0x1B, 0x18, 0x20, 0x80, 0x0F,
	0x7E, 0x17, 0x2D, 0xED, 0x0B, 0x16, 0x0B, 0x18, 0x20, 0x5E, 0x40, 0xFD,
	0x1B, 0x18, 0x20, 0x6C, 0x66, 0x7E, 0x27, 0x2D, 0xED, 0x0B, 0x26, 0x0B,
	0x28, 0x20, 0x7A, 0x27, 0xF0, 0x04, 0x0B, 0x60, 0xBE, 0x60, 0x1E, 0x40,
	0xEC, 0x2E, 0x70, 0xFF, 0x92, 0xEB, 0x22, 0x7E, 0x73, 0x04, 0x2F, 0x0A,
	0x37, 0x4D, 0x33, 0x68, 0x0F, 0x6E, 0x34, 0xFF, 0xFF, 0x0B, 0x34, 0xBE,
	0x37, 0x03, 0xDB, 0x08, 0x03, 0x74, 0x01, 0x22, 0x7E, 0xB3, 0x05, 0x19,
	0x60, 0x15, 0x7E, 0x73, 0x03, 0xBD, 0xBE, 0x70, 0x0A, 0x38, 0x03, 0x74,
	0x01, 0x22, 0x7E, 0xB3, 0x04, 0x09, 0x60, 0x03, 0x74, 0x01, 0x22, 0x7E,
	0x73, 0x03, 0xBC, 0xBE, 0x70, 0x0A, 0x28, 0x09, 0x7E, 0x73, 0x03, 0xC3,
	0xBE, 0x70, 0x00, 0x28, 0x04, 0x74, 0x01, 0x80, 0x01, 0xE4, 0x22, 0x7D,
	0x13, 0x7E, 0x73, 0x05, 0x1B, 0x0A, 0x07, 0x1B, 0x04, 0x7C, 0x01, 0x6C,
	0x11, 0x7E, 0x73, 0x05, 0x1A, 0x0A, 0x37, 0x1B, 0x34, 0x7C, 0x67, 0x6C,
	0x77, 0x7E, 0xB3, 0x05, 0x16, 0x70, 0x06, 0x7D, 0x50, 0x7D, 0x03, 0x7D,
	0x35, 0x7E, 0xB3, 0x04, 0x62, 0x1A, 0x4B, 0x7E, 0xB3, 0x04, 0x63, 0x1A,
	0x5B, 0x9D, 0x04, 0x9D, 0x35, 0xBD, 0x41, 0x18, 0x0C, 0xBD, 0x52, 0x18,
	0x08, 0xBD, 0x01, 0x48, 0x04, 0xBD, 0x32, 0x58, 0x03, 0x74, 0x01, 0x22,
	0xE4, 0x22, 0x7E, 0xA3, 0x05, 0x1A, 0x7A, 0xA3, 0x0E, 0x7E, 0x7E, 0xB3,
	0x05, 0x1B, 0x7A, 0xB3, 0x0E, 0x7D, 0x74, 0x01, 0x7A, 0xB3, 0x0E, 0x7C,
	0x7A, 0xA3, 0x0E, 0x7B, 0xE4, 0x7A, 0xB3, 0x37, 0x4D, 0x7E, 0x17, 0x03,
	0x10, 0x6D, 0x00, 0x7E, 0x18, 0x04, 0x90, 0x74, 0x02, 0x12, 0x01, 0x9C,
	0x7E, 0x73, 0x0E, 0x7E, 0x0A, 0x37, 0x1B, 0x35, 0x7A, 0x73, 0x37, 0x4D,
	0x7E, 0x17, 0x03, 0x10, 0x6D, 0x00, 0x7E, 0x18, 0xC0, 0x20, 0x74, 0x02,
	0x02, 0x01, 0x9C, 0xE4, 0x7A, 0xB3, 0x03, 0xE1, 0x6D, 0x33, 0x6C, 0xAA,
	0x1A, 0x2A, 0x09, 0x52, 0x07, 0x27, 0xA5, 0xBD, 0x01, 0x08, 0x74, 0x01,
	0x7A, 0xB3, 0x03, 0xDF, 0x80, 0x0A, 0xA5, 0xBD, 0x02, 0x06, 0x74, 0x01,
	0x7A, 0xB3, 0x03, 0xDE, 0xBE, 0x50, 0x01, 0x28, 0x16, 0xBE, 0x50, 0x05,
	0x50, 0x11, 0x1A, 0x1A, 0x09, 0xB1, 0x08, 0x49, 0x30, 0xE6, 0x06, 0x74,
	0x01, 0x7A, 0xB3, 0x03, 0xE1, 0x0B, 0x34, 0x0B, 0xA0, 0xBE, 0xA0, 0x0A,
	0x48, 0xC2, 0x22, 0x7A, 0x37, 0x39, 0x35, 0x7A, 0x27, 0x39, 0x37, 0x7E,
	0x37, 0x39, 0x35, 0x7E, 0x27, 0x39, 0x39, 0x12, 0xF4, 0x7C, 0x7A, 0x37,
	0x39, 0x39, 0x7E, 0x37, 0x39, 0x37, 0x7E, 0x27, 0x39, 0x3B, 0x12, 0xF4,
	0x7C, 0x7A, 0x37, 0x39, 0x3B, 0x7E, 0x37, 0x39, 0x35, 0x7E, 0x27, 0x39,
	0x3D, 0x12, 0xF4, 0x89, 0x7A, 0x37, 0x39, 0x3D, 0x7E, 0x37, 0x39, 0x37,
	0x7E, 0x27, 0x39, 0x3F, 0x12, 0xF4, 0x89, 0x7A, 0x37, 0x39, 0x3F, 0x12,
	0x8F, 0x64, 0x22, 0x7E, 0x44, 0x3A, 0x7C, 0x09, 0xB4, 0x00, 0x04, 0x09,
	0xA4, 0x00, 0x01, 0x2C, 0xBA, 0xBE, 0xB0, 0x10, 0x40, 0x03, 0xE4, 0x80,
	0x2F, 0x19, 0xB4, 0x00, 0x04, 0x09, 0xA4, 0x00, 0x06, 0xA4, 0x2E, 0x54,
	0x00, 0x08, 0x1E, 0x54, 0x1E, 0x54, 0x1E, 0x54, 0x1E, 0x54, 0x7C, 0xAB,
	0x09, 0xB4, 0x00, 0x05, 0x19, 0xA4, 0x00, 0x05, 0x0A, 0x3A, 0x1B, 0x35,
	0x7C, 0xA7, 0x9C, 0xAB, 0x74, 0x01, 0x19, 0xB4, 0x00, 0x03, 0x7C, 0xBA,
	0x22, 0x7E, 0x73, 0x39, 0x2B, 0xBE, 0x70, 0x00, 0x28, 0x08, 0xBE, 0x70,
	0x20, 0x50, 0x03, 0xD3, 0x80, 0x34, 0x7E, 0x73, 0x3B, 0x54, 0xBE, 0x70,
	0x00, 0x28, 0x08, 0xBE, 0x70, 0x20, 0x50, 0x03, 0xD3, 0x80, 0x23, 0x7E,
	0x73, 0x3B, 0x77, 0xBE, 0x70, 0x00, 0x28, 0x08, 0xBE, 0x70, 0x20, 0x50,
	0x03, 0xD3, 0x80, 0x12, 0x7E, 0x73, 0x3B, 0x7A, 0xBE, 0x70, 0x00, 0x28,
	0x08, 0xBE, 0x70, 0x20, 0x38, 0x03, 0xD3, 0x80, 0x01, 0xC3, 0x22, 0xCA,
	0x79, 0x7D, 0x73, 0xE5, 0x4F, 0xBE, 0xB0, 0x00, 0x28, 0x34, 0x12, 0xEC,
	0xF4, 0x7E, 0x79, 0xB0, 0x04, 0x7A, 0x79, 0xB0, 0x7E, 0x79, 0x70, 0xBE,
	0x70, 0x04, 0x40, 0x04, 0xE4, 0x7A, 0x79, 0xB0, 0x7E, 0x79, 0x60, 0x7E,
	0x70, 0x7D, 0xAC, 0x67, 0x2E, 0x34, 0x28, 0x24, 0x7A, 0x37, 0x12, 0xDB,
	0x15, 0x4F, 0x7E, 0x37, 0xFF, 0xD0, 0x5E, 0x34, 0x00, 0x01, 0x78, 0xF6,
	0x80, 0x03, 0x12, 0xF4, 0x39, 0xDA, 0x79, 0x22, 0xCA, 0x3B, 0x7D, 0x72,
	0x7D, 0x63, 0x7E, 0x18, 0x37, 0x6F, 0x7A, 0x1F, 0x37, 0x71, 0x6C, 0x77,
	0x7E, 0x08, 0x37, 0x6D, 0x12, 0xE9, 0x84, 0x6C, 0x77, 0x7E, 0x27, 0x37,
	0x6D, 0x1B, 0x28, 0x60, 0x7E, 0x27, 0x37, 0x6D, 0x0B, 0x25, 0x7A, 0x27,
	0x37, 0x6D, 0x7E, 0x27, 0x37, 0x6F, 0x1B, 0x28, 0x70, 0x7E, 0x27, 0x37,
	0x6F, 0x0B, 0x25, 0x7A, 0x27, 0x37, 0x6F, 0x0B, 0x70, 0xBE, 0x70, 0x02,
	0x48, 0xD7, 0xDA, 0x3B, 0x22, 0x7C, 0x56, 0x7C, 0xA7, 0x7F, 0x70, 0x2C,
	0xAB, 0xBE, 0xA0, 0x00, 0x48, 0x35, 0x7E, 0x43, 0x0E, 0x7E, 0xBC, 0x4A,
	0x28, 0x2D, 0xBE, 0x50, 0x00, 0x48, 0x28, 0x7E, 0x43, 0x0E, 0x7D, 0xBC,
	0x45, 0x28, 0x20, 0x7E, 0x43, 0x0E, 0x7B, 0x0A, 0x14, 0x1A, 0x05, 0xAD,
	0x10, 0x7E, 0xB3, 0x0E, 0x7C, 0x0A, 0x3B, 0x1A, 0x2A, 0xAD, 0x32, 0x2D,
	0x31, 0x3E, 0x34, 0x2D, 0x3F, 0x7D, 0x2E, 0x0B, 0x1A, 0x30, 0x22, 0x6D,
	0x33, 0x22, 0xE4, 0x12, 0xEC, 0x53, 0x7E, 0xA3, 0x39, 0x46, 0x4C, 0xAA,
	0x78, 0x08, 0x74, 0x32, 0x7A, 0xB3, 0x39, 0x2B, 0x80, 0x30, 0xBE, 0xA0,
	0x01, 0x78, 0x08, 0x74, 0x33, 0x7A, 0xB3, 0x39, 0x2B, 0x80, 0x23, 0x12,
	0x64, 0x02, 0x7E, 0xB3, 0x39, 0x2B, 0xB4, 0x10, 0x19, 0x12, 0xBF, 0xB8,
	0xE4, 0x6C, 0x77, 0x12, 0x5B, 0x55, 0x74, 0x01, 0x7E, 0x70, 0x01, 0x12,
	0x5B, 0x55, 0x74, 0x02, 0x7E, 0x70, 0xFE, 0x12, 0x5B, 0x55, 0x22, 0x7D,
	0xF2, 0x7C, 0x57, 0x7F, 0x60, 0x2C, 0x5B, 0xBE, 0x50, 0x00, 0x48, 0x36,
	0x7E, 0x73, 0x0E, 0x7E, 0xBC, 0x75, 0x28, 0x2E, 0xBE, 0x60, 0x00, 0x48,
	0x29, 0x7E, 0x73, 0x0E, 0x7D, 0xBC, 0x76, 0x28, 0x21, 0x7E, 0x73, 0x0E,
	0x7B, 0x0A, 0x17, 0x1A, 0x06, 0xAD, 0x10, 0x7E, 0x43, 0x0E, 0x7C, 0x0A,
	0x34, 0x1A, 0x25, 0xAD, 0x32, 0x7D, 0xE3, 0x2D, 0xE1, 0x3E, 0xE4, 0x7F,
	0x16, 0x2D, 0x3E, 0x1B, 0x1A, 0xF0, 0x22, 0x7E, 0x27, 0x12, 0xE9, 0x09,
	0xA2, 0x00, 0xF1, 0x7C, 0xBA, 0x23, 0x23, 0x7C, 0x6B, 0x5E, 0x60, 0x01,
	0x7C, 0x7A, 0x1E, 0x70, 0x1E, 0x70, 0x5E, 0x70, 0x07, 0xA2, 0x00, 0xE4,
	0x33, 0xBC, 0xB6, 0x78, 0x06, 0xBE, 0x73, 0x12, 0xE2, 0x68, 0x13, 0x2E,
	0x60, 0xFF, 0x92, 0x00, 0x7A, 0x73, 0x12, 0xE2, 0x7E, 0xB3, 0x28, 0x1D,
	0x44, 0x01, 0x7A, 0xB3, 0x28, 0x1D, 0x7C, 0xBA, 0x54, 0x03, 0x12, 0xEA,
	0x10, 0x22, 0x7D, 0x43, 0x7C, 0xAB, 0x6C, 0x77, 0x6C, 0x66, 0xBE, 0xA0,
	0x00, 0x28, 0x2C, 0xBE, 0xA0, 0x10, 0x38, 0x27, 0xBE, 0xA0, 0x07, 0x78,
	0x04, 0x7E, 0x73, 0x0E, 0x2F, 0x0A, 0x2A, 0x09, 0x62, 0x0D, 0xBA, 0x1B,
	0xA0, 0x7E, 0x24, 0x00, 0x01, 0x7C, 0xBA, 0x60, 0x05, 0x3E, 0x24, 0x14,
	0x78, 0xFB, 0x5E, 0x27, 0x0D, 0xE9, 0x68, 0x03, 0x4E, 0x70, 0x80, 0x4D,
	0x44, 0x68, 0x03, 0x7A, 0x49, 0x60, 0x7C, 0xB7, 0x22, 0xA9, 0xD1, 0xEE,
	0x7E, 0x34, 0xF7, 0xD3, 0x7E, 0x24, 0x00, 0xFF, 0x0B, 0x1A, 0x30, 0x74,
	0x03, 0x12, 0xED, 0xAD, 0xA9, 0xC1, 0xEE, 0x7E, 0x34, 0xF7, 0xD3, 0x7E,
	0x24, 0x00, 0xFF, 0x0B, 0x1A, 0x30, 0x74, 0x03, 0x12, 0xED, 0xAD, 0xA9,
	0xD1, 0xEE, 0x7E, 0x34, 0xF7, 0xD3, 0x7E, 0x24, 0x00, 0xFF, 0x0B, 0x1A,
	0x30, 0x74, 0x03, 0x12, 0xED, 0xAD, 0x7E, 0x34, 0x00, 0x01, 0x7A, 0x37,
	0xF3, 0x04, 0x22, 0x7C, 0x57, 0x7C, 0xAB, 0xBE, 0xA0, 0x00, 0x28, 0x38,
	0xBE, 0xA0, 0x10, 0x38, 0x33, 0xBE, 0xA0, 0x07, 0x78, 0x08, 0x7C, 0xB5,
	0x54, 0x03, 0x7A, 0xB3, 0x0E, 0x30, 0x1B, 0xA0, 0x7E, 0x14, 0x00, 0x01,
	0x7C, 0xBA, 0x60, 0x05, 0x3E, 0x14, 0x14, 0x78, 0xFB, 0x7E, 0x37, 0x0D,
	0xF5, 0x7D, 0x01, 0x6E, 0x04, 0xFF, 0xFF, 0x5D, 0x30, 0x7C, 0xB5, 0x30,
	0xE7, 0x02, 0x4D, 0x31, 0x7A, 0x37, 0x0D, 0xF5, 0x22, 0xE4, 0x7A, 0xB3,
	0x18, 0xF3, 0x30, 0x17, 0x04, 0xE4, 0x12, 0x89, 0x8F, 0x7E, 0xB3, 0x18,
	0xF3, 0x04, 0x7A, 0xB3, 0x18, 0xF3, 0x7E, 0x34, 0x00, 0x04, 0x7A, 0x37,
	0xF1, 0x62, 0x7E, 0x37, 0xF0, 0x20, 0x4E, 0x60, 0x04, 0x7A, 0x37, 0xF0,
	0x20, 0x74, 0x01, 0x12, 0xCB, 0xA2, 0x30, 0x17, 0x07, 0x7E, 0xB3, 0x18,
	0xF3, 0x12, 0x89, 0x8F, 0x7E, 0xB3, 0x18, 0xF3, 0x04, 0x7A, 0xB3, 0x18,
	0xF3, 0x22, 0x7D, 0x12, 0x7C, 0xA7, 0x7E, 0x04, 0xC1, 0x50, 0x1A, 0x3B,
	0x3E, 0x34, 0x3E, 0x34, 0x3E, 0x34, 0x3E, 0x34, 0x2D, 0x03, 0xE4, 0x80,
	0x25, 0x09, 0x71, 0x00, 0x0C, 0x19, 0x70, 0x00, 0x0C, 0x09, 0x71, 0x00,
	0x0D, 0x19, 0x70, 0x00, 0x0D, 0x09, 0x71, 0x00, 0x0E, 0x19, 0x70, 0x00,
	0x0E, 0x09, 0x71, 0x00, 0x0F, 0x19, 0x70, 0x00, 0x0F, 0x2E, 0x04, 0x00,
	0x10, 0x04, 0xBC, 0xAB, 0x18, 0xD7, 0x22, 0x7C, 0xA7, 0x7F, 0x70, 0x7E,
	0x14, 0x06, 0xFC, 0x7E, 0x04, 0x00, 0x03, 0x7E, 0x44, 0x5A, 0x9D, 0x1B,
	0x0A, 0x40, 0x0B, 0x15, 0x7C, 0x6B, 0x6C, 0x77, 0x1B, 0x0A, 0x30, 0x0B,
	0x15, 0xE4, 0x80, 0x0B, 0x0B, 0x7A, 0x40, 0x1B, 0x0A, 0x40, 0x0B, 0x15,
	0x0B, 0xF5, 0x04, 0xBC, 0xAB, 0x38, 0xF1, 0x7E, 0x14, 0x06, 0xFE, 0x7E,
	0x04, 0x00, 0x03, 0x7E, 0x34, 0x00, 0xA5, 0x1B, 0x0A, 0x30, 0x22, 0xCA,
	0xF8, 0x7C, 0xFB, 0x74, 0xFF, 0x7A, 0xB3, 0x03, 0xBE, 0xE4, 0x7A, 0xB3,
	0x03, 0xBF, 0x74, 0xC8, 0x7A, 0xB3, 0x03, 0xBD, 0xE4, 0x7A, 0xB3, 0x04,
	0x09, 0x7A, 0xB3, 0x04, 0x0A, 0x7E, 0x34, 0x03, 0x02, 0x7E, 0x24, 0x00,
	0x0C, 0x12, 0xF2, 0xA4, 0x4C, 0xFF, 0x68, 0x10, 0xE4, 0x7A, 0xB3, 0x03,
	0xC0, 0x7E, 0x37, 0x03, 0x00, 0x7E, 0x24, 0x00, 0x0C, 0x12, 0xF2, 0xA4,
	0xDA, 0xF8, 0x22, 0xCA, 0xF8, 0x7C, 0xAB, 0x7D, 0x12, 0x7D, 0x03, 0x7E,
	0x70, 0x12, 0x0B, 0x18, 0x40, 0x7C, 0x69, 0x7C, 0x49, 0x6C, 0x55, 0x0A,
	0x49, 0x2D, 0x42, 0x7D, 0x20, 0x0B, 0x04, 0x6C, 0xFF, 0x80, 0x10, 0x7E,
	0x29, 0xB0, 0x54, 0x7F, 0xB4, 0x01, 0x02, 0x0B, 0x44, 0x2E, 0x24, 0x00,
	0x12, 0x0B, 0xF0, 0xBC, 0xAF, 0x18, 0xEC, 0x1B, 0x18, 0x40, 0x0B, 0x15,
	0x1B, 0x70, 0x78, 0xCE, 0xDA, 0xF8, 0x22, 0xCA, 0x3B, 0x7D, 0x73, 0x09,
	0xB7, 0x00, 0x02, 0x54, 0x80, 0x7D, 0x67, 0x2E, 0x64, 0x00, 0x03, 0x60,
	0x1B, 0x7E, 0x69, 0xB0, 0x7D, 0x36, 0x0B, 0x35, 0x12, 0xE0, 0x7E, 0x19,
	0xB6, 0x00, 0x01, 0x74, 0x05, 0x19, 0xB7, 0x00, 0x01, 0x74, 0x85, 0x7A,
	0x79, 0xB0, 0x80, 0x0D, 0x7E, 0x69, 0xB0, 0x09, 0x76, 0x00, 0x01, 0x12,
	0xE1, 0x03, 0xE4, 0x80, 0x02, 0x74, 0x01, 0xDA, 0x3B, 0x22, 0x7E, 0xB3,
	0x2C, 0x5E, 0x70, 0x38, 0x30, 0x0F, 0x1B, 0x30, 0x16, 0x0C, 0x74, 0x08,
	0x7E, 0x37, 0x12, 0xE9, 0x19, 0xB3, 0x00, 0x01, 0x80, 0x26, 0x74, 0x07,
	0x7E, 0x37, 0x12, 0xE9, 0x19, 0xB3, 0x00, 0x01, 0x80, 0x1A, 0xE5, 0x59,
	0xB4, 0x01, 0x0C, 0x74, 0x04, 0x7E, 0x37, 0x12, 0xE9, 0x19, 0xB3, 0x00,
	0x01, 0x80, 0x09, 0xE4, 0x7E, 0x37, 0x12, 0xE9, 0x19, 0xB3, 0x00, 0x01,
	0x22, 0x7C, 0xAB, 0x7E, 0xB3, 0x12, 0xDF, 0x30, 0xE7, 0x04, 0x54, 0x01,
	0x80, 0x2F, 0x1B, 0xA0, 0x68, 0x1B, 0x1B, 0xA0, 0x68, 0x09, 0x1B, 0xA0,
	0x68, 0x13, 0x2E, 0xA0, 0x03, 0x78, 0x1D, 0xA2, 0x25, 0xE4, 0x33, 0xB4,
	0x01, 0x04, 0x74, 0x01, 0x80, 0x01, 0xE4, 0x80, 0x10, 0x12, 0xF4, 0x6F,
	0xBE, 0xB0, 0x00, 0x28, 0x04, 0x74, 0x01, 0x80, 0x01, 0xE4, 0x80, 0x01,
	0xE4, 0x22, 0x7C, 0x7B, 0x1B, 0x70, 0x68, 0x1C, 0x1B, 0x70, 0x68, 0x1D,
	0x1B, 0x70, 0x68, 0x28, 0x2E, 0x70, 0x03, 0x78, 0x28, 0x12, 0xF5, 0xB7,
	0xBE, 0xB0, 0x00, 0x28, 0x04, 0x74, 0x01, 0x80, 0x01, 0xE4, 0x80, 0x1A,
	0x12, 0xD6, 0x7D, 0x80, 0x15, 0x12, 0xF5, 0xB7, 0xBE, 0xB0, 0x00, 0x28,
	0x04, 0x74, 0x01, 0x80, 0x01, 0xE4, 0x80, 0x06, 0x12, 0xD6, 0x7D, 0x80,
	0x01, 0xE4, 0x22, 0x7C, 0x5B, 0x6D, 0x33, 0x7A, 0x37, 0x37, 0x2F, 0x6D,
	0x33, 0x7A, 0x37, 0x37, 0x31, 0x4C, 0x55, 0x68, 0x0D, 0x7E, 0x34, 0x37,
	0x2F, 0x7E, 0x24, 0x37, 0x31, 0x12, 0xD3, 0x3E, 0x80, 0x0D, 0xE5, 0x5F,
	0x0A, 0x2B, 0x3E, 0x24, 0x7E, 0x34, 0x0E, 0x80, 0x12, 0xF2, 0x4B, 0x7E,
	0x37, 0x37, 0x2F, 0x7A, 0x37, 0x28, 0x1F, 0x7E, 0x37, 0x37, 0x31, 0x7A,
	0x37, 0x28, 0x19, 0x22, 0x7C, 0x5B, 0x7E, 0x44, 0xE0, 0x00, 0x74, 0x20,
	0xAC, 0xB5, 0x2D, 0x54, 0x49, 0x35, 0x00, 0x06, 0x5E, 0x60, 0x0F, 0x7D,
	0x53, 0x7C, 0xAB, 0xE4, 0x4D, 0x53, 0x7A, 0x57, 0xF2, 0x08, 0x74, 0x20,
	0xAC, 0xB5, 0x2D, 0x54, 0x49, 0x55, 0x00, 0x0E, 0x7A, 0x57, 0xF5, 0x14,
	0x7E, 0x70, 0x20, 0xAC, 0x75, 0x2D, 0x34, 0x49, 0x33, 0x00, 0x16, 0x7A,
	0x37, 0xF2, 0x2C, 0x22, 0x7D, 0x52, 0x7F, 0x70, 0x7D, 0x03, 0x7F, 0x17,
	0x6D, 0x11, 0x80, 0x2B, 0x7D, 0x41, 0x2D, 0x40, 0xBE, 0x44, 0x00, 0x03,
	0x68, 0x1F, 0xBE, 0x44, 0x00, 0x05, 0x40, 0x06, 0xBE, 0x44, 0x00, 0x0A,
	0x28, 0x13, 0x7D, 0xF1, 0x3E, 0xF4, 0x2D, 0xF3, 0x7D, 0xE2, 0x0B, 0x7A,
	0xF0, 0x7D, 0xE4, 0x3E, 0xE4, 0x59, 0xFE, 0xF0, 0x00, 0x0B, 0x14, 0xBD,
	0x51, 0x38, 0xD1, 0x22, 0x7C, 0xAB, 0x54, 0xF0, 0x78, 0x29, 0x30, 0x01,
	0x1B, 0x30, 0x0F, 0x0C, 0x74, 0x08, 0x7E, 0x37, 0x12, 0xE9, 0x19, 0xB3,
	0x00, 0x01, 0x80, 0x23, 0x74, 0x03, 0x7E, 0x37, 0x12, 0xE9, 0x19, 0xB3,
	0x00, 0x01, 0x80, 0x17, 0xE4, 0x7E, 0x37, 0x12, 0xE9, 0x19, 0xB3, 0x00,
	0x01, 0x80, 0x0C, 0x0A, 0x3A, 0x0B, 0x35, 0x7E, 0x27, 0x12, 0xE9, 0x19,
	0x72, 0x00, 0x01, 0x22, 0x6C, 0xAA, 0x7E, 0xB3, 0x04, 0x07, 0x30, 0xE0,
	0x04, 0x7E, 0xA3, 0x04, 0x2A, 0x7E, 0xB3, 0x04, 0x39, 0xC4, 0x54, 0x0F,
	0x7C, 0x7B, 0x6C, 0x66, 0x7C, 0x5A, 0x0A, 0x16, 0x09, 0xB1, 0x07, 0x27,
	0xB4, 0x01, 0x0B, 0x0A, 0x16, 0x09, 0xB1, 0x0A, 0xB5, 0x30, 0xE0, 0x02,
	0x2C, 0x57, 0x0A, 0x16, 0x19, 0x51, 0x0A, 0x4C, 0x0B, 0x60, 0xBE, 0x60,
	0x0A, 0x40, 0xDD, 0x22, 0x7C, 0x7B, 0xC2, 0xA8, 0xA9, 0xC7, 0xDA, 0xA9,
	0xD1, 0xA6, 0xA9, 0xC1, 0xA7, 0xA9, 0xD1, 0xA2, 0xA9, 0xC1, 0xA4, 0xA9,
	0xD2, 0xA6, 0xA9, 0xC2, 0xA7, 0xA9, 0xD2, 0xA2, 0xA9, 0xC2, 0xA4, 0x7A,
	0x71, 0xDA, 0x75, 0xDD, 0x04, 0xD2, 0x40, 0xC2, 0x45, 0xC2, 0x43, 0x75,
	0x4E, 0x00, 0x75, 0xDB, 0x00, 0x75, 0xC3, 0xFE, 0xA9, 0xD7, 0xDA, 0x43,
	0x53, 0x01, 0x22, 0xCA, 0xF8, 0x7E, 0xB3, 0x2D, 0x00, 0x60, 0x16, 0x6C,
	0xFF, 0x80, 0x0D, 0x74, 0x02, 0x7C, 0x7F, 0x7E, 0x24, 0x2C, 0xA8, 0x12,
	0xE8, 0x2B, 0x0B, 0xF0, 0xBE, 0xF1, 0x5E, 0x40, 0xEE, 0x7E, 0xB3, 0x2D,
	0x01, 0x60, 0x14, 0x6C, 0xFF, 0x74, 0x20, 0x7C, 0x7F, 0x7E, 0x24, 0x2C,
	0xE4, 0x12, 0xE8, 0x2B, 0x0B, 0xF0, 0xBE, 0xF0, 0x02, 0x78, 0xEE, 0xDA,
	0xF8, 0x22, 0x0A, 0x3B, 0x4D, 0x33, 0x78, 0x04, 0x7E, 0x34, 0x7F, 0xE1,
	0x7E, 0x24, 0x0E, 0xFF, 0x7A, 0x27, 0xFF, 0x12, 0x7E, 0x24, 0xF1, 0x01,
	0x7A, 0x27, 0xFF, 0x10, 0x7E, 0x24, 0xFF, 0xFE, 0x7A, 0x27, 0xFF, 0x22,
	0x6D, 0x11, 0x7A, 0x17, 0xFF, 0x24, 0x7A, 0x27, 0xFF, 0x26, 0x7A, 0x37,
	0xFF, 0x2A, 0x6E, 0x34, 0xFF, 0xFF, 0x0B, 0x34, 0x7A, 0x37, 0xFF, 0x28,
	0x22, 0x74, 0xFF, 0x7A, 0xB3, 0x2C, 0x78, 0x74, 0xFF, 0x7A, 0xB3, 0x2C,
	0x64, 0xE4, 0x7A, 0xB3, 0x2A, 0x18, 0x20, 0x00, 0x04, 0x6C, 0x77, 0x80,
	0x03, 0x7E, 0x70, 0x02, 0x7A, 0x73, 0x18, 0xF8, 0xE4, 0x7A, 0xB3, 0x12,
	0xEB, 0xE4, 0x7A, 0xB3, 0x12, 0xDF, 0x74, 0xFF, 0x7A, 0xB3, 0x12, 0xE3,
	0xE4, 0x7A, 0xB3, 0x2B, 0xAF, 0xE4, 0x7A, 0xB3, 0x12, 0xE8, 0x22, 0x7C,
	0x67, 0x7C, 0xAB, 0xBC, 0x6A, 0x78, 0x03, 0xE4, 0x80, 0x2E, 0xBE, 0xA0,
	0x08, 0x68, 0x04, 0xA5, 0xBE, 0x08, 0x04, 0x74, 0x01, 0x80, 0x21, 0xBC,
	0x6A, 0x50, 0x08, 0x0A, 0x06, 0x0A, 0x1A, 0x9D, 0x10, 0x80, 0x06, 0x0A,
	0x0A, 0x0A, 0x16, 0x9D, 0x10, 0xBE, 0x30, 0x04, 0x28, 0x08, 0x0A, 0x03,
	0x7E, 0x14, 0x00, 0x08, 0x9D, 0x10, 0x7C, 0xB3, 0x22, 0x7E, 0x37, 0x2B,
	0xB1, 0x7A, 0x37, 0xF5, 0x06, 0x7E, 0x37, 0x2B, 0xB3, 0x7A, 0x37, 0xF5,
	0x08, 0x7E, 0x37, 0x2B, 0xB5, 0x7A, 0x37, 0xF5, 0x1C, 0x7E, 0x37, 0x2B,
	0xB7, 0x7A, 0x37, 0xF5, 0x1E, 0x7E, 0x37, 0x2B, 0xB9, 0x7A, 0x37, 0xF5,
	0x20, 0x7E, 0x37, 0x2B, 0xBB, 0x7A, 0x37, 0xF2, 0x36, 0x7E, 0x37, 0x2B,
	0xBD, 0x7A, 0x37, 0xF2, 0x64, 0x22, 0x74, 0x01, 0x7A, 0xB3, 0x12, 0xED,
	0xC2, 0x2C, 0x7E, 0x34, 0x2D, 0x8B, 0x7E, 0x24, 0x00, 0x4A, 0x12, 0xF2,
	0x4B, 0x7E, 0x34, 0x2A, 0x19, 0x7E, 0x24, 0x01, 0x96, 0x12, 0xF2, 0x4B,
	0xE4, 0x7A, 0xB3, 0x2C, 0x59, 0x7E, 0xB3, 0x2C, 0x5E, 0x70, 0x0F, 0x12,
	0xA3, 0x07, 0x12, 0xA4, 0x99, 0x6D, 0x33, 0x7A, 0x37, 0x18, 0xFC, 0x12,
	0x9F, 0x0A, 0x22, 0xA2, 0x01, 0xE4, 0x33, 0xB4, 0x01, 0x30, 0xE5, 0x5B,
	0xB4, 0x03, 0x15, 0x7E, 0x37, 0x2D, 0xE3, 0x0B, 0x34, 0x7E, 0x39, 0xB0,
	0xC4, 0x23, 0x54, 0x1F, 0x7E, 0x70, 0x03, 0x12, 0xEE, 0xC6, 0x80, 0x16,
	0x7E, 0x37, 0x2D, 0xE3, 0x0B, 0x35, 0x0B, 0x38, 0x50, 0x0A, 0x5A, 0xC4,
	0x5E, 0x54, 0x00, 0x0F, 0x7E, 0x70, 0x03, 0x12, 0xEE, 0xC6, 0x22, 0x7C,
	0xA3, 0x7C, 0x3B, 0x7D, 0x43, 0x6C, 0x22, 0x7E, 0xB3, 0x04, 0x0B, 0x70,
	0x21, 0x7E, 0xB3, 0x04, 0x0D, 0x7E, 0x34, 0x00, 0x01, 0x60, 0x05, 0x3E,
	0x34, 0x14, 0x78, 0xFB, 0xBD, 0x30, 0x08, 0x05, 0x7E, 0x20, 0x80, 0x80,
	0x09, 0xBE, 0x04, 0x00, 0x20, 0x58, 0x03, 0x7E, 0x20, 0x02, 0x7D, 0x34,
	0x7C, 0xB3, 0x7C, 0x3A, 0x02, 0x96, 0x96, 0x7C, 0x57, 0x7C, 0xAB, 0x0A,
	0x4B, 0x09, 0x74, 0x36, 0xF5, 0x09, 0x44, 0x36, 0xF8, 0xA5, 0xBD, 0x00,
	0x0C, 0x4C, 0x44, 0x68, 0x04, 0x1B, 0x40, 0x80, 0x13, 0x6C, 0x77, 0x80,
	0x0F, 0x09, 0x64, 0x37, 0x15, 0xBC, 0x64, 0x28, 0x04, 0x0B, 0x40, 0x80,
	0x03, 0x7E, 0x70, 0x01, 0x19, 0x74, 0x36, 0xF5, 0x0A, 0x3A, 0x19, 0x43,
	0x36, 0xF8, 0x22, 0xCA, 0xF8, 0x7C, 0xAB, 0x7D, 0x43, 0xA2, 0xEB, 0xE4,
	0x33, 0x7C, 0xFB, 0xC2, 0xEB, 0x5E, 0x40, 0x0F, 0x1E, 0x24, 0x7D, 0x32,
	0x7D, 0x14, 0x2E, 0x14, 0x00, 0x06, 0x6D, 0x00, 0x7C, 0x5A, 0x1E, 0x50,
	0x0A, 0x25, 0x12, 0xE3, 0xF8, 0x74, 0x01, 0x12, 0xEE, 0xA5, 0xE4, 0x12,
	0xEE, 0xA5, 0x2E, 0xF0, 0xFF, 0x92, 0xEB, 0xDA, 0xF8, 0x22, 0x7E, 0x18,
	0x3A, 0x7C, 0x29, 0xB1, 0x00, 0x09, 0x60, 0x06, 0x29, 0xB1, 0x00, 0x0B,
	0x60, 0x03, 0xE4, 0x80, 0x23, 0x29, 0x31, 0x00, 0x0D, 0xBE, 0x30, 0x10,
	0x40, 0x03, 0xE4, 0x80, 0x17, 0x29, 0xA1, 0x00, 0x03, 0x4C, 0xAA, 0x78,
	0x03, 0xE4, 0x80, 0x0C, 0x2E, 0x34, 0x00, 0x03, 0x7C, 0xBA, 0x14, 0x7A,
	0x1B, 0xB0, 0x74, 0x01, 0x22, 0x7D, 0x12, 0x7D, 0x03, 0x1A, 0x3B, 0x3E,
	0x34, 0x3E, 0x34, 0x3E, 0x34, 0x7D, 0x23, 0x2E, 0x24, 0x05, 0xF1, 0x2E,
	0x34, 0x06, 0x41, 0xE4, 0x49, 0x42, 0x00, 0x02, 0x1B, 0x28, 0x40, 0x0B,
	0x25, 0x49, 0x43, 0x00, 0x02, 0x1B, 0x38, 0x40, 0x0B, 0x35, 0x04, 0xBE,
	0xB0, 0x02, 0x48, 0xE8, 0x1B, 0x28, 0x00, 0x1B, 0x38, 0x10, 0x22, 0x7D,
	0x13, 0x7C, 0xAB, 0x7E, 0x34, 0xC1, 0x50, 0x6C, 0x11, 0x80, 0x24, 0x09,
	0xB3, 0x00, 0x09, 0x70, 0x18, 0x49, 0x43, 0x00, 0x02, 0xBD, 0x14, 0x08,
	0x10, 0x09, 0x03, 0x00, 0x08, 0x0A, 0xF0, 0xBD, 0xF2, 0x58, 0x06, 0x74,
	0x01, 0x19, 0xB3, 0x00, 0x09, 0x2E, 0x34, 0x00, 0x10, 0x0B, 0x10, 0xBC,
	0xA1, 0x18, 0xD8, 0x22, 0xCA, 0x79, 0xA2, 0xEB, 0xE4, 0x33, 0x7C, 0xFB,
	0xA2, 0xAE, 0xE4, 0x33, 0x7C, 0xEB, 0xC2, 0xAE, 0xC2, 0xEB, 0xA2, 0x23,
	0xE4, 0x33, 0xB4, 0x01, 0x0E, 0xC2, 0x23, 0xC2, 0x22, 0xE4, 0x12, 0xDC,
	0x9B, 0x30, 0x21, 0x03, 0x12, 0xF5, 0x6B, 0x2E, 0xE0, 0xFF, 0x92, 0xAE,
	0x2E, 0xF0, 0xFF, 0x92, 0xEB, 0xDA, 0x79, 0x22, 0x7C, 0x36, 0x7C, 0x27,
	0x0A, 0x22, 0x5E, 0x24, 0x00, 0x0F, 0x7E, 0x37, 0x2B, 0xB5, 0x5E, 0x70,
	0xF0, 0x4D, 0x32, 0x7A, 0x37, 0x2B, 0xB5, 0x0A, 0x23, 0x5E, 0x24, 0x00,
	0x0F, 0x3E, 0x24, 0x3E, 0x24, 0x3E, 0x24, 0x3E, 0x24, 0x7E, 0x37, 0x2B,
	0xB5, 0x5E, 0x70, 0x0F, 0x4D, 0x32, 0x7A, 0x37, 0x2B, 0xB5, 0x22, 0xCA,
	0x79, 0x7C, 0xA7, 0x7E, 0x83, 0x2D, 0x0B, 0x7E, 0x90, 0x02, 0xAC, 0x89,
	0x2D, 0x42, 0x0B, 0x48, 0x70, 0x4D, 0x77, 0x68, 0x1A, 0x7C, 0x7A, 0x12,
	0xB8, 0xCC, 0x6C, 0x55, 0x80, 0x0C, 0x0B, 0x38, 0x10, 0x2D, 0x17, 0x1B,
	0x38, 0x10, 0x0B, 0x35, 0x0B, 0x50, 0xBE, 0x51, 0x5F, 0x40, 0xEF, 0xDA,
	0x79, 0x22, 0x7F, 0x70, 0x7A, 0x37, 0x05, 0x1C, 0x7A, 0x27, 0x05, 0x1E,
	0x7E, 0x14, 0x04, 0x10, 0x7F, 0x17, 0x7E, 0x54, 0x01, 0x04, 0x12, 0x8D,
	0x5D, 0x7E, 0xB3, 0x04, 0x6C, 0x12, 0xEF, 0xCB, 0x7E, 0x73, 0x04, 0x60,
	0x1A, 0x57, 0x2E, 0x54, 0x00, 0x0C, 0x12, 0xED, 0x3F, 0xE4, 0x7E, 0x34,
	0xC0, 0x00, 0x02, 0xCA, 0xBF, 0x7C, 0xAB, 0x7E, 0x44, 0xC1, 0x50, 0xE4,
	0x80, 0x25, 0x09, 0x74, 0x00, 0x04, 0x19, 0x74, 0x00, 0x0C, 0x09, 0x74,
	0x00, 0x05, 0x19, 0x74, 0x00, 0x0D, 0x09, 0x74, 0x00, 0x06, 0x19, 0x74,
	0x00, 0x0E, 0x09, 0x74, 0x00, 0x07, 0x19, 0x74, 0x00, 0x0F, 0x2E, 0x44,
	0x00, 0x10, 0x04, 0xBC, 0xAB, 0x38, 0xD7, 0x22, 0xCA, 0xF8, 0x7C, 0xAB,
	0x7D, 0x43, 0xA2, 0xEB, 0xE4, 0x33, 0x7C, 0xFB, 0xC2, 0xEB, 0x5E, 0x40,
	0x0F, 0x1E, 0x24, 0x7D, 0x12, 0x3E, 0x14, 0x2E, 0x14, 0xF0, 0x00, 0x6D,
	0x00, 0x7C, 0x7A, 0x1E, 0x70, 0x0A, 0x27, 0x7D, 0x34, 0x0B, 0x36, 0x12,
	0xEE, 0x3D, 0x2E, 0xF0, 0xFF, 0x92, 0xEB, 0xDA, 0xF8, 0x22, 0xCA, 0x79,
	0x6C, 0xFF, 0xA2, 0xEB, 0xE4, 0x33, 0x7C, 0xEB, 0xC2, 0xEB, 0x12, 0x93,
	0xF1, 0xA2, 0x23, 0xE4, 0x33, 0xB4, 0x01, 0x05, 0x7E, 0xF0, 0x01, 0x80,
	0x09, 0x30, 0x33, 0x06, 0x30, 0x37, 0x03, 0x12, 0xDB, 0x16, 0xC2, 0x37,
	0x2E, 0xE0, 0xFF, 0x92, 0xEB, 0x7C, 0xBF, 0xDA, 0x79, 0x22, 0xE4, 0x7E,
	0x37, 0x18, 0xF4, 0x4D, 0x33, 0x78, 0x04, 0x74, 0x01, 0x80, 0x21, 0xBE,
	0x34, 0x0F, 0xFF, 0x78, 0x03, 0xE4, 0x80, 0x18, 0xBE, 0x37, 0x18, 0xFC,
	0x40, 0x12, 0xBE, 0x37, 0x18, 0xFC, 0x78, 0x02, 0x74, 0x01, 0x7E, 0x37,
	0x18, 0xFC, 0x0B, 0x34, 0x7A, 0x37, 0x18, 0xFC, 0x22, 0x7F, 0x71, 0x7F,
	0x60, 0x7E, 0x53, 0x05, 0x1A, 0x1A, 0x3B, 0x1A, 0x25, 0xAD, 0x32, 0x7D,
	0x23, 0x3E, 0x24, 0x2E, 0x27, 0x03, 0x0E, 0xBE, 0x68, 0x00, 0x00, 0x68,
	0x03, 0x1B, 0x6A, 0x20, 0xBE, 0x78, 0x00, 0x00, 0x68, 0x09, 0x3E, 0x34,
	0x2E, 0x37, 0x03, 0x10, 0x1B, 0x7A, 0x30, 0x22, 0x7F, 0x70, 0x7C, 0xA7,
	0x1A, 0x37, 0x3E, 0x34, 0x1A, 0x4B, 0x3E, 0x44, 0x3E, 0x44, 0x2D, 0x43,
	0x2E, 0x44, 0x06, 0xB9, 0x1B, 0x7A, 0x40, 0x1A, 0x0A, 0x3E, 0x04, 0x1A,
	0x1B, 0x3E, 0x14, 0x3E, 0x14, 0x2D, 0x10, 0x2E, 0x14, 0x06, 0xE1, 0x7E,
	0x1F, 0x37, 0x71, 0x1B, 0x1A, 0x10, 0x22, 0xE4, 0x7A, 0xB3, 0x37, 0x4A,
	0x7E, 0x17, 0x03, 0x10, 0x6D, 0x00, 0x7E, 0x18, 0x04, 0x90, 0x74, 0x02,
	0x12, 0xD5, 0xC9, 0x7E, 0x73, 0x0E, 0x7E, 0x0A, 0x37, 0x1B, 0x35, 0x7A,
	0x73, 0x37, 0x4A, 0x7E, 0x17, 0x03, 0x10, 0x6D, 0x00, 0x7E, 0x18, 0xC0,
	0x20, 0x74, 0x02, 0x02, 0xD5, 0xC9, 0x74, 0x03, 0x7A, 0xB3, 0x28, 0x22,
	0xE4, 0x7A, 0xB3, 0x2C, 0x77, 0xE4, 0x7A, 0xB3, 0x2C, 0x85, 0xC2, 0x27,
	0x75, 0x4F, 0x00, 0x75, 0x5D, 0x00, 0x75, 0x5C, 0x00, 0x7E, 0x71, 0x5C,
	0x74, 0x7D, 0xAC, 0x7B, 0x2E, 0x34, 0x28, 0x24, 0x7A, 0x37, 0x12, 0xDB,
	0x12, 0xF4, 0x39, 0x22, 0xCA, 0x3B, 0x7C, 0x7B, 0xA5, 0xBF, 0x01, 0x0A,
	0x7E, 0x77, 0x2D, 0xD7, 0x0B, 0x74, 0x6D, 0x66, 0x80, 0x08, 0x7E, 0x3F,
	0x2C, 0x7E, 0x2E, 0x74, 0x00, 0x0C, 0x7F, 0x03, 0x7E, 0x37, 0x12, 0xE9,
	0x2E, 0x34, 0x00, 0x0C, 0x7E, 0x24, 0x00, 0x04, 0x12, 0xF0, 0x0A, 0xDA,
	0x3B, 0x22, 0xA2, 0x01, 0xE4, 0x33, 0xB4, 0x01, 0x18, 0x7E, 0x37, 0x2D,
	0xE3, 0x0B, 0x35, 0x0B, 0x38, 0x50, 0x0A, 0x5A, 0xC4, 0x5E, 0x54, 0x00,
	0x0F, 0x7E, 0x70, 0x03, 0x12, 0xEE, 0xC6, 0x80, 0x08, 0x74, 0x9B, 0x7E,
	0x70, 0x03, 0x12, 0xEE, 0xC6, 0x43, 0x53, 0x40, 0x75, 0xBB, 0x00, 0x22,
	0x7C, 0xA7, 0x12, 0xB8, 0xCC, 0x7D, 0x13, 0x7E, 0x34, 0x80, 0x00, 0x7E,
	0x24, 0x7F, 0xFF, 0x6C, 0x11, 0x80, 0x13, 0x0B, 0x18, 0x40, 0x0B, 0x15,
	0xBD, 0x43, 0x08, 0x02, 0x7D, 0x34, 0xBD, 0x42, 0x58, 0x02, 0x7D, 0x24,
	0x0B, 0x10, 0xBE, 0x11, 0x5F, 0x40, 0xE8, 0x9D, 0x32, 0x22, 0xCA, 0x3B,
	0x7D, 0x72, 0x7D, 0x63, 0x7E, 0x18, 0x37, 0x63, 0x7A, 0x1F, 0x37, 0x71,
	0x6C, 0x77, 0x7E, 0x08, 0x37, 0x61, 0x12, 0xE9, 0x84, 0x7E, 0x37, 0x37,
	0x61, 0x0B, 0x38, 0x30, 0x1B, 0x68, 0x30, 0x7E, 0x37, 0x37, 0x63, 0x0B,
	0x38, 0x30, 0x1B, 0x78, 0x30, 0xDA, 0x3B, 0x22, 0x7E, 0x37, 0x12, 0xE9,
	0x09, 0xB3, 0x00, 0xF8, 0xB4, 0x01, 0x0F, 0x2E, 0x34, 0x01, 0x10, 0x12,
	0x5D, 0x19, 0x7E, 0x37, 0x12, 0xE9, 0x19, 0xB3, 0x00, 0xF8, 0x7E, 0xB3,
	0x12, 0xE0, 0xB4, 0x01, 0x0B, 0x7E, 0x34, 0x2E, 0x33, 0x12, 0x5D, 0x19,
	0x7A, 0xB3, 0x12, 0xE0, 0x22, 0x7E, 0x34, 0x90, 0x00, 0x7A, 0x37, 0x12,
	0xE9, 0x7E, 0x34, 0xF8, 0x06, 0x7E, 0x24, 0x00, 0xFF, 0x7A, 0x1F, 0x2C,
	0x7E, 0x7E, 0x34, 0xA5, 0x00, 0x7A, 0x37, 0x2C, 0x82, 0x7E, 0x34, 0xA4,
	0x80, 0x7A, 0x37, 0x2C, 0x61, 0x7E, 0x34, 0xA0, 0x00, 0x7A, 0x37, 0x2C,
	0x7C, 0x22, 0x12, 0xEE, 0x83, 0xB4, 0x01, 0x26, 0x7E, 0x73, 0x2C, 0x94,
	0x7A, 0x73, 0x2C, 0x9D, 0x7E, 0x08, 0x2C, 0x95, 0x7E, 0x34, 0x2C, 0x9E,
	0x7E, 0x24, 0x00, 0x04, 0x12, 0xEE, 0x3D, 0x7E, 0x08, 0x2C, 0xD4, 0x7E,
	0x34, 0x2C, 0xDC, 0x7E, 0x24, 0x00, 0x04, 0x12, 0xEE, 0x3D, 0x22, 0x7E,
	0xB3, 0x3B, 0x81, 0x60, 0x10, 0x7E, 0x37, 0x3B, 0x82, 0x7A, 0x37, 0x0E,
	0x73, 0x7E, 0x37, 0x3B, 0x84, 0x7A, 0x37, 0x0E, 0x75, 0x7E, 0xB3, 0x3B,
	0x86, 0x60, 0x10, 0x7E, 0x37, 0x3B, 0x87, 0x7A, 0x37, 0x0E, 0x77, 0x7E,
	0x37, 0x3B, 0x89, 0x7A, 0x37, 0x0E, 0x79, 0x22, 0xE4, 0x7A, 0xB3, 0x09,
	0xF1, 0x6C, 0x77, 0x6C, 0x66, 0x74, 0x0B, 0xAC, 0xB7, 0x19, 0x65, 0x09,
	0x83, 0x0B, 0x70, 0xA5, 0xBF, 0x0A, 0xF0, 0x6C, 0x77, 0xE4, 0x0A, 0x27,
	0x19, 0xB2, 0x09, 0xF2, 0x19, 0xB2, 0x0A, 0x1A, 0x0B, 0x70, 0xBE, 0x70,
	0x28, 0x40, 0xEE, 0x22, 0x7E, 0xB3, 0x2D, 0x00, 0x60, 0x0F, 0x74, 0x02,
	0x7E, 0x71, 0x5E, 0x7E, 0x61, 0x5F, 0x12, 0xC8, 0x79, 0x7A, 0x37, 0x2C,
	0x92, 0x7E, 0xB3, 0x2D, 0x01, 0x60, 0x0F, 0x74, 0x20, 0x7E, 0x70, 0x02,
	0x7E, 0x61, 0x5F, 0x12, 0xC8, 0x79, 0x7A, 0x37, 0x2C, 0xD2, 0x22, 0xCA,
	0xF8, 0x7D, 0x23, 0x7C, 0xFB, 0x7A, 0xB3, 0x03, 0xC7, 0x7E, 0x34, 0x05,
	0x23, 0x7E, 0x14, 0x00, 0x16, 0x12, 0xF0, 0xDB, 0x4C, 0xFF, 0x68, 0x04,
	0x74, 0x14, 0x80, 0x07, 0x7E, 0xB3, 0x03, 0xC8, 0x60, 0x05, 0x14, 0x7A,
	0xB3, 0x03, 0xC8, 0xDA, 0xF8, 0x22, 0x7C, 0xAB, 0x7D, 0x12, 0x7D, 0x03,
	0x0B, 0x08, 0x40, 0x49, 0x30, 0x00, 0x02, 0x6C, 0x55, 0x80, 0x15, 0x7D,
	0x01, 0x74, 0x01, 0x19, 0xB1, 0x00, 0x09, 0x1B, 0x08, 0x40, 0x59, 0x30,
	0x00, 0x02, 0x2E, 0x14, 0x00, 0x10, 0x0B, 0x50, 0xBC, 0xA5, 0x18, 0xE7,
	0x22, 0x2E, 0x34, 0xFF, 0x0F, 0x68, 0x11, 0x2E, 0x34, 0xFF, 0xF8, 0x68,
	0x10, 0x2E, 0x34, 0x00, 0xF7, 0x78, 0x0D, 0x12, 0xD7, 0xDC, 0x80, 0x08,
	0x12, 0xE0, 0x3B, 0x80, 0x03, 0x12, 0xF2, 0x79, 0x7E, 0xB3, 0x28, 0x1D,
	0x60, 0x04, 0xE4, 0x12, 0xF4, 0x55, 0x22, 0x7C, 0x3B, 0x7E, 0x23, 0x39,
	0x46, 0xBE, 0x20, 0x00, 0x28, 0x1B, 0x74, 0x02, 0xAC, 0xB2, 0x49, 0x35,
	0x39, 0xE9, 0x7E, 0x53, 0x39, 0x2F, 0x0A, 0x05, 0xBD, 0x30, 0x50, 0x09,
	0x7C, 0xB2, 0x14, 0x7A, 0xB3, 0x39, 0x46, 0x6C, 0x33, 0x7C, 0xB3, 0x22,
	0x7C, 0xAB, 0x7D, 0x43, 0xBE, 0x24, 0x00, 0x80, 0x40, 0x06, 0xBE, 0x24,
	0x01, 0x00, 0x40, 0x0A, 0xE4, 0x7D, 0x34, 0x7C, 0x3A, 0x12, 0x65, 0xAC,
	0x80, 0x0D, 0x7D, 0x32, 0x7D, 0x24, 0x2E, 0x24, 0x00, 0x06, 0x0A, 0x1A,
	0x12, 0xAC, 0x6A, 0x22, 0x74, 0x9B, 0x7E, 0x70, 0x03, 0x12, 0xEE, 0xC6,
	0xD2, 0x07, 0x7E, 0xB3, 0x28, 0x1D, 0x54, 0xFB, 0x7A, 0xB3, 0x28, 0x1D,
	0xE4, 0x12, 0xCB, 0xA2, 0x12, 0xF5, 0x19, 0x43, 0xA8, 0x80, 0xA9, 0xD1,
	0x87, 0x00, 0x00, 0x00, 0x00, 0x00, 0x00, 0x22, 0x7D, 0x12, 0x7D, 0x03,
	0x1A, 0x2B, 0x3E, 0x24, 0x3E, 0x24, 0x3E, 0x24, 0x7D, 0x32, 0x2E, 0x34,
	0x05, 0xF1, 0x2E, 0x24, 0x06, 0x41, 0xE4, 0x1B, 0x38, 0x00, 0x0B, 0x35,
	0x1B, 0x28, 0x10, 0x0B, 0x25, 0x04, 0xBE, 0xB0, 0x04, 0x48, 0xF0, 0x22,
	0x7E, 0x37, 0x12, 0xDB, 0x7A, 0x37, 0xFF, 0xD2, 0x7E, 0x24, 0x91, 0x40,
	0x7A, 0x27, 0xFF, 0xD6, 0x0B, 0x34, 0x7E, 0x39, 0x70, 0x0A, 0x37, 0x0B,
	0x35, 0x7A, 0x37, 0xFF, 0xDA, 0x7E, 0x34, 0x00, 0x01, 0x7A, 0x37, 0xFF,
	0xD0, 0x22, 0x7C, 0xAB, 0x7D, 0x43, 0xBE, 0x24, 0x00, 0x80, 0x40, 0x06,
	0xBE, 0x24, 0x01, 0x00, 0x40, 0x0B, 0x74, 0x01, 0x7D, 0x34, 0x7C, 0x3A,
	0x12, 0x65, 0xAC, 0x80, 0x09, 0x7D, 0x34, 0x0B, 0x36, 0x0A, 0x1A, 0x12,
	0xAC, 0x3D, 0x22, 0x7C, 0x6B, 0xBE, 0x60, 0x02, 0x50, 0x03, 0x7E, 0x60,
	0x02, 0x7E, 0x70, 0x01, 0xBE, 0x60, 0x04, 0x40, 0x03, 0x7E, 0x70, 0x02,
	0xBE, 0x60, 0x09, 0x40, 0x02, 0x0B, 0x70, 0x7A, 0x73, 0x04, 0x0D, 0x7A,
	0x63, 0x04, 0x0C, 0x22, 0x7D, 0x12, 0x7D, 0x03, 0x1A, 0x3B, 0x3E, 0x34,
	0x3E, 0x34, 0x3E, 0x34, 0x7D, 0x23, 0x2E, 0x24, 0x05, 0xF1, 0x2E, 0x34,
	0x06, 0x41, 0x49, 0x22, 0x00, 0x06, 0x1B, 0x08, 0x20, 0x49, 0x03, 0x00,
	0x06, 0x1B, 0x18, 0x00, 0x22, 0x7E, 0xB3, 0x28, 0x1D, 0x30, 0xE0, 0x1B,
	0xE4, 0x7A, 0xB3, 0x2C, 0x5E, 0xE4, 0x7A, 0xB3, 0x18, 0xF1, 0x12, 0xD0,
	0xFD, 0x7E, 0xB3, 0x28, 0x1D, 0x54, 0xFE, 0x7A, 0xB3, 0x28, 0x1D, 0x74,
	0x01, 0x80, 0x01, 0xE4, 0x22, 0x7D, 0x23, 0x7C, 0x3B, 0xA5, 0xBB, 0x00,
	0x05, 0x12, 0x9A, 0xEB, 0x80, 0x16, 0x7D, 0x32, 0x00, 0x00, 0x00, 0x00,
	0x00, 0x00, 0x00, 0x00, 0x00, 0x00, 0x1B, 0x34, 0x78, 0xF2, 0x1B, 0x30,
	0xA5, 0xBB, 0x00, 0xEA, 0x22, 0x7C, 0x7B, 0x7E, 0xB3, 0x18, 0xF8, 0xB4,
	0x01, 0x0E, 0x7E, 0x63, 0x05, 0x1A, 0xAC, 0x76, 0x3E, 0x34, 0x2E, 0x37,
	0x03, 0x0E, 0x80, 0x0C, 0x7E, 0x63, 0x05, 0x1A, 0xAC, 0x76, 0x3E, 0x34,
	0x2E, 0x37, 0x03, 0x10, 0x22, 0x7C, 0x7B, 0x7E, 0xB3, 0x18, 0xF8, 0xB4,
	0x01, 0x0E, 0x7E, 0x63, 0x05, 0x1A, 0xAC, 0x76, 0x3E, 0x34, 0x2E, 0x37,
	0x03, 0x0E, 0x80, 0x0C, 0x7E, 0x63, 0x05, 0x1A, 0xAC, 0x76, 0x3E, 0x34,
	0x2E, 0x37, 0x03, 0x10, 0x22, 0x7D, 0x41, 0x7D, 0x53, 0x4D, 0x41, 0x78,
	0x04, 0x7E, 0x44, 0x00, 0x01, 0x7D, 0x12, 0x1A, 0x04, 0x1A, 0x00, 0x7D,
	0x35, 0x1A, 0x2A, 0x1A, 0x24, 0x12, 0x8C, 0xBA, 0x7D, 0x14, 0x1A, 0x08,
	0x1A, 0x00, 0x02, 0x8D, 0x27, 0x7D, 0x52, 0x7D, 0x43, 0x6D, 0x22, 0x6D,
	0x44, 0x80, 0x14, 0x7D, 0xC4, 0x3E, 0xC4, 0x7F, 0x70, 0x2D, 0xFC, 0x0B,
	0x7A, 0xD0, 0x7F, 0x71, 0x2D, 0xFC, 0x1B, 0x7A, 0xD0, 0x0B, 0x44, 0xBD,
	0x45, 0x40, 0xE8, 0x22, 0x12, 0xA5, 0x60, 0x12, 0xE4, 0x70, 0x7E, 0x34,
	0x07, 0x27, 0x7E, 0x24, 0x07, 0x1D, 0x7E, 0x14, 0x07, 0x31, 0x74, 0x0A,
	0x12, 0x95, 0xB5, 0x12, 0xA3, 0xD0, 0x12, 0x18, 0x47, 0x12, 0x09, 0xAC,
	0x02, 0x4B, 0x68, 0x6C, 0x77, 0x80, 0x13, 0x74, 0x02, 0xAC, 0xB7, 0x49,
	0x25, 0x2C, 0x95, 0xBE, 0x24, 0x7F, 0xFF, 0x78, 0x03, 0xE4, 0x80, 0x0C,
	0x0B, 0x70, 0x7E, 0x63, 0x2C, 0x87, 0xBC, 0x67, 0x38, 0xE5, 0x74, 0x01,
	0x22, 0x7C, 0xAB, 0xA2, 0xEB, 0xE4, 0x33, 0xC2, 0xEB, 0x4C, 0xAA, 0x68,
	0x0A, 0x7E, 0x34, 0x00, 0x01, 0x7A, 0x37, 0xF5, 0x1A, 0x80, 0x06, 0x6D,
	0x33, 0x7A, 0x37, 0xF5, 0x1A, 0x24, 0xFF, 0x92, 0xEB, 0x22, 0x7C, 0x67,
	0x7C, 0x7B, 0xC2, 0xAE, 0x75, 0xBC, 0x00, 0x0A, 0x47, 0x7E, 0x54, 0x00,
	0xFF, 0x9D, 0x54, 0xF5, 0xBD, 0x7C, 0xB6, 0x54, 0x03, 0x44, 0x80, 0xF5,
	0xBC, 0x75, 0xC3, 0xBF, 0xD2, 0xAE, 0x22, 0x7C, 0x7B, 0x5E, 0x70, 0x03,
	0x74, 0x02, 0xAC, 0xB7, 0x7E, 0x37, 0x2D, 0xD9, 0x09, 0xA3, 0x00, 0x0A,
	0x60, 0x05, 0x1E, 0xA0, 0x14, 0x78, 0xFB, 0x7C, 0xBA, 0x54, 0x03, 0x7A,
	0xB3, 0x28, 0x00, 0x22, 0x7D, 0x13, 0x6C, 0x77, 0x80, 0x12, 0x0B, 0x18,
	0x00, 0x1E, 0x04, 0x7D, 0x20, 0x1E, 0x24, 0x2D, 0x20, 0x1B, 0x18, 0x20,
	0x0B, 0x15, 0x0B, 0x70, 0x7E, 0x63, 0x2D, 0x02, 0xBC, 0x67, 0x38, 0xE6,
	0x22, 0x7C, 0xAB, 0x7E, 0x53, 0x04, 0x39, 0x5E, 0x50, 0x0F, 0x68, 0x15,
	0x4C, 0xAA, 0x68, 0x11, 0x7C, 0xBA, 0x7E, 0x43, 0x04, 0x12, 0x1E, 0x40,
	0x0A, 0x34, 0x0A, 0x25, 0x0B, 0x24, 0x02, 0xE7, 0x8F, 0x22, 0x7C, 0xA7,
	0x7C, 0x9B, 0x4C, 0xAA, 0x68, 0x18, 0x2E, 0xA0, 0x08, 0x7E, 0x0B, 0xB0,
	0xBE, 0xB0, 0x08, 0x68, 0x07, 0x2C, 0xBA, 0x54, 0x07, 0x7A, 0x0B, 0xB0,
	0x0B, 0x14, 0x1B, 0x90, 0x78, 0xEB, 0x22, 0x7E, 0xA0, 0x01, 0xE5, 0x5B,
	0x70, 0x16, 0xA2, 0xEB, 0xE4, 0x33, 0x7C, 0x7B, 0xC2, 0xEB, 0x30, 0x2B,
	0x04, 0xC2, 0x2B, 0x80, 0x02, 0x6C, 0xAA, 0x2E, 0x70, 0xFF, 0x92, 0xEB,
	0x7C, 0xBA, 0x22, 0x75, 0x52, 0x01, 0xE5, 0x40, 0x60, 0x03, 0x75, 0x52,
	0x21, 0xE5, 0x49, 0x60, 0x03, 0x43, 0x52, 0x02, 0xE5, 0x43, 0x60, 0x03,
	0x43, 0x52, 0x04, 0xE5, 0x48, 0x60, 0x03, 0x43, 0x52, 0x08, 0x22, 0xC2,
	0x07, 0x7E, 0xB3, 0x28, 0x1D, 0x54, 0xFB, 0x7A, 0xB3, 0x28, 0x1D, 0x12,
	0xF3, 0xA6, 0x12, 0xF5, 0x0E, 0x7E, 0xB3, 0x28, 0x1D, 0x44, 0x01, 0x7A,
	0xB3, 0x28, 0x1D, 0x43, 0xA8, 0x80, 0x22, 0x0A, 0x2B, 0x7E, 0x34, 0x00,
	0x07, 0x9D, 0x32, 0x7A, 0x73, 0x03, 0xFD, 0x7E, 0xB3, 0x03, 0xFD, 0x7E,
	0x34, 0x00, 0x01, 0x60, 0x05, 0x3E, 0x34, 0x14, 0x78, 0xFB, 0x7A, 0x73,
	0x03, 0xFE, 0x22, 0x7C, 0x7B, 0x4C, 0x77, 0x68, 0x0B, 0x7C, 0xB7, 0x6C,
	0x77, 0x12, 0xEE, 0xC6, 0xD2, 0x2C, 0x80, 0x0D, 0x30, 0x2C, 0x0A, 0x74,
	0x9B, 0x7E, 0x70, 0x03, 0x12, 0xEE, 0xC6, 0xC2, 0x2C, 0x22, 0x7D, 0xF2,
	0x7F, 0x20, 0x7D, 0x03, 0x6D, 0x11, 0x80, 0x10, 0x7F, 0x12, 0x2D, 0x31,
	0x7E, 0x1B, 0x70, 0x7D, 0xE0, 0x2D, 0xE1, 0x7A, 0xE9, 0x70, 0x0B, 0x14,
	0xBD, 0x1F, 0x40, 0xEC, 0x22, 0x7E, 0x34, 0x07, 0x8B, 0x6C, 0xAA, 0x7E,
	0x39, 0xB0, 0x70, 0x08, 0x74, 0x01, 0x7A, 0x39, 0xB0, 0x7C, 0xBA, 0x22,
	0x0B, 0x34, 0x0B, 0xA0, 0xBE, 0xA0, 0x0A, 0x48, 0xEA, 0x74, 0xFF, 0x22,
	0x7C, 0xA3, 0x7C, 0x9B, 0x7D, 0x12, 0x7D, 0x03, 0xE4, 0x80, 0x0F, 0x0B,
	0x18, 0x30, 0x1B, 0x08, 0x30, 0x1A, 0x3A, 0x3E, 0x34, 0x2D, 0x03, 0x0B,
	0x15, 0x04, 0xBC, 0x9B, 0x38, 0xED, 0x22, 0x7C, 0xAB, 0x7E, 0xB3, 0x28,
	0x1D, 0x70, 0x14, 0x20, 0x00, 0x11, 0x7E, 0xB3, 0x12, 0xE2, 0xBE, 0xB0,
	0x01, 0x68, 0x03, 0xB4, 0x05, 0x05, 0x7C, 0xBA, 0x12, 0xF4, 0x55, 0x22,
	0x7C, 0xAB, 0x7E, 0xB3, 0x28, 0x1D, 0x70, 0x14, 0x30, 0x00, 0x11, 0x7E,
	0xB3, 0x12, 0xE2, 0xBE, 0xB0, 0x04, 0x68, 0x03, 0xB4, 0x06, 0x05, 0x7C,
	0xBA, 0x12, 0xF4, 0x55, 0x22, 0x6C, 0xAA, 0x7E, 0x44, 0x0D, 0xD1, 0x74,
	0x10, 0x7E, 0x49, 0x70, 0x4C, 0xA7, 0x0B, 0x44, 0x14, 0x78, 0xF6, 0xBE,
	0xA0, 0x08, 0x78, 0x03, 0xE4, 0x80, 0x02, 0x7C, 0xBA, 0x22, 0x7C, 0xAB,
	0x7D, 0x13, 0xE4, 0x80, 0x0C, 0x6D, 0x44, 0x1A, 0x0B, 0x3E, 0x04, 0x2D,
	0x01, 0x1B, 0x08, 0x40, 0x04, 0xBC, 0xAB, 0x18, 0xF0, 0xE4, 0x7A, 0xB3,
	0x04, 0x0E, 0x22, 0x7D, 0x02, 0x7D, 0x53, 0x6D, 0x44, 0x80, 0x10, 0x7D,
	0x34, 0x2D, 0x30, 0x7E, 0x39, 0x50, 0x7D, 0x34, 0x2D, 0x35, 0x7A, 0x39,
	0x50, 0x0B, 0x44, 0xBD, 0x14, 0x18, 0xEC, 0x22, 0x7E, 0xB3, 0x3B, 0x6A,
	0x60, 0x16, 0x7E, 0xB3, 0x3B, 0x77, 0x12, 0x9E, 0x38, 0x7A, 0xB3, 0x3B,
	0x77, 0x7E, 0xB3, 0x3B, 0x7A, 0x12, 0xBC, 0x4F, 0x7A, 0xB3, 0x3B, 0x7A,
	0x22, 0x7C, 0x7B, 0x4C, 0x77, 0x68, 0x15, 0x7E, 0xB3, 0x12, 0xE2, 0xB4,
	0x01, 0x0E, 0x7E, 0x37, 0x2D, 0xD9, 0x7E, 0x39, 0xB0, 0x30, 0xE0, 0x04,
	0xE4, 0x12, 0xF4, 0x55, 0x22, 0x12, 0xF4, 0x2A, 0x7C, 0x7B, 0x7E, 0xB3,
	0x0E, 0x31, 0x7E, 0x24, 0x0E, 0x07, 0x7E, 0x14, 0x0E, 0x1B, 0x7E, 0x04,
	0x0D, 0xF7, 0x12, 0xC0, 0xCC, 0x12, 0xF1, 0x69, 0x22, 0x9D, 0x31, 0x7D,
	0x13, 0x7D, 0x32, 0x9D, 0x30, 0x7A, 0x17, 0xFF, 0x30, 0x7A, 0x37, 0xFF,
	0x32, 0x00, 0x00, 0x00, 0x7E, 0x37, 0xFF, 0x32, 0x1E, 0x34, 0x1E, 0x34,
	0x22, 0x12, 0xF5, 0xAA, 0x7C, 0x7B, 0x30, 0x01, 0x11, 0x0A, 0x37, 0x6D,
	0x22, 0x2E, 0x24, 0x00, 0xFF, 0x2E, 0x18, 0xF7, 0xB9, 0x7E, 0x1B, 0xB0,
	0x80, 0x01, 0xE4, 0x22, 0x7C, 0x3B, 0x7D, 0x03, 0x1A, 0x3B, 0x7A, 0x37,
	0xFF, 0x62, 0x7A, 0x27, 0xFF, 0x64, 0x7E, 0x17, 0x03, 0xEB, 0x7A, 0x17,
	0xFF, 0x6C, 0x7A, 0x07, 0xFF, 0x60, 0x22, 0xCA, 0xF8, 0xA2, 0xEB, 0xE4,
	0x33, 0x7C, 0xFB, 0xC2, 0xEB, 0xC2, 0x23, 0xC2, 0x22, 0xE4, 0x12, 0xDC,
	0x9B, 0x2E, 0xF0, 0xFF, 0x92, 0xEB, 0xDA, 0xF8, 0x22, 0x7E, 0xB3, 0x18,
	0xF8, 0xB4, 0x01, 0x0D, 0x7E, 0x71, 0x46, 0x74, 0x40, 0xAC, 0x7B, 0x2E,
	0x34, 0x33, 0xE1, 0x80, 0x04, 0x7E, 0x34, 0x31, 0xA1, 0x22, 0x7C, 0x7B,
	0xA5, 0xBF, 0x00, 0x0A, 0x7E, 0x34, 0xF5, 0xE2, 0x7E, 0x24, 0x00, 0xFF,
	0x80, 0x08, 0x7E, 0x34, 0xF6, 0x96, 0x7E, 0x24, 0x00, 0xFF, 0x22, 0x7E,
	0xA0, 0x66, 0x7E, 0xB3, 0x2C, 0x5E, 0x70, 0x09, 0x7E, 0x37, 0x2D, 0xD9,
	0x0B, 0x35, 0x7E, 0x39, 0xA0, 0x7C, 0xBA, 0x12, 0xE4, 0xAC, 0x22, 0x7E,
	0xB3, 0x2C, 0x5E, 0x70, 0x11, 0x12, 0x56, 0x01, 0x12, 0xF5, 0xC8, 0xC2,
	0xEB, 0x75, 0xC0, 0xF7, 0x75, 0xEF, 0x00, 0x43, 0x62, 0x08, 0x22, 0x7E,
	0x24, 0x04, 0x90, 0x6C, 0x33, 0x7E, 0x39, 0x20, 0x7A, 0x29, 0x20, 0x0B,
	0x24, 0x0B, 0x34, 0x0B, 0x30, 0xBE, 0x30, 0x84, 0x40, 0xEF, 0x22, 0xCA,
	0xF8, 0x7D, 0xF3, 0x7C, 0xFB, 0x7F, 0x20, 0x4D, 0xF3, 0x68, 0x09, 0x7A,
	0x2B, 0xF0, 0x0B, 0x54, 0x1B, 0xF4, 0x78, 0xF7, 0xDA, 0xF8, 0x22, 0x7D,
	0x12, 0x7D, 0x03, 0x6D, 0x33, 0x80, 0x0A, 0xE4, 0x7D, 0x20, 0x2D, 0x23,
	0x7A, 0x29, 0xB0, 0x0B, 0x34, 0xBD, 0x31, 0x40, 0xF2, 0x22, 0x12, 0xF3,
	0x1F, 0x0A, 0x3B, 0x4D, 0x33, 0x68, 0x0C, 0x12, 0xF5, 0x9B, 0x0A, 0x3B,
	0x4D, 0x33, 0x68, 0x03, 0x74, 0x01, 0x22, 0xE4, 0x22, 0x30, 0x00, 0x12,
	0xE5, 0x4F, 0xBE, 0xB0, 0x00, 0x28, 0x09, 0xC2, 0x28, 0x74, 0x01, 0x12,
	0xF0, 0x84, 0x80, 0x02, 0xD2, 0x28, 0x22, 0x7E, 0xA0, 0x28, 0x1B, 0xA0,
	0x7E, 0x39, 0xB0, 0x60, 0x04, 0x14, 0x7A, 0x39, 0xB0, 0x0B, 0x34, 0x4C,
	0xAA, 0x78, 0xEF, 0x22, 0x7D, 0x13, 0x6D, 0x33, 0x80, 0x0A, 0xE4, 0x7D,
	0x03, 0x2D, 0x01, 0x7A, 0x09, 0xB0, 0x0B, 0x34, 0xBD, 0x23, 0x18, 0xF2,
	0x22, 0x9D, 0x32, 0xBE, 0x34, 0x00, 0x00, 0x58, 0x06, 0x6E, 0x34, 0xFF,
	0xFF, 0x0B, 0x34, 0x0E, 0x34, 0x0E, 0x34, 0x0E, 0x34, 0x22, 0x7D, 0x53,
	0x6D, 0x33, 0x7E, 0x47, 0x3B, 0x8B, 0x4D, 0x44, 0x68, 0x08, 0x7D, 0x35,
	0x7E, 0x57, 0x3B, 0x8B, 0x99, 0x54, 0x22, 0x7E, 0x37, 0x12, 0xE9, 0x09,
	0xB3, 0x00, 0xF8, 0xB4, 0x01, 0x04, 0x74, 0x01, 0x80, 0x04, 0xA2, 0x29,
	0xE4, 0x33, 0x22, 0x7D, 0x12, 0x7C, 0x5B, 0x7D, 0x03, 0x4D, 0x11, 0x68,
	0x09, 0x7A, 0x09, 0x50, 0x0B, 0x04, 0x1B, 0x14, 0x78, 0xF7, 0x22, 0x7E,
	0x73, 0x0E, 0x32, 0xBE, 0x73, 0x0D, 0xBA, 0x68, 0x08, 0x7A, 0x73, 0x0D,
	0xBA, 0x74, 0x01, 0x80, 0x01, 0xE4, 0x22, 0x7E, 0xB3, 0x05, 0x19, 0x60,
	0x09, 0x7E, 0x73, 0x03, 0xC0, 0xBE, 0x70, 0x20, 0x28, 0x03, 0x74, 0x01,
	0x22, 0xE4, 0x22, 0x7D, 0x02, 0x7D, 0x13, 0x80, 0x0B, 0x14, 0x7E, 0x09,
	0xA0, 0x0B, 0x04, 0x7A, 0x19, 0xA0, 0x0B, 0x14, 0x70, 0xF3, 0x22, 0x4D,
	0x11, 0x68, 0x0E, 0x7E, 0x29, 0x10, 0x7A, 0x39, 0x10, 0x0B, 0x34, 0x0B,
	0x24, 0x1B, 0x14, 0x78, 0xF2, 0x22, 0x7E, 0x18, 0x3A, 0x7C, 0x29, 0xB1,
	0x00, 0x09, 0x70, 0x04, 0x74, 0x01, 0x80, 0x04, 0x29, 0xB1, 0x00, 0x08,
	0x22, 0x7C, 0xA7, 0x0A, 0x4A, 0x0A, 0x5B, 0x9D, 0x54, 0xBE, 0x54, 0xFF,
	0x80, 0x58, 0x04, 0x7E, 0x54, 0xFF, 0x80, 0x22, 0x7C, 0xA7, 0x0A, 0x4A,
	0x0A, 0x5B, 0x9D, 0x54, 0xBE, 0x54, 0x00, 0x00, 0x58, 0x04, 0x2E, 0x54,
	0x01, 0x00, 0x22, 0x6D, 0x33, 0x7A, 0x37, 0x0E, 0x73, 0x7A, 0x37, 0x0E,
	0x75, 0x7A, 0x37, 0x0E, 0x77, 0x7A, 0x37, 0x0E, 0x79, 0x22, 0xE4, 0x7E,
	0x37, 0x12, 0xE9, 0x7A, 0x39, 0xB0, 0xE4, 0x7E, 0x37, 0x12, 0xE9, 0x19,
	0xB3, 0x00, 0x02, 0x22, 0x7C, 0x7B, 0x0A, 0x37, 0x6D, 0x22, 0x2E, 0x24,
	0x00, 0xFF, 0x2E, 0x18, 0xF5, 0xD1, 0x7E, 0x1B, 0xB0, 0x22, 0x6C, 0xAA,
	0xE4, 0x1A, 0x4A, 0x19, 0xB4, 0x07, 0x31, 0x0B, 0xA0, 0xBE, 0xA0, 0x0A,
	0x48, 0xF2, 0x22, 0xE4, 0x7A, 0xB3, 0x28, 0x22, 0xE4, 0x7A, 0xB3, 0x2C,
	0x77, 0xE4, 0x7A, 0xB3, 0x2C, 0x85, 0x22, 0x7E, 0xB3, 0x12, 0xE0, 0xB4,
	0x01, 0x04, 0x74, 0x01, 0x80, 0x04, 0xA2, 0x45, 0xE4, 0x33, 0x22, 0x9D,
	0x32, 0xBE, 0x34, 0x00, 0x00, 0x08, 0x01, 0x22, 0x6E, 0x34, 0xFF, 0xFF,
	0x0B, 0x34, 0x22, 0x74, 0xFF, 0x7A, 0xB3, 0x03, 0xBE, 0xE4, 0x7A, 0xB3,
	0x03, 0xBF, 0x7A, 0xB3, 0x03, 0xBD, 0x22, 0xA9, 0xC0, 0xA6, 0xA9, 0xC0,
	0xA7, 0xA9, 0xC0, 0xA2, 0xA9, 0xD0, 0xA4, 0xD2, 0x80, 0x22, 0x7E, 0xB3,
	0x0D, 0xBB, 0xBE, 0xB0, 0xFF, 0x68, 0x04, 0x74, 0x01, 0x80, 0x01, 0xE4,
	0x22, 0xE4, 0x7A, 0xB3, 0x91, 0x40, 0x7E, 0x34, 0x01, 0x02, 0x7A, 0x37,
	0x91, 0x41, 0x22, 0x12, 0xC3, 0xF4, 0x60, 0x08, 0x12, 0x7E, 0xCE, 0xD2,
	0x25, 0x12, 0xE7, 0xC4, 0x22, 0x7C, 0x7B, 0x4C, 0x77, 0x68, 0x04, 0xC2,
	0x80, 0x80, 0x02, 0xD2, 0x80, 0x22, 0x7D, 0x23, 0x6D, 0x33, 0x7A, 0x37,
	0x18, 0xFC, 0x7A, 0x27, 0x18, 0xF4, 0x22, 0x7E, 0xB3, 0x18, 0xF9, 0xB4,
	0x01, 0x04, 0x74, 0x01, 0x80, 0x01, 0xE4, 0x22, 0x7D, 0x13, 0xBD, 0x21,
	0x28, 0x04, 0x7D, 0x31, 0x80, 0x02, 0x7D, 0x32, 0x22, 0x7D, 0x13, 0xBD,
	0x21, 0x50, 0x04, 0x7D, 0x31, 0x80, 0x02, 0x7D, 0x32, 0x22, 0x7C, 0x7B,
	0x4C, 0x77, 0x68, 0x05, 0x74, 0x01, 0x12, 0xF0, 0x67, 0x22, 0x7E, 0x34,
	0x00, 0x24, 0x7E, 0x24, 0x00, 0x04, 0x12, 0xF2, 0x4B, 0x22, 0x7E, 0x37,
	0xF0, 0x04, 0x4E, 0x60, 0x20, 0x7A, 0x37, 0xF0, 0x04, 0x22, 0x7E, 0xB3,
	0x28, 0x1D, 0x70, 0x04, 0x74, 0x01, 0x80, 0x01, 0xE4, 0x22, 0x12, 0xCF,
	0x73, 0x60, 0x06, 0x74, 0x01, 0x7A, 0xB3, 0x18, 0xF9, 0x22, 0x7E, 0xB3,
	0x03, 0xBB, 0x60, 0x04, 0x74, 0x01, 0x80, 0x01, 0xE4, 0x22, 0x74, 0x01,
	0x12, 0xBB, 0xBB, 0x74, 0x02, 0x7A, 0xB3, 0x04, 0x0F, 0x22, 0x7C, 0xAB,
	0xBE, 0xA0, 0xFF, 0x50, 0x02, 0x0B, 0xA0, 0x7C, 0xBA, 0x22, 0x74, 0xC8,
	0x7A, 0xB3, 0x03, 0xBD, 0xE4, 0x7A, 0xB3, 0x03, 0xC0, 0x22, 0x7E, 0x17,
	0x39, 0x35, 0x7E, 0x07, 0x39, 0x37, 0x12, 0xF2, 0xCE, 0x22, 0x74, 0x01,
	0x7E, 0x37, 0x12, 0xE9, 0x19, 0xB3, 0x00, 0x01, 0x22, 0x74, 0x05, 0x7E,
	0x37, 0x12, 0xE9, 0x19, 0xB3, 0x00, 0x01, 0x22, 0x7E, 0x37, 0x03, 0x0E,
	0x7E, 0x24, 0x04, 0x80, 0x02, 0xF2, 0xA4, 0x12, 0xC1, 0x55, 0xE5, 0x62,
	0x54, 0x13, 0xF5, 0x42, 0x22, 0xE5, 0xBA, 0x7A, 0xB3, 0x28, 0x21, 0x75,
	0xBA, 0x00, 0x22, 0xE5, 0x59, 0x20, 0xE1, 0x03, 0x12, 0x97, 0x77, 0x22,
	0x7E, 0x18, 0x3A, 0x7C, 0x29, 0xB1, 0x00, 0x09, 0x22, 0x12, 0xF1, 0x4D,
	0x3E, 0x34, 0x3E, 0x34, 0x22, 0x7E, 0xB3, 0x28, 0x1D, 0x54, 0xFB, 0x22,
	0x12, 0xF5, 0xBF, 0x12, 0x8A, 0x8E, 0x22, 0x12, 0xCD, 0x64, 0x12, 0xE6,
	0x43, 0x22, 0x75, 0xC1, 0x63, 0x43, 0x53, 0x80, 0x22, 0x0A, 0x3B, 0x09,
	0xB3, 0x04, 0x10, 0x22, 0x0A, 0x2B, 0x19, 0x72, 0x04, 0x10, 0x22, 0xA2,
	0x0E, 0xE4, 0x33, 0x22, 0x7E, 0x34, 0x04, 0x10, 0x22, 0x7E, 0xB3, 0x03,
	0xBB, 0x22, 0x7E, 0x37, 0x03, 0x0E, 0x22, 0x7E, 0xB3, 0x04, 0x0B, 0x22,
	0x7E, 0x34, 0x0E, 0x33, 0x22, 0x7E, 0xB3, 0x36, 0xFC, 0x22, 0x7E, 0xB3,
	0x3B, 0x7D, 0x22, 0x75, 0xC2, 0x00, 0x22, 0x12, 0xDE, 0x9D, 0x22, 0x12,
	0xF2, 0x62, 0x22, 0x12, 0xF4, 0xDE, 0x22, 0x74, 0x01, 0x22, 0xC3, 0x22,
	0x22, 0x22, 0x22, 0x22, 0x22, 0x22, 0x22, 0x22, 0x22, 0x22, 0x22, 0x22,
	0x22, 0x06, 0x07, 0x07, 0x08, 0x05, 0x00, 0x00, 0x07, 0x06, 0x00, 0x06,
	0x00, 0x00, 0x02, 0x04, 0x02, 0x04, 0x02, 0x0A, 0x03, 0x05, 0x03, 0x02,
	0x08, 0x06, 0x08, 0x01, 0x00, 0x07, 0x0C, 0x09, 0x05, 0x03, 0x02, 0x08,
	0x06, 0x08, 0x01, 0x00, 0x07, 0x06, 0x05, 0x03, 0x05, 0x02, 0x07, 0x01,
	0x06, 0x09, 0x03, 0x04, 0x05, 0x08, 0x02, 0x08, 0x07, 0x00, 0x01, 0x03,
	0x10, 0x00, 0x01, 0x02, 0x03, 0x04, 0x05, 0x06, 0x07, 0x00, 0x01, 0x02,
	0x03, 0x04, 0x05, 0x06, 0x07, 0x03, 0x10, 0x07, 0x06, 0x05, 0x04, 0x03,
	0x02, 0x01, 0x00, 0x07, 0x06, 0x05, 0x04, 0x03, 0x02, 0x01, 0x00, 0x01,
	0x0A, 0x04, 0x08, 0x00, 0x01, 0x02, 0x03, 0x04, 0x05, 0x06, 0x07, 0x01,
	0x07, 0x04, 0x01, 0x04, 0x05, 0x06, 0x07, 0x00, 0x00, 0x07, 0x01, 0x02,
	0x03, 0x04, 0x05, 0x06, 0x07, 0x00, 0x04, 0x01, 0x03, 0x05, 0x07, 0x04,
	0x07, 0x01, 0x02, 0x03, 0x08, 0x07, 0x06, 0x05, 0x04, 0x04, 0x01, 0x03,
	0x07, 0x05, 0x05, 0x03, 0x03, 0x06, 0x01, 0x07, 0x04, 0x03, 0x01, 0x05,
	0x07, 0x08, 0x03, 0x03, 0x00, 0x05, 0x0D, 0x03, 0x05, 0x00, 0x03, 0x09,
	0x03, 0x05, 0x02, 0x07, 0x0E, 0x03, 0x07, 0x02, 0x05, 0x0A, 0x03, 0x01,
	0x04, 0x07, 0x0F, 0x03, 0x07, 0x04, 0x01, 0x0B, 0x03, 0x03, 0x06, 0x01,
	0x10, 0x03, 0x01, 0x06, 0x03, 0x11, 0x02, 0x05, 0x06, 0x02, 0x06, 0x02,
	0x06, 0x02, 0x0B, 0x06, 0x02, 0x01, 0x00, 0x07, 0x06, 0x02, 0x01, 0x00,
	0x07, 0x06, 0x02, 0x0F, 0x03, 0x02, 0x01, 0x00, 0x07, 0x06, 0x05, 0x04,
	0x03, 0x02, 0x01, 0x00, 0x07, 0x06, 0x05, 0x0C, 0x04, 0x01, 0x07, 0x01,
	0x07, 0x0C, 0x04, 0x02, 0x07, 0x01, 0x06, 0x0C, 0x04, 0x02, 0x06, 0x02,
	0x06, 0x0C, 0x0A, 0x02, 0x01, 0x00, 0x07, 0x06, 0x02, 0x01, 0x00, 0x07,
	0x06, 0x06, 0x04, 0x07, 0x01, 0x07, 0x01, 0x06, 0x0A, 0x06, 0x07, 0x00,
	0x01, 0x02, 0x06, 0x07, 0x00, 0x01, 0x02, 0x06, 0x0C, 0x05, 0x06, 0x07,
	0x00, 0x01, 0x02, 0x06, 0x07, 0x00, 0x01, 0x02, 0x03, 0x03, 0x10, 0x00,
	0x01, 0x02, 0x03, 0x04, 0x05, 0x06, 0x07, 0x00, 0x01, 0x02, 0x03, 0x04,
	0x05, 0x06, 0x07, 0x03, 0x10, 0x07, 0x06, 0x05, 0x04, 0x03, 0x02, 0x01,
	0x00, 0x07, 0x06, 0x05, 0x04, 0x03, 0x02, 0x01, 0x00, 0x01, 0x0A, 0x00,
	0x01, 0x02, 0x03, 0x04, 0x05, 0x06, 0x07, 0x00, 0x01, 0x01, 0x06, 0x01,
	0x04, 0x05, 0x06, 0x07, 0x00, 0x00, 0x07, 0x03, 0x04, 0x05, 0x06, 0x07,
	0x00, 0x01, 0x04, 0x0B, 0x03, 0x04, 0x05, 0x06, 0x07, 0x00, 0x07, 0x06,
	0x05, 0x04, 0x03, 0x04, 0x0A, 0x03, 0x04, 0x05, 0x06, 0x07, 0x00, 0x07,
	0x06, 0x05, 0x04, 0x04, 0x03, 0x05, 0x07, 0x05, 0x04, 0x04, 0x02, 0x05,
	0x07, 0x05, 0x05, 0x02, 0x07, 0x01, 0x07, 0x03, 0x00, 0x05, 0x00, 0x08,
	0x02, 0x07, 0x05, 0x0D, 0x02, 0x01, 0x03, 0x09, 0x02, 0x01, 0x07, 0x0E,
	0x02, 0x03, 0x05, 0x0A, 0x02, 0x05, 0x07, 0x0F, 0x02, 0x03, 0x01, 0x0B,
	0x02, 0x07, 0x01, 0x10, 0x02, 0x05, 0x03, 0x11, 0x00, 0x00, 0x00, 0x00,
	0x5D, 0x00, 0x02, 0x00, 0x1F, 0x00, 0x20, 0x00, 0x00, 0x00, 0x00, 0x00,
	0x00, 0x00, 0x42, 0xFF, 0x60, 0x02, 0x60, 0x02, 0x60, 0x02, 0x60, 0x02,
	0x00, 0x00, 0x00, 0x00, 0x00, 0x01, 0x06, 0x07, 0x08, 0x09, 0x0E, 0x0E,
	0x0E, 0x0E, 0x0E, 0x0E, 0x0E, 0x0E, 0x0E, 0x0E, 0x0E, 0x00, 0x63, 0x65,
	0x6D, 0x6F, 0x73, 0x76, 0x77, 0x7A, 0xC5, 0xC4, 0xC7, 0xC6, 0xC0, 0xC3,
	0xC1, 0xC2, 0xF4, 0xF5, 0xF6, 0xC8, 0xB1, 0xB0, 0xB2, 0xF8, 0x2D, 0x00,
	0x29, 0x00, 0x00, 0x00, 0x00, 0x00, 0x00, 0x00, 0x00, 0x00, 0x00, 0x00,
	0x00, 0x01, 0x02, 0x03, 0x04, 0x05, 0x06, 0x07, 0x00, 0x02, 0x04, 0x01,
	0x00, 0x08, 0x10, 0x20, 0x20, 0x08, 0x10, 0x20, 0x30, 0x03, 0x04, 0x05,
	0x05, 0x00, 0x40, 0x10, 0x04, 0x04, 0x04, 0x04, 0x00, 0x00, 0x1B, 0x15,
	0x1B, 0x15, 0x54, 0x46, 0x49, 0x33, 0x00, 0x0E, 0x03, 0x83, 0x43, 0x02,
	0x00, 0x23, 0x01, 0x20, 0x01, 0x18, 0x00, 0x00, 0x11, 0x0A, 0xFF, 0xBE,
	0xEE, 0x44, 0x04, 0x04, 0x03, 0x05, 0x07, 0x05, 0x04, 0x04, 0x02, 0x05,
	0x07, 0x05, 0x05, 0x02, 0x07, 0x01, 0x07, 0x03, 0x00, 0x05, 0x00, 0x08,
	0x02, 0x07, 0x05, 0x0D, 0x02, 0x01, 0x03, 0x09, 0x02, 0x01, 0x07, 0x0E,
	0x02, 0x03, 0x05, 0x0A, 0x02, 0x05, 0x07, 0x0F, 0x02, 0x03, 0x01, 0x0B,
	0x02, 0x07, 0x01, 0x10, 0x02, 0x05, 0x03, 0x11, 0x00, 0x00, 0x00, 0x00,
	0x5D, 0x00, 0x02, 0x00, 0x1F, 0x00, 0x20, 0x00, 0x00, 0x00, 0x00, 0x00,
	0x00, 0x00, 0x42, 0xFF, 0x60, 0x02, 0x60, 0x02, 0x60, 0x02, 0x60, 0x02,
	0x00, 0x00, 0x00, 0x00, 0x00, 0x01, 0x06, 0x07, 0x08, 0x09, 0x0E, 0x0E,
	0x0E, 0x0E, 0x0E, 0x0E, 0x0E, 0x0E, 0x0E, 0x0E, 0x0E, 0x00, 0x63, 0x65,
	0x6D, 0x6F, 0x73, 0x76, 0x77, 0x7A, 0xC5, 0xC4, 0xC7, 0xC6, 0xC0, 0xC3,
	0xC1, 0xC2, 0xF4, 0xF5, 0xF6, 0xC8, 0xB1, 0xB0, 0xB2, 0xF8, 0x2D, 0x00,
	0x29, 0x00, 0x00, 0x00, 0x00, 0x00, 0x00, 0x00, 0x00, 0x00, 0x00, 0x00,
	0x00, 0x01, 0x02, 0x03, 0x04, 0x05, 0x06, 0x07, 0x00, 0x02, 0x04, 0x01,
	0x00, 0x08, 0x10, 0x20, 0x20, 0x08, 0x10, 0x20, 0x30, 0x03, 0x04, 0x05,
	0x05, 0x00, 0x40, 0x10, 0x04, 0x04, 0x04, 0x04, 0x00, 0x00, 0x1B, 0x15,
	0x1B, 0x15, 0x54, 0x46, 0x49, 0x33, 0x00, 0x0E, 0x03, 0x83, 0x43, 0x02,
	0x00, 0x23, 0x01, 0x20, 0x01, 0x18, 0x00, 0x00, 0x01, 0x0A, 0xFF, 0x4A,
	0xB3, 0x09, 0xFF, 0xFF, 0xFF, 0xFF, 0xFF, 0xFF, 0xFF, 0xFF, 0xFF, 0xFF,
	0xFF, 0xFF, 0xFF, 0xFF, 0xFF, 0xFF, 0xFF, 0xFF, 0xFF, 0xFF, 0xFF, 0xFF,
	0xFF, 0xFF, 0xFF, 0xFF, 0xFF, 0xFF, 0xFF, 0xFF, 0xFF, 0xFF, 0xFF, 0xFF,
	0xFF, 0xFF, 0xFF, 0xFF, 0xFF, 0xFF, 0xFF, 0xFF, 0xFF, 0xFF, 0xFF, 0xFF,
	0xFF, 0xFF, 0xFF, 0xFF, 0xFF, 0xFF, 0xFF, 0xFF, 0xFF, 0xFF, 0xFF, 0xFF,
	0xFF, 0xFF, 0xFF, 0xFF, 0xFF, 0xFF, 0xFF, 0xFF, 0xFF, 0xFF, 0xFF, 0xFF,
	0xFF, 0xFF, 0xFF, 0xFF, 0xFF, 0xFF, 0xFF, 0xFF, 0xFF, 0xFF, 0xFF, 0xFF,
	0xFF, 0xFF, 0xFF, 0xFF, 0xFF, 0xFF, 0xFF, 0xFF, 0xFF, 0xFF, 0xFF, 0xFF,
	0xFF, 0xFF, 0xFF, 0xFF, 0xFF, 0xFF, 0xFF, 0xFF, 0xFF, 0xFF, 0xFF, 0xFF,
	0xFF, 0xFF, 0xFF, 0xFF, 0xFF, 0xFF, 0xFF, 0xFF, 0xFF, 0xFF, 0xFF, 0xFF,
	0xFF, 0xFF, 0xFF, 0xFF, 0xFF, 0xFF, 0xFF, 0xFF, 0xFF, 0xFF, 0xFF, 0xFF,
	0xFF, 0xFF, 0xFF, 0xFF, 0xFF, 0xFF, 0xFF, 0xFF, 0xFF, 0xFF, 0xFF, 0xFF,
	0xFF, 0xFF, 0xFF, 0xFF, 0xFF, 0xFF, 0xFF, 0xFF, 0xFF, 0xFF, 0xFF, 0xFF,
	0xFF, 0xFF, 0xFF, 0xFF, 0xFF, 0xFF, 0xFF, 0xFF, 0xFF, 0xFF, 0xFF, 0xFF,
	0xFF, 0xFF, 0xFF, 0xFF, 0xFF, 0xFF, 0xFF, 0xFF, 0xFF, 0xFF, 0xFF, 0xFF,
	0xFF, 0xFF, 0xFF, 0xFF, 0xFF, 0xFF, 0xFF, 0xFF, 0xFF, 0xFF, 0xFF, 0xFF,
	0xFF, 0xFF, 0xFF, 0xFF, 0xFF, 0xFF, 0xFF, 0xFF, 0xFF, 0xFF, 0xFF, 0xFF,
	0xFF, 0xFF, 0xFF, 0xFF, 0xFF, 0xFF, 0xFF, 0xFF, 0xFF, 0xFF, 0xFF, 0xFF,
	0xFF, 0xFF, 0xFF, 0xFF, 0xFF, 0xFF, 0xFF, 0xFF, 0xFF, 0xFF, 0xFF, 0xFF,
	0xFF, 0xFF, 0xFF, 0xFF, 0xFF, 0xFF, 0xFF, 0xFF, 0xFF, 0xFF, 0xFF, 0xFF,
	0xFF, 0xFF, 0xFF, 0xFF, 0xFF, 0xFF, 0xFF, 0xFF, 0xFF, 0xFF, 0xFF, 0xFF,
	0xFF, 0xFF, 0xFF, 0xFF, 0xFF, 0xFF, 0xFF, 0xFF, 0xFF, 0xFF, 0xFF, 0xFF,
	0xFF, 0xFF, 0xFF, 0xFF, 0xFF, 0xFF, 0xFF, 0xFF, 0xFF, 0xFF, 0xFF, 0xFF,
	0xFF, 0xFF, 0xFF, 0xFF, 0xFF, 0xFF, 0xFF, 0xFF, 0xFF, 0xFF, 0xFF, 0xFF,
	0xFF, 0xFF, 0xFF, 0xFF, 0xFF, 0xFF, 0xFF, 0xFF, 0xFF, 0xFF, 0xFF, 0xFF,
	0xFF, 0xFF, 0xFF, 0xFF, 0xFF, 0xFF, 0xFF, 0xFF, 0xFF, 0xFF, 0xFF, 0xFF,
	0xFF, 0xFF, 0xFF, 0xFF, 0xFF, 0xFF, 0xFF, 0xFF, 0xFF, 0xFF, 0xFF, 0xFF,
	0xFF, 0xFF, 0xFF, 0xFF, 0xFF, 0xFF, 0xFF, 0xFF, 0xFF, 0xFF, 0xFF, 0xFF,
	0xFF, 0xFF, 0xFF, 0xFF, 0xFF, 0xFF, 0xFF, 0xFF, 0xFF, 0xFF, 0xFF, 0xFF,
	0xFF, 0xFF, 0xFF, 0xFF, 0xFF, 0xFF, 0xFF, 0xFF, 0xFF, 0xFF, 0xFF, 0xFF,
	0xFF, 0xFF, 0xFF, 0xFF, 0xFF, 0xFF, 0xFF, 0xFF, 0xFF, 0xFF, 0xFF, 0xFF,
	0xFF, 0xFF, 0xFF, 0xFF, 0xFF, 0xFF, 0xFF, 0xFF, 0xFF, 0xFF, 0xFF, 0xFF,
	0xFF, 0xFF, 0xFF, 0xFF, 0xFF, 0xFF, 0xFF, 0xFF, 0xFF, 0xFF, 0xFF, 0xFF,
	0xFF, 0xFF, 0xFF, 0xFF, 0xFF, 0xFF, 0xFF, 0xFF, 0xFF, 0xFF, 0xFF, 0xFF,
	0xFF, 0xFF, 0xFF, 0xFF, 0xFF, 0xFF, 0xFF, 0xFF, 0xFF, 0xFF, 0xFF, 0xFF,
	0xFF, 0xFF, 0xFF, 0xFF, 0xFF, 0xFF, 0xFF, 0xFF, 0xFF, 0xFF, 0xFF, 0xFF,
	0xFF, 0xFF, 0xFF, 0xFF, 0xFF, 0xFF, 0xFF, 0xFF, 0xFF, 0xFF, 0xFF, 0xFF,
	0xFF, 0xFF, 0xFF, 0xFF, 0xFF, 0xFF, 0xFF, 0xFF, 0xFF, 0xFF, 0xFF, 0xFF,
	0xFF, 0xFF, 0xFF, 0xFF, 0xFF, 0xFF, 0xFF, 0xFF, 0xFF, 0xFF, 0xFF, 0xFF,
	0xFF, 0xFF, 0xFF, 0xFF, 0xFF, 0xFF, 0xFF, 0xFF, 0xFF, 0xFF, 0xFF, 0xFF,
	0xFF, 0xFF, 0xFF, 0xFF, 0xFF, 0xFF, 0xFF, 0xFF, 0xFF, 0xFF, 0xFF, 0xFF,
	0xFF, 0xFF, 0xFF, 0xFF, 0xFF, 0xFF, 0xFF, 0xFF, 0xFF, 0xFF, 0xFF, 0xFF,
	0xFF, 0xFF, 0xFF, 0xFF, 0xFF, 0xFF, 0xFF, 0xFF, 0xFF, 0xFF, 0xFF, 0xFF,
	0xFF, 0xFF, 0xFF, 0xFF, 0xFF, 0xFF, 0xFF, 0xFF, 0xFF, 0xFF, 0xFF, 0xFF,
	0xFF, 0xFF, 0xFF, 0xFF, 0xFF, 0xFF, 0xFF, 0xFF, 0xFF, 0xFF, 0xFF, 0xFF,
	0xFF, 0xFF, 0xFF, 0xFF, 0xFF, 0xFF, 0xFF, 0xFF, 0xFF, 0xFF, 0xFF, 0xFF,
	0xFF, 0xFF, 0xFF, 0xFF, 0xFF, 0xFF, 0xFF, 0xFF, 0xFF, 0xFF, 0xFF, 0xFF,
	0xFF, 0xFF, 0xFF, 0xFF, 0xFF, 0xFF, 0xFF, 0xFF, 0xFF, 0xFF, 0xFF, 0xFF,
	0xFF, 0xFF, 0xFF, 0xFF, 0xFF, 0xFF, 0xFF, 0xFF, 0xFF, 0xFF, 0xFF, 0xFF,
	0xFF, 0xFF, 0xFF, 0xFF, 0xFF, 0xFF, 0xFF, 0xFF, 0xFF, 0xFF, 0xFF, 0xFF,
	0xFF, 0xFF, 0xFF, 0xFF, 0xFF, 0xFF, 0xFF, 0xFF, 0xFF, 0xFF, 0xFF, 0xFF,
	0xFF, 0xFF, 0xFF, 0xFF, 0xFF, 0xFF, 0xFF, 0xFF, 0xFF, 0xFF, 0xFF, 0xFF,
	0xFF, 0xFF, 0xFF, 0xFF, 0xFF, 0xFF, 0xFF, 0xFF, 0xFF, 0xFF, 0xFF, 0xFF,
	0xFF, 0xFF, 0xFF, 0xFF, 0xFF, 0xFF, 0xFF, 0xFF, 0xFF, 0xFF, 0xFF, 0xFF,
	0xFF, 0xFF, 0xFF, 0xFF, 0xFF, 0xFF, 0xFF, 0xFF, 0xFF, 0xFF, 0xFF, 0xFF,
	0xFF, 0xFF, 0xFF, 0xFF, 0xFF, 0xFF, 0xFF, 0xFF, 0xFF, 0xFF, 0xFF, 0xFF,
	0xFF, 0xFF, 0xFF, 0xFF, 0xFF, 0xFF, 0xFF, 0xFF, 0xFF, 0xFF, 0xFF, 0xFF,
	0xFF, 0xFF, 0xFF, 0xFF, 0xFF, 0xFF, 0xFF, 0xFF, 0xFF, 0xFF, 0xFF, 0xFF,
	0xFF, 0xFF, 0xFF, 0xFF, 0xFF, 0xFF, 0xFF, 0xFF, 0xFF, 0xFF, 0xFF, 0xFF,
	0xFF, 0xFF, 0xFF, 0xFF, 0xFF, 0xFF, 0xFF, 0xFF, 0xFF, 0xFF, 0xFF, 0xFF,
	0xFF, 0xFF, 0xFF, 0xFF, 0xFF, 0xFF, 0xFF, 0xFF, 0xFF, 0xFF, 0xFF, 0xFF,
	0xFF, 0xFF, 0xFF, 0xFF, 0xFF, 0xFF, 0xFF, 0xFF, 0xFF, 0xFF, 0xFF, 0xFF,
	0xFF, 0xFF, 0xFF, 0xFF, 0xFF, 0xFF, 0xFF, 0xFF, 0xFF, 0xFF, 0xFF, 0xFF,
	0xFF, 0xFF, 0xFF, 0xFF, 0xFF, 0xFF, 0xFF, 0xFF, 0xFF, 0xFF, 0xFF, 0xFF,
	0xFF, 0xFF, 0xFF, 0xFF, 0xFF, 0xFF, 0xFF, 0xFF, 0xFF, 0xFF, 0xFF, 0xFF,
	0xFF, 0xFF, 0xFF, 0xFF, 0xFF, 0xFF, 0xFF, 0xFF, 0xFF, 0xFF, 0xFF, 0xFF,
	0xFF, 0xFF, 0xFF, 0xFF, 0xFF, 0xFF, 0xFF, 0xFF, 0xFF, 0xFF, 0xFF, 0xFF,
	0xFF, 0xFF, 0xFF, 0xFF, 0xFF, 0xFF, 0xFF, 0xFF, 0xFF, 0xFF, 0xFF, 0xFF,
	0xFF, 0xFF, 0xFF, 0xFF, 0xFF, 0xFF, 0xFF, 0xFF, 0xFF, 0xFF, 0xFF, 0xFF,
	0xFF, 0xFF, 0xFF, 0xFF, 0xFF, 0xFF, 0xFF, 0xFF, 0xFF, 0xFF, 0xFF, 0xFF,
	0xFF, 0xFF, 0xFF, 0xFF, 0xFF, 0xFF, 0xFF, 0xFF, 0xFF, 0xFF, 0xFF, 0xFF,
	0xFF, 0xFF, 0xFF, 0xFF, 0xFF, 0xFF, 0xFF, 0xFF, 0xFF, 0xFF, 0xFF, 0xFF,
	0xFF, 0xFF, 0xFF, 0xFF, 0xFF, 0xFF, 0xFF, 0xFF, 0xFF, 0xFF, 0xFF, 0xFF,
	0xFF, 0xFF, 0xFF, 0xFF, 0xFF, 0xFF, 0xFF, 0xFF, 0xFF, 0xFF, 0xFF, 0xFF,
	0xFF, 0xFF, 0xFF, 0xFF, 0xFF, 0xFF, 0xFF, 0xFF, 0xFF, 0xFF, 0xFF, 0xFF,
	0xFF, 0xFF, 0xFF, 0xFF, 0xFF, 0xFF, 0xFF, 0xFF, 0xFF, 0xFF, 0xFF, 0xFF,
	0xFF, 0xFF, 0xFF, 0xFF, 0xFF, 0xFF, 0xFF, 0xFF, 0xFF, 0xFF, 0xFF, 0xFF,
	0xFF, 0xFF, 0xFF, 0xFF, 0xFF, 0xFF, 0xFF, 0xFF, 0xFF, 0xFF, 0xFF, 0xFF,
	0xFF, 0xFF, 0xFF, 0xFF, 0xFF, 0xFF, 0xFF, 0xFF, 0xFF, 0xFF, 0xFF, 0xFF,
	0xFF, 0xFF, 0xFF, 0xFF, 0xFF, 0xFF, 0xFF, 0xFF, 0xFF, 0xFF, 0xFF, 0xFF,
	0xFF, 0xFF, 0xFF, 0xFF, 0xFF, 0xFF, 0xFF, 0xFF, 0xFF, 0xFF, 0xFF, 0xFF,
	0xFF, 0xFF, 0xFF, 0xFF, 0xFF, 0xFF, 0xFF, 0xFF, 0xFF, 0xFF, 0xFF, 0xFF,
	0xFF, 0xFF, 0xFF, 0xFF, 0xFF, 0xFF, 0xFF, 0xFF, 0xFF, 0xFF, 0xFF, 0xFF,
	0xFF, 0xFF, 0xFF, 0xFF, 0xFF, 0xFF, 0xFF, 0xFF, 0xFF, 0xFF, 0xFF, 0xFF,
	0xFF, 0xFF, 0xFF, 0xFF, 0xFF, 0xFF, 0xFF, 0xFF, 0xFF, 0xFF, 0xFF, 0xFF,
	0xFF, 0xFF, 0xFF, 0xFF, 0xFF, 0xFF, 0xFF, 0xFF, 0xFF, 0xFF, 0xFF, 0xFF,
	0xFF, 0xFF, 0xFF, 0xFF, 0xFF, 0xFF, 0xFF, 0xFF, 0xFF, 0xFF, 0xFF, 0xFF,
	0xFF, 0xFF, 0xFF, 0xFF, 0xFF, 0xFF, 0xFF, 0xFF, 0xFF, 0xFF, 0xFF, 0xFF,
	0xFF, 0xFF, 0xFF, 0xFF, 0xFF, 0xFF, 0xFF, 0xFF, 0xFF, 0xFF, 0xFF, 0xFF,
	0xFF, 0xFF, 0xFF, 0xFF, 0xFF, 0xFF, 0xFF, 0xFF, 0xFF, 0xFF, 0xFF, 0xFF,
	0xFF, 0xFF, 0xFF, 0xFF, 0xFF, 0xFF, 0xFF, 0xFF, 0xFF, 0xFF, 0xFF, 0xFF,
	0xFF, 0xFF, 0xFF, 0xFF, 0xFF, 0xFF, 0xFF, 0xFF, 0xFF, 0xFF, 0xFF, 0xFF,
	0xFF, 0xFF, 0xFF, 0xFF, 0xFF, 0xFF, 0xFF, 0xFF, 0xFF, 0xFF, 0xFF, 0xFF,
	0xFF, 0xFF, 0xFF, 0xFF, 0xFF, 0xFF, 0xFF, 0xFF, 0xFF, 0xFF, 0xFF, 0xFF,
	0xFF, 0xFF, 0xFF, 0xFF, 0xFF, 0xFF, 0xFF, 0xFF, 0xFF, 0xFF, 0xFF, 0xFF,
	0xFF, 0xFF, 0xFF, 0xFF, 0xFF, 0xFF, 0xFF, 0xFF, 0xFF, 0xFF, 0xFF, 0xFF,
	0xFF, 0xFF, 0xFF, 0xFF, 0xFF, 0xFF, 0xFF, 0xFF, 0xFF, 0xFF, 0xFF, 0xFF,
	0xFF, 0xFF, 0xFF, 0xFF, 0xFF, 0xFF, 0xFF, 0xFF, 0xFF, 0xFF, 0xFF, 0xFF,
	0xFF, 0xFF, 0xFF, 0xFF, 0xFF, 0xFF, 0xFF, 0xFF, 0xFF, 0xFF, 0xFF, 0xFF,
	0xFF, 0xFF, 0xFF, 0xFF, 0xFF, 0xFF, 0xFF, 0xFF, 0xFF, 0xFF, 0xFF, 0xFF,
	0xFF, 0xFF, 0xFF, 0xFF, 0xFF, 0xFF, 0xFF, 0xFF, 0xFF, 0xFF, 0xFF, 0xFF,
	0xFF, 0xFF, 0xFF, 0xFF, 0xFF, 0xFF, 0xFF, 0xFF, 0xFF, 0xFF, 0xFF, 0xFF,
	0xFF, 0xFF, 0xFF, 0xFF, 0xFF, 0xFF, 0xFF, 0xFF, 0xFF, 0xFF, 0xFF, 0xFF,
	0xFF, 0xFF, 0xFF, 0xFF, 0xFF, 0xFF, 0xFF, 0xFF, 0xFF, 0xFF, 0xFF, 0xFF,
	0xFF, 0xFF, 0xFF, 0xFF, 0xFF, 0xFF, 0xFF, 0xFF, 0xFF, 0xFF, 0xFF, 0xFF,
	0xFF, 0xFF, 0xFF, 0xFF, 0xFF, 0xFF, 0xFF, 0xFF, 0xFF, 0xFF, 0xFF, 0xFF,
	0xFF, 0xFF, 0xFF, 0xFF, 0xFF, 0xFF, 0xFF, 0xFF, 0xFF, 0xFF, 0xFF, 0xFF,
	0xFF, 0xFF, 0xFF, 0xFF, 0xFF, 0xFF, 0xFF, 0xFF, 0xFF, 0xFF, 0xFF, 0xFF,
	0xFF, 0xFF, 0xFF, 0xFF, 0xFF, 0xFF, 0xFF, 0xFF, 0xFF, 0xFF, 0xFF, 0xFF,
	0xFF, 0xFF, 0xFF, 0xFF, 0xFF, 0xFF, 0xFF, 0xFF, 0xFF, 0xFF, 0xFF, 0xFF,
	0xFF, 0xFF, 0xFF, 0xFF, 0xFF, 0xFF, 0xFF, 0xFF, 0xFF, 0xFF, 0xFF, 0xFF,
	0xFF, 0xFF, 0xFF, 0xFF, 0xFF, 0xFF, 0xFF, 0xFF, 0xFF, 0xFF, 0xFF, 0xFF,
	0xFF, 0xFF, 0xFF, 0xFF, 0xFF, 0xFF, 0xFF, 0xFF, 0xFF, 0xFF, 0xFF, 0xFF,
	0xFF, 0xFF, 0xFF, 0xFF, 0xFF, 0xFF, 0xFF, 0xFF, 0xFF, 0xFF, 0xFF, 0xFF,
	0xFF, 0xFF, 0xFF, 0xFF, 0xFF, 0xFF, 0xFF, 0xFF, 0xFF, 0xFF, 0xFF, 0xFF,
	0xFF, 0xFF, 0xFF, 0xFF, 0xFF, 0xFF, 0xFF, 0xFF, 0xFF, 0xFF, 0xFF, 0xFF,
	0xFF, 0xFF, 0xFF, 0xFF, 0xFF, 0xFF, 0xFF, 0xFF, 0xFF, 0xFF, 0xFF, 0xFF,
	0xFF, 0xFF, 0xFF, 0xFF, 0xFF, 0xFF, 0xFF, 0xFF, 0xFF, 0xFF, 0xFF, 0xFF,
	0xFF, 0xFF, 0xFF, 0xFF, 0xFF, 0xFF, 0xFF, 0xFF, 0xFF, 0xFF, 0xFF, 0xFF,
	0xFF, 0xFF, 0xFF, 0xFF, 0xFF, 0xFF, 0xFF, 0xFF, 0xFF, 0xFF, 0xFF, 0xFF,
	0xFF, 0xFF, 0xFF, 0xFF, 0xFF, 0xFF, 0xFF, 0xFF, 0xFF, 0xFF, 0xFF, 0xFF,
	0xFF, 0xFF, 0xFF, 0xFF, 0xFF, 0xFF, 0xFF, 0xFF, 0xFF, 0xFF, 0xFF, 0xFF,
	0xFF, 0xFF, 0xFF, 0xFF, 0xFF, 0xFF, 0xFF, 0xFF, 0xFF, 0xFF, 0xFF, 0xFF,
	0xFF, 0xFF, 0xFF, 0xFF, 0xFF, 0xFF, 0xFF, 0xFF, 0xFF, 0xFF, 0xFF, 0xFF,
	0xFF, 0xFF, 0xFF, 0xFF, 0xFF, 0xFF, 0xFF, 0xFF, 0xFF, 0xFF, 0xFF, 0xFF,
	0xFF, 0xFF, 0xFF, 0xFF, 0xFF, 0xFF, 0xFF, 0xFF, 0xFF, 0xFF, 0xFF, 0xFF,
	0xFF, 0xFF, 0xFF, 0xFF, 0xFF, 0xFF, 0xFF, 0xFF, 0xFF, 0xFF, 0xFF, 0xFF,
	0xFF, 0xFF, 0xFF, 0xFF, 0xFF, 0xFF, 0xFF, 0xFF, 0xFF, 0xFF, 0xFF, 0xFF,
	0xFF, 0xFF, 0xFF, 0xFF, 0xFF, 0xFF, 0xFF, 0xFF, 0xFF, 0xFF, 0xFF, 0xFF,
	0xFF, 0xFF, 0xFF, 0xFF, 0xFF, 0xFF, 0xFF, 0xFF, 0xFF, 0xFF, 0xFF, 0xFF,
	0xFF, 0xFF, 0xFF, 0xFF, 0xFF, 0xFF, 0xFF, 0xFF, 0xFF, 0xFF, 0xFF, 0xFF,
	0xFF, 0xFF, 0xFF, 0xFF, 0xFF, 0xFF, 0xFF, 0xFF, 0xFF, 0xFF, 0xFF, 0xFF,
	0xFF, 0xFF, 0xFF, 0xFF, 0xFF, 0xFF, 0xFF, 0xFF, 0xFF, 0xFF, 0xFF, 0xFF,
	0xFF, 0xFF, 0xFF, 0xFF, 0xFF, 0xFF, 0xFF, 0xFF, 0xFF, 0xFF, 0xFF, 0xFF,
	0xFF, 0xFF, 0xFF, 0xFF, 0xFF, 0xFF, 0xFF, 0xFF, 0xFF, 0xFF, 0xFF, 0xFF,
	0xFF, 0xFF, 0xFF, 0xFF, 0xFF, 0xFF, 0xFF, 0xFF, 0xFF, 0xFF, 0xFF, 0xFF,
	0xFF, 0xFF, 0xFF, 0xFF, 0xFF, 0xFF, 0xFF, 0xFF, 0xFF, 0xFF, 0xFF, 0xFF,
	0xFF, 0xFF, 0xFF, 0xFF, 0xFF, 0xFF, 0xFF, 0xFF, 0xFF, 0xFF, 0xFF, 0xFF,
	0xFF, 0xFF, 0xFF, 0xFF, 0xFF, 0xFF, 0xFF, 0xFF, 0xFF, 0xFF, 0xFF, 0xFF,
	0xFF, 0xFF, 0xFF, 0xFF, 0xFF, 0xFF, 0xFF, 0xFF, 0xFF, 0xFF, 0xFF, 0xFF,
	0xFF, 0xFF, 0xFF, 0xFF, 0xFF, 0xFF, 0xFF, 0xFF, 0xFF, 0xFF, 0xFF, 0xFF,
	0xFF, 0xFF, 0xFF, 0xFF, 0xFF, 0xFF, 0xFF, 0xFF, 0xFF, 0xFF, 0xFF, 0xFF,
	0xFF, 0xFF, 0xFF, 0xFF, 0xFF, 0xFF, 0xFF, 0xFF, 0xFF, 0xFF, 0xFF, 0xFF,
	0xFF, 0xFF, 0xFF, 0xFF, 0xFF, 0xFF, 0xFF, 0xFF, 0xFF, 0xFF, 0xFF, 0xFF,
	0xFF, 0xFF, 0xFF, 0xFF, 0xFF, 0xFF, 0xFF, 0xFF, 0xFF, 0xFF, 0xFF, 0xFF,
	0xFF, 0xFF, 0xFF, 0xFF, 0xFF, 0xFF, 0xFF, 0xFF, 0xFF, 0xFF, 0xFF, 0xFF,
	0xFF, 0xFF, 0xFF, 0xFF, 0xFF, 0xFF, 0xFF, 0xFF, 0xFF, 0xFF, 0xFF, 0xFF,
	0xFF, 0xFF, 0xFF, 0xFF, 0xFF, 0xFF, 0xFF, 0xFF, 0xFF, 0xFF, 0xFF, 0xFF,
	0xFF, 0xFF, 0xFF, 0xFF, 0xFF, 0xFF, 0xFF, 0xFF, 0xFF, 0xFF, 0xFF, 0xFF,
	0xFF, 0xFF, 0xFF, 0xFF, 0xFF, 0xFF, 0xFF, 0xFF, 0xFF, 0xFF, 0xFF, 0xFF,
	0xFF, 0xFF, 0xFF, 0xFF, 0xFF, 0xFF, 0xFF, 0xFF, 0xFF, 0xFF, 0xFF, 0xFF,
	0xFF, 0xFF, 0xFF, 0xFF, 0x43, 0x46, 0x54, 0x31, 0x0A, 0xB4, 0x23, 0x23,
	0x83, 0x00, 0x0A, 0xB7, 0x00, 0x00, 0x00, 0x2E, 0x00, 0x33, 0x00, 0x51,
	0x00, 0xD1, 0x00, 0xE1, 0x00, 0xFF, 0x01, 0x3D, 0x01, 0x88, 0x02, 0x0C,
	0x02, 0x3F, 0x02, 0x87, 0x02, 0x8E, 0x02, 0xD8, 0x03, 0xEC, 0x04, 0x56,
	0xD7, 0xFE, 0x02, 0x00, 0x00, 0x00, 0x00, 0x35, 0x01, 0x66, 0x02, 0xD0,
	0x06, 0x40, 0x0A, 0x00, 0x00, 0x55, 0x86, 0x02, 0x58, 0x00, 0x01, 0x1E,
	0x19, 0x00, 0x32, 0x08, 0x00, 0x00, 0x00, 0x05, 0x55, 0x00, 0x00, 0x00,
	0x00, 0x97, 0x08, 0x28, 0xBE, 0x40, 0x00, 0x40, 0x50, 0x50, 0x0A, 0x00,
	0x00, 0x00, 0x00, 0xF3, 0xF8, 0x00, 0x00, 0x02, 0xD0, 0x06, 0x40, 0x00,
	0x00, 0x00, 0x00, 0x02, 0x01, 0x60, 0x60, 0x64, 0x50, 0x00, 0x28, 0x1E,
	0xFF, 0xFF, 0x1E, 0x02, 0x00, 0x28, 0x05, 0x50, 0x00, 0x03, 0x15, 0x41,
	0x41, 0x08, 0x08, 0x04, 0x05, 0x00, 0x00, 0x00, 0x20, 0xFF, 0x00, 0x00,
	0x00, 0x00, 0x00, 0x00, 0x40, 0x20, 0x20, 0x00, 0x05, 0x14, 0x1E, 0x0A,
	0x07, 0x05, 0x00, 0x00, 0x00, 0x00, 0x00, 0x00, 0x00, 0xFA, 0x00, 0x40,
	0x40, 0x00, 0xFF, 0x00, 0x00, 0x00, 0x60, 0x00, 0x00, 0x02, 0x00, 0x00,
	0x64, 0x40, 0x00, 0x00, 0x00, 0x1E, 0x96, 0x28, 0x4B, 0x05, 0x14, 0x78,
	0x64, 0x00, 0x00, 0x00, 0x00, 0x00, 0x00, 0x0A, 0x00, 0x00, 0x00, 0x00,
	0x00, 0x00, 0x00, 0x00, 0x00, 0x00, 0x00, 0x00, 0x00, 0x00, 0x11, 0x00,
	0x51, 0x97, 0x00, 0x00, 0x00, 0x00, 0x0A, 0x00, 0x02, 0x00, 0x02, 0x00,
	0x00, 0x10, 0x04, 0x19, 0x1E, 0x0F, 0x18, 0x10, 0x08, 0x40, 0x20, 0x10,
	0x03, 0x02, 0x01, 0x02, 0x01, 0x02, 0x00, 0x03, 0x0E, 0x00, 0x00, 0x00,
	0x00, 0x00, 0x00, 0x00, 0x00, 0x00, 0x00, 0x07, 0x03, 0x0E, 0x80, 0x0C,
	0x07, 0x0F, 0x16, 0x24, 0x36, 0x3C, 0x1C, 0x00, 0x00, 0x00, 0x0A, 0x28,
	0x00, 0x28, 0x00, 0x80, 0x80, 0x18, 0x14, 0x22, 0x33, 0x80, 0xA0, 0x06,
	0x07, 0x03, 0x08, 0x60, 0x60, 0x10, 0x02, 0x20, 0x40, 0x00, 0x00, 0x00,
	0x00, 0x00, 0x00, 0x00, 0x00, 0x00, 0x0A, 0x1E, 0x3C, 0x00, 0x00, 0x00,
	0x00, 0x00, 0x00, 0x00, 0x00, 0x00, 0x00, 0x00, 0x00, 0x03, 0x12, 0x20,
	0x4B, 0x01, 0xF4, 0x03, 0x02, 0x3C, 0x1E, 0x19, 0x83, 0x02, 0x26, 0x00,
	0x01, 0x00, 0xCF, 0x01, 0x1A, 0x21, 0x00, 0xCF, 0x01, 0x18, 0x43, 0x00,
	0xAE, 0x07, 0x00, 0x00, 0x00, 0x00, 0x00, 0x00, 0x00, 0x00, 0xCF, 0x01,
	0x1A, 0x00, 0xCF, 0x01, 0x18, 0x61, 0xF1, 0x62, 0x02, 0x00, 0x00, 0x81,
	0x00, 0xAE, 0x07, 0xFF, 0xFF, 0x01, 0xFF, 0xFF, 0x01, 0x00, 0x00, 0x00,
	0x00, 0x00, 0x00, 0x00, 0x00, 0x00, 0x00, 0x00, 0x00, 0x00, 0x00, 0x00,
	0x00, 0x00, 0x00, 0x00, 0x00, 0x00, 0x00, 0x00, 0xC0, 0xC0, 0x00, 0x00,
	0x00, 0x00, 0x00, 0x00, 0x00, 0x00, 0x00, 0x00, 0x00, 0x00, 0x00, 0x00,
	0x00, 0x00, 0x00, 0x00, 0x00, 0x00, 0x00, 0x00, 0x00, 0x00, 0x00, 0x00,
	0x00, 0x00, 0x00, 0x00, 0x00, 0x00, 0x00, 0x00, 0x00, 0x33, 0x01, 0x63,
	0x02, 0x5A, 0x03, 0x4D, 0x04, 0x40, 0x05, 0x33, 0x06, 0x2A, 0x07, 0x10,
	0x07, 0xFD, 0x09, 0x03, 0x09, 0xF0, 0x0A, 0xD6, 0x0B, 0xCD, 0x0C, 0xC0,
	0x0D, 0xB3, 0x0E, 0xA6, 0x0F, 0x9D, 0x10, 0xCD, 0x80, 0x00, 0x00, 0x00,
	0x00, 0x00, 0x00, 0x00, 0x00, 0x00, 0x00, 0x00, 0x00, 0x00, 0x00, 0x00,
	0x00, 0x00, 0x00, 0x00, 0x00, 0x00, 0x00, 0x00, 0x00, 0x00, 0x00, 0x00,
	0x00, 0x00, 0x00, 0x00, 0x00, 0x00, 0x00, 0x00, 0x00, 0x1F, 0x01, 0x1F,
	0x02, 0x00, 0x03, 0x00, 0x04, 0x00, 0x05, 0x00, 0x06, 0x00, 0x07, 0x00,
	0x00, 0x00, 0x08, 0x00, 0xEC, 0xE9, 0xE6, 0xE1, 0xE1, 0xDD, 0xD9, 0xD6,
	0xD6, 0xD4, 0xD3, 0xCD, 0xCB, 0xCA, 0xC8, 0xC3, 0xC2, 0xC0, 0xBE, 0xBB,
	0xBC, 0xBA, 0xB7, 0xB5, 0xB4, 0xB3, 0xAF, 0xAF, 0xAF, 0xAB, 0xAD, 0xAD,
	0xAC, 0xAD, 0xBD, 0x00, 0x00, 0x00, 0x00, 0x00, 0x00, 0x00, 0x00, 0x00,
	0x00, 0x00, 0x00, 0x12, 0x20, 0x33, 0xC1, 0x98, 0xA2, 0x00, 0x03, 0x10,
	0xFF, 0x90, 0xC3, 0x00, 0x00, 0xC1, 0x5E, 0x5A, 0x03, 0x5A, 0x03, 0x08,
	0x08, 0x03, 0x06, 0x1D, 0x00, 0x01, 0x02, 0x03, 0x04, 0x05, 0x06, 0x07,
	0x11, 0x14, 0x17, 0x1D, 0x07, 0x06, 0x05, 0x04, 0x03, 0x02, 0x01, 0x00,
	0x17, 0x14, 0x11, 0x15, 0x0F, 0x0E, 0x0D, 0x0C, 0x0B, 0x0A, 0x09, 0x08,
	0x11, 0x13, 0x00, 0x14, 0x07, 0x06, 0x05, 0x04, 0x03, 0x02, 0x01, 0x00,
	0x10, 0x12, 0x00, 0x00, 0x00, 0x01, 0x02, 0x04, 0x05, 0x06, 0x00, 0x00,
	0x03, 0xE8, 0x20, 0x02, 0x00, 0x00, 0x00, 0x10, 0x00, 0x00, 0x00, 0x00,
	0x00, 0x00, 0x00, 0x00, 0x00, 0x00, 0x00, 0x00, 0x01, 0x09, 0x01, 0x01,
	0x00, 0x00, 0x00, 0x00, 0x00, 0x00, 0x14, 0xFF, 0x34, 0x03, 0x90, 0xB3,
	0x00, 0x00, 0x00, 0x00, 0x40, 0x0A, 0x00, 0x01, 0x03, 0x43, 0x00, 0x10,
	0x00, 0x00, 0x00, 0x00, 0x0A, 0x00, 0x35, 0x0D, 0x35, 0x0D, 0x35, 0x0D,
	0x06, 0x56, 0x1F, 0x1F, 0x41, 0x00, 0x92, 0x11, 0x01, 0x30, 0x04, 0x44,
	0x00, 0xE0, 0x01, 0x60, 0x05, 0x80, 0x01, 0xC0, 0x02, 0xC8, 0x02, 0xE9,
	0x03, 0x0A, 0x11, 0x10, 0x0F, 0x0E, 0x0D, 0x0C, 0x0B, 0x0A, 0x09, 0x12,
	0x14, 0x00, 0x08, 0x07, 0x06, 0x05, 0x04, 0x03, 0x02, 0x01, 0x00, 0x13,
	0x15, 0x00, 0x01, 0x0A, 0x0B, 0x0C, 0x0D, 0x0E, 0x0F, 0x10, 0x11, 0x13,
	0x15, 0x17, 0x00, 0x09, 0x08, 0x07, 0x06, 0x05, 0x04, 0x03, 0x02, 0x12,
	0x14, 0x16, 0x0F, 0xFF, 0x0F, 0xFF, 0x00, 0x00, 0x00, 0x55, 0x55, 0x55,
	0x19, 0x18, 0x17, 0x16, 0x15, 0x14, 0x13, 0x12, 0x11, 0x10, 0x0F, 0x0E,
	0x0D, 0x0C, 0x0B, 0x0A, 0x09, 0x08, 0x07, 0x06, 0x05, 0x04, 0x03, 0x02,
	0x01, 0x00, 0x1F, 0x1E, 0x1D, 0x1C, 0x1B, 0x1A, 0x1A, 0x1B, 0x1C, 0x1D,
	0x1E, 0x1F, 0x00, 0x01, 0x02, 0x03, 0x04, 0x05, 0x06, 0x07, 0x08, 0x09,
	0x0A, 0x0B, 0x0C, 0x0D, 0x0E, 0x0F, 0x10, 0x11, 0x12, 0x13, 0x14, 0x15,
	0x16, 0x17, 0x18, 0x19, 0x00, 0x01, 0x02, 0x03, 0x04, 0x05, 0x06, 0x07,
	0x08, 0x09, 0x0A, 0x0B, 0x0C, 0x0D, 0x0E, 0x0F, 0x10, 0x11, 0x12, 0x13,
	0x14, 0x15, 0x16, 0x17, 0x18, 0x19, 0x1A, 0x1B, 0x1C, 0x1D, 0x1E, 0x1F,
	0x00, 0x01, 0x02, 0x03, 0x04, 0x05, 0x06, 0x07, 0x08, 0x09, 0x0A, 0x0B,
	0x0C, 0x0D, 0x0E, 0x0F, 0x10, 0x11, 0x12, 0x13, 0x14, 0x15, 0x16, 0x17,
	0x18, 0x19, 0x1A, 0x1B, 0x1C, 0x1D, 0x1E, 0x1F, 0x00, 0x00, 0x88, 0x88,
	0x43, 0x43, 0x43, 0x43, 0x02, 0x00, 0x00, 0x00, 0x00, 0x01, 0x00, 0x00,
	0x00, 0x00, 0x00, 0x00, 0x00, 0x00, 0x00, 0x00, 0x00, 0x00, 0x00, 0x00,
	0x00, 0x00, 0x00, 0x00, 0x00, 0x00, 0x00, 0x00, 0x00, 0x00, 0x00, 0x00,
	0x00, 0x00, 0x00, 0x00, 0x00, 0x00, 0x00, 0x00, 0x00, 0xF1, 0x03, 0x7D,
	0x00, 0x00, 0x00, 0x00, 0x00, 0x00, 0x00, 0x00, 0x00, 0x00, 0x00, 0x00,
	0x88, 0x88, 0x88, 0x88, 0x00, 0xA0, 0x00, 0xA0, 0x00, 0x0F, 0x00, 0x60,
	0x03, 0x88, 0x66, 0x03, 0x88, 0x66, 0x00, 0x0C, 0x0C, 0x0C, 0x00, 0x50,
	0x71, 0x00, 0x23, 0x43, 0x0B, 0x00, 0xFF, 0xFF, 0xFF, 0xFF, 0xFF, 0xFF,
	0xFF, 0xFF, 0x88, 0x00, 0x10, 0x00, 0x00, 0x00, 0x00, 0x00, 0x00, 0x00,
	0x00, 0x00, 0x00, 0x00, 0x20, 0x1C, 0x20, 0x1C, 0x20, 0x1C, 0x20, 0x04,
	0x0A, 0x0A, 0x0A, 0x0D, 0x28, 0x08, 0x00, 0x33, 0x00, 0x00, 0x03, 0x00,
	0x00, 0x01, 0x02, 0x03, 0x04, 0x05, 0x06, 0x07, 0x08, 0x11, 0x14, 0x17,
	0x08, 0x07, 0x06, 0x05, 0x04, 0x03, 0x02, 0x01, 0x00, 0x17, 0x14, 0x11,
	0x00, 0x88, 0x00, 0xCB, 0x00, 0x00, 0x00, 0x00, 0xA8, 0x5C, 0x01, 0x08,
	0x09, 0x09, 0x0F, 0xFF, 0x00, 0x04, 0x5A, 0x03, 0x5A, 0x03, 0x5A, 0x0A,
	0x08, 0x81, 0x00, 0x00, 0x00, 0x0C, 0x00, 0x1F, 0x00, 0xE0, 0x00, 0xE0,
	0x2B, 0xD3, 0x5A, 0x0A, 0x08, 0x81, 0x00, 0x00, 0x20, 0x1C, 0x40, 0x80,
	0x00, 0x1F, 0x20, 0x04, 0x03, 0xF3, 0x5A, 0x0A, 0x08, 0x85, 0x00, 0x00,
	0x20, 0x0C, 0x00, 0x1F, 0x00, 0xE0, 0x00, 0xE0, 0x2B, 0xD3, 0x5A, 0x0A,
	0x08, 0x83, 0x00, 0x00, 0x20, 0x10, 0x40, 0x7D, 0x00, 0x1F, 0x20, 0xD0,
	0x04, 0x0C, 0x5A, 0x0A, 0x08, 0x8B, 0x00, 0x00, 0x40, 0x0B, 0x00, 0x1F,
	0x00, 0xE0, 0x00, 0xE0, 0x30, 0x00, 0x5A, 0x0A, 0x08, 0x85, 0x00, 0x00,
	0x23, 0x1F, 0x40, 0x7B, 0x00, 0x1F, 0x21, 0x59, 0x04, 0x1D, 0x5A, 0x0A,
	0x08, 0x91, 0x00, 0x00, 0x60, 0x0B, 0x00, 0x1F, 0x00, 0xE0, 0x00, 0xE0,
	0x30, 0x00, 0x5A, 0x0A, 0x08, 0x87, 0x00, 0x00, 0x23, 0x1C, 0x40, 0x78,
	0x00, 0x1F, 0x22, 0x2D, 0x04, 0x37, 0x5A, 0x0A, 0x08, 0x97, 0x00, 0x00,
	0x00, 0x0A, 0x00, 0x1F, 0x00, 0xE0, 0x00, 0xE0, 0x35, 0x0D, 0x5A, 0x0A,
	0x08, 0x89, 0x00, 0x00, 0x26, 0xD3, 0x40, 0x76, 0x00, 0x1F, 0x22, 0xC5,
	0x04, 0x4A, 0x5A, 0x0A, 0x08, 0xA1, 0x00, 0x00, 0x00, 0x09, 0x00, 0x1F,
	0x00, 0xE0, 0x00, 0xE0, 0x3B, 0x4B, 0x5A, 0x0A, 0x08, 0x8B, 0x00, 0x00,
	0x2B, 0x54, 0x80, 0x74, 0x00, 0x1F, 0x23, 0x36, 0x04, 0x5D, 0x5A, 0x0A,
	0x08, 0xA3, 0x00, 0x00, 0x20, 0x09, 0x00, 0x1F, 0x00, 0xE0, 0x00, 0xE0,
	0x3B, 0x4B, 0x5A, 0x0A, 0x08, 0x8D, 0x00, 0x00, 0x2B, 0x49, 0xA0, 0x72,
	0x00, 0x1F, 0x23, 0xD2, 0x04, 0x70, 0x5A, 0x0A, 0x08, 0xAF, 0x00, 0x00,
	0x20, 0x08, 0x00, 0x1F, 0x00, 0xE0, 0x00, 0xE0, 0x43, 0x33, 0x5A, 0x0A,
	0x08, 0x8D, 0x00, 0x00, 0x30, 0xFB, 0x40, 0x72, 0x00, 0x1F, 0x23, 0xF9,
	0x04, 0x70, 0x5A, 0x0A, 0x08, 0xB3, 0x00, 0x00, 0x40, 0x08, 0x00, 0x1F,
	0x00, 0xE0, 0x00, 0xE0, 0x43, 0x33, 0x5A, 0x0A, 0x08, 0x8F, 0x00, 0x00,
	0x31, 0x1B, 0x40, 0x70, 0x00, 0x1F, 0x24, 0xA2, 0x04, 0x85, 0x5A, 0x0A,
	0x08, 0xB9, 0x00, 0x00, 0x20, 0x08, 0x00, 0x1F, 0x00, 0xE0, 0x00, 0xE0,
	0x43, 0x33, 0x5A, 0x0A, 0x08, 0x91, 0x00, 0x00, 0x30, 0xFB, 0x40, 0x6E,
	0x00, 0x1F, 0x25, 0x4D, 0x04, 0x9A, 0x5A, 0x0A, 0x08, 0xBF, 0x00, 0x00,
	0x80, 0x07, 0x00, 0x1F, 0x00, 0xE0, 0x00, 0xE0, 0x4D, 0x89, 0x5A, 0x0A,
	0x08, 0x93, 0x00, 0x00, 0x38, 0xD6, 0x80, 0x6C, 0x00, 0x1F, 0x25, 0xD4,
	0x04, 0xB0, 0x5A, 0x0A, 0x08, 0x8D, 0x00, 0x01, 0x80, 0x07, 0x00, 0x1F,
	0x00, 0xE0, 0x00, 0xE0, 0x4D, 0x89, 0x5A, 0x0A, 0x08, 0x95, 0x00, 0x00,
	0x38, 0xD6, 0x40, 0x6A, 0x00, 0x1F, 0x26, 0xB3, 0x04, 0xC6, 0x5A, 0x0A,
	0x08, 0x9D, 0x00, 0x01, 0x40, 0x06, 0x00, 0x1F, 0x00, 0xE0, 0x00, 0xE0,
	0x5B, 0xA2, 0x5A, 0x0A, 0x08, 0x9D, 0x00, 0x00, 0x42, 0xE8, 0xA0, 0x63,
	0x00, 0x1F, 0x29, 0x49, 0x05, 0x1D, 0x5A, 0x0A, 0x08, 0xB1, 0x00, 0x01,
	0x40, 0x06, 0x00, 0x1F, 0x00, 0xE0, 0x00, 0xE0, 0x5B, 0xA2, 0x5A, 0x0A,
	0x08, 0x9F, 0x00, 0x00, 0x42, 0xE8, 0xA0, 0x62, 0x00, 0x1F, 0x29, 0xB8,
	0x05, 0x2B, 0x00, 0x3C, 0x00, 0x4A, 0x00, 0x5A, 0x00, 0x6A, 0x00, 0x7C,
	0x00, 0x8E, 0x00, 0xA1, 0x00, 0xB5, 0x00, 0xCA, 0x00, 0xDF, 0x00, 0xF5,
	0x01, 0x0B, 0x01, 0x21, 0x01, 0x37, 0x01, 0x4E, 0x01, 0x64, 0x01, 0x79,
	0x01, 0x8E, 0x01, 0xA3, 0x01, 0xB6, 0x01, 0xC9, 0x01, 0xDB, 0x01, 0xEB,
	0x01, 0xFA, 0x02, 0x08, 0x02, 0x14, 0x02, 0x1F, 0x02, 0x28, 0x02, 0x30,
	0x02, 0x35, 0x02, 0x39, 0x02, 0x3B, 0x00, 0x50, 0x00, 0x5F, 0x00, 0x6F,
	0x00, 0x80, 0x00, 0x91, 0x00, 0xA3, 0x00, 0xB6, 0x00, 0xC9, 0x00, 0xDD,
	0x00, 0xF0, 0x01, 0x04, 0x01, 0x18, 0x01, 0x2C, 0x01, 0x40, 0x01, 0x54,
	0x01, 0x67, 0x01, 0x7A, 0x01, 0x8C, 0x01, 0x9E, 0x01, 0xAF, 0x01, 0xBF,
	0x01, 0xCE, 0x01, 0xDC, 0x01, 0xE9, 0x01, 0xF5, 0x01, 0xFF, 0x02, 0x08,
	0x02, 0x0F, 0x02, 0x16, 0x02, 0x1A, 0x02, 0x1D, 0x02, 0x1F, 0x00, 0x21,
	0x00, 0x2C, 0x00, 0x3A, 0x00, 0x49, 0x00, 0x59, 0x00, 0x6B, 0x00, 0x7E,
	0x00, 0x92, 0x00, 0xA8, 0x00, 0xBF, 0x00, 0xD7, 0x00, 0xF0, 0x01, 0x0A,
	0x01, 0x24, 0x01, 0x3E, 0x01, 0x59, 0x01, 0x73, 0x01, 0x8E, 0x01, 0xA8,
	0x01, 0xC1, 0x01, 0xD9, 0x01, 0xF0, 0x02, 0x06, 0x02, 0x1A, 0x02, 0x2C,
	0x02, 0x3D, 0x02, 0x4B, 0x02, 0x58, 0x02, 0x61, 0x02, 0x69, 0x02, 0x6E,
	0x02, 0x71, 0x00, 0x2D, 0x00, 0x3A, 0x00, 0x48, 0x00, 0x58, 0x00, 0x69,
	0x00, 0x7B, 0x00, 0x8F, 0x00, 0xA3, 0x00, 0xB9, 0x00, 0xCF, 0x00, 0xE6,
	0x00, 0xFE, 0x01, 0x16, 0x01, 0x2E, 0x01, 0x47, 0x01, 0x5F, 0x01, 0x77,
	0x01, 0x8F, 0x01, 0xA6, 0x01, 0xBD, 0x01, 0xD2, 0x01, 0xE6, 0x01, 0xFA,
	0x02, 0x0B, 0x02, 0x1B, 0x02, 0x2A, 0x02, 0x36, 0x02, 0x41, 0x02, 0x4A,
	0x02, 0x50, 0x02, 0x55, 0x02, 0x57, 0x00, 0x18, 0x00, 0x22, 0x00, 0x2E,
	0x00, 0x3C, 0x00, 0x4B, 0x00, 0x5C, 0x00, 0x6E, 0x00, 0x83, 0x00, 0x98,
	0x00, 0xB0, 0x00, 0xC8, 0x00, 0xE2, 0x00, 0xFD, 0x01, 0x18, 0x01, 0x35,
	0x01, 0x51, 0x01, 0x6E, 0x01, 0x8B, 0x01, 0xA7, 0x01, 0xC3, 0x01, 0xDE,
	0x01, 0xF7, 0x02, 0x0F, 0x02, 0x26, 0x02, 0x3B, 0x02, 0x4E, 0x02, 0x5E,
	0x02, 0x6C, 0x02, 0x77, 0x02, 0x80, 0x02, 0x86, 0x02, 0x89, 0x00, 0x09,
	0x00, 0x0E, 0x00, 0x15, 0x00, 0x1D, 0x00, 0x26, 0x00, 0x31, 0x00, 0x3E,
	0x00, 0x4B, 0x00, 0x5B, 0x00, 0x6C, 0x00, 0x7E, 0x00, 0x91, 0x00, 0xA6,
	0x00, 0xBC, 0x00, 0xD2, 0x00, 0xEA, 0x01, 0x02, 0x01, 0x1A, 0x01, 0x32,
	0x01, 0x4A, 0x01, 0x61, 0x01, 0x77, 0x01, 0x8D, 0x01, 0xA1, 0x01, 0xB4,
	0x01, 0xC5, 0x01, 0xD4, 0x01, 0xE0, 0x01, 0xEB, 0x01, 0xF3, 0x01, 0xF8,
	0x01, 0xFB, 0x00, 0x00, 0x00, 0x00, 0x00, 0x00, 0x00, 0x00, 0x00, 0x00,
	0x00, 0x00, 0x00, 0x00, 0x00, 0x00, 0x00, 0x00, 0x00, 0x00, 0x00, 0x00,
	0x00, 0x00, 0x00, 0x00, 0x00, 0x00, 0x00, 0x00, 0x00, 0x00, 0x00, 0x00,
	0x00, 0x00, 0x00, 0x00, 0x00, 0x00, 0x00, 0x00, 0x00, 0x00, 0x00, 0x00,
	0x00, 0x00, 0x00, 0x00, 0x00, 0x00, 0x00, 0x00, 0x00, 0x00, 0x00, 0x00,
	0x00, 0x00, 0x00, 0x00, 0x00, 0x00, 0x39, 0xCE, 0x39, 0xCE, 0x39, 0xCE,
	0x39, 0xCE, 0x39, 0xCE, 0x39, 0xCE, 0x39, 0xCE, 0x39, 0xCE, 0x39, 0xCE,
	0x39, 0xCE, 0x39, 0xCE, 0x39, 0xCE, 0x39, 0xCE, 0x39, 0xCE, 0x39, 0xCE,
	0x39, 0xCE, 0x39, 0xCE, 0x39, 0xCE, 0x39, 0xCE, 0x39, 0xCE, 0x39, 0xCE,
	0x39, 0xCE, 0x39, 0xCE, 0x39, 0xCE, 0x00, 0x00, 0x00, 0x00, 0x00, 0x00,
	0x00, 0x00, 0x00, 0x00, 0x00, 0x00, 0x00, 0x00, 0x00, 0x00, 0x00, 0x00,
	0x00, 0x00, 0x00, 0x00, 0x00, 0x00, 0x00, 0x00, 0x00, 0x00, 0x00, 0x00,
	0x00, 0x00, 0x00, 0x00, 0x00, 0x00, 0x00, 0x00, 0x00, 0x00, 0x00, 0x00,
	0x00, 0x00, 0x00, 0x00, 0x00, 0x00, 0x00, 0x00, 0x00, 0x00, 0x00, 0x00,
	0x00, 0x00, 0x00, 0x00, 0x00, 0x00, 0x00, 0x00, 0x00, 0x00, 0x00, 0x00,
	0x00, 0x00, 0x00, 0x00, 0x00, 0x00, 0x00, 0x00, 0x00, 0x00, 0x00, 0x00,
	0x00, 0x00, 0x00, 0x00, 0x00, 0x00, 0x00, 0x00, 0x00, 0x00, 0x00, 0x00,
	0x00, 0x00, 0x00, 0x00, 0x00, 0x00, 0x00, 0x00, 0x00, 0x00, 0x00, 0x00,
	0x00, 0x00, 0x00, 0x00, 0x00, 0x00, 0x00, 0x00, 0x00, 0x00, 0x00, 0x00,
	0x00, 0x00, 0x00, 0x00, 0x00, 0x00, 0x00, 0x00, 0x00, 0x00, 0x00, 0x00,
	0x00, 0x00, 0x00, 0x00, 0x00, 0x00, 0x00, 0x00, 0x00, 0x00, 0x00, 0x00,
	0x00, 0x00, 0x00, 0x00, 0x00, 0x00, 0x00, 0x00, 0x00, 0x00, 0x00, 0x00,
	0x00, 0x00, 0x00, 0x00, 0x00, 0x00, 0x00, 0x00, 0x00, 0x00, 0x00, 0x00,
	0x00, 0x00, 0x00, 0x00, 0x00, 0x00, 0x00, 0x00, 0x00, 0x00, 0x00, 0x00,
	0x00, 0x00, 0x00, 0x00, 0x00, 0x00, 0x00, 0x00, 0x00, 0x00, 0x00, 0x00,
	0x00, 0x00, 0x00, 0x00, 0x00, 0x00, 0x00, 0x00, 0x00, 0x00, 0x00, 0x00,
	0x00, 0x00, 0x00, 0x00, 0x00, 0x00, 0x00, 0x00, 0x00, 0x00, 0x00, 0x00,
	0x00, 0x00, 0x00, 0x00, 0x00, 0x00, 0x00, 0x00, 0x00, 0x00, 0x00, 0x00,
	0x00, 0x00, 0x00, 0x00, 0x00, 0x00, 0x00, 0x00, 0x00, 0x00, 0x00, 0x00,
	0x00, 0x00, 0x00, 0x00, 0x00, 0x00, 0x00, 0x00, 0x00, 0x00, 0x00, 0x00,
	0x00, 0x00, 0x00, 0x00, 0x00, 0x00, 0x00, 0x00, 0x00, 0x00, 0x00, 0x00,
	0x00, 0x00, 0x00, 0x00, 0x00, 0x00, 0x00, 0x00, 0x00, 0x00, 0x00, 0x00,
	0x00, 0x00, 0x00, 0x00, 0x00, 0x00, 0x00, 0x00, 0x00, 0x00, 0x00, 0x00,
	0x00, 0x00, 0x00, 0x00, 0x00, 0x00, 0x00, 0x00, 0x00, 0x00, 0x00, 0x00,
	0x00, 0x00, 0x00, 0x00, 0x00, 0x00, 0x00, 0x00, 0x00, 0x00, 0x00, 0x00,
	0x00, 0x00, 0x00, 0x00, 0x00, 0x00, 0x00, 0x00, 0x00, 0x00, 0x00, 0x00,
	0x00, 0x00, 0x00, 0x00, 0x00, 0x00, 0x00, 0x00, 0x00, 0x00, 0x00, 0x00,
	0x00, 0x00, 0x00, 0x00, 0x00, 0x00, 0x00, 0x00, 0x00, 0x00, 0x00, 0x00,
	0x00, 0x00, 0x00, 0x00, 0x00, 0x00, 0x00, 0x00, 0x00, 0x00, 0x00, 0x00,
	0x00, 0x00, 0x00, 0x00, 0x00, 0x00, 0x00, 0x00, 0x00, 0x00, 0x00, 0x00,
	0x00, 0x00, 0x00, 0x00, 0x00, 0x00, 0x00, 0x00, 0x00, 0x00, 0x00, 0x00,
	0x00, 0x00, 0x00, 0x00, 0x00, 0x00, 0x00, 0x00, 0x00, 0x00, 0x00, 0x00,
	0x00, 0x00, 0x00, 0x00, 0x00, 0x00, 0x00, 0x00, 0x00, 0x00, 0x00, 0x00,
	0x00, 0x00, 0x00, 0x00, 0x00, 0x00, 0x00, 0x00, 0x00, 0x00, 0x00, 0x00,
	0x00, 0x00, 0x00, 0x00, 0x00, 0x00, 0x00, 0x00, 0x00, 0x00, 0x00, 0x00,
	0x00, 0x00, 0x00, 0x00, 0x00, 0x00, 0x7F, 0xFF, 0x7F, 0xFF, 0x7F, 0xFF,
	0x7F, 0xFF, 0x7F, 0xFF, 0x7F, 0xFF, 0x7F, 0xFF, 0x7F, 0xFF, 0x7F, 0xFF,
	0x7F, 0xFF, 0x7F, 0xFF, 0x7F, 0xFF, 0x7F, 0xFF, 0x7F, 0xFF, 0x7F, 0xFF,
	0x7F, 0xFF, 0x7F, 0xFF, 0x7F, 0xFF, 0x7F, 0xFF, 0x7F, 0xFF, 0x7F, 0xFF,
	0x7F, 0xFF, 0x7F, 0xFF, 0x7F, 0xFF, 0x00, 0x00, 0x80, 0x80, 0x80, 0x80,
	0x80, 0x80, 0x80, 0x80, 0x80, 0x80, 0x80, 0x80, 0x80, 0x80, 0x80, 0x80,
	0x80, 0x80, 0x80, 0x80, 0x80, 0x80, 0x80, 0x80, 0x80, 0x80, 0x80, 0x80,
	0x80, 0x80, 0x80, 0x80, 0x80, 0x80, 0x80, 0x80, 0x80, 0x80, 0x80, 0x80,
	0x80, 0x80, 0x80, 0x80, 0x80, 0x80, 0x80, 0x80, 0x80, 0x80, 0x80, 0x80,
	0x80, 0x80, 0x80, 0x80, 0x80, 0x80, 0x80, 0x80, 0x80, 0x80, 0x80, 0x80,
	0x00, 0x00, 0x80, 0x80, 0x80, 0x80, 0x80, 0x80, 0x80, 0x80, 0x80, 0x80,
	0x80, 0x80, 0x80, 0x80, 0x80, 0x80, 0x80, 0x80, 0x80, 0x80, 0x80, 0x80,
	0x80, 0x80, 0x80, 0x80, 0x80, 0x80, 0x80, 0x80, 0x80, 0x80, 0x80, 0x80,
	0x80, 0x80, 0x80, 0x80, 0x80, 0x80, 0x80, 0x80, 0x80, 0x80, 0x80, 0x80,
	0x80, 0x80, 0x80, 0x80, 0x80, 0x80, 0x80, 0x80, 0x80, 0x80, 0x80, 0x80,
	0x80, 0x80, 0x80, 0x80, 0x80, 0x80, 0x00, 0x00, 0x80, 0x80, 0x80, 0x80,
	0x80, 0x80, 0x80, 0x80, 0x80, 0x80, 0x80, 0x80, 0x80, 0x80, 0x80, 0x80,
	0x80, 0x80, 0x80, 0x80, 0x80, 0x80, 0x80, 0x80, 0x80, 0x80, 0x80, 0x80,
	0x80, 0x80, 0x80, 0x80, 0x80, 0x80, 0x80, 0x80, 0x80, 0x80, 0x80, 0x80,
	0x80, 0x80, 0x80, 0x80, 0x80, 0x80, 0x80, 0x80, 0x80, 0x80, 0x80, 0x80,
	0x80, 0x80, 0x80, 0x80, 0x80, 0x80, 0x80, 0x80, 0x80, 0x80, 0x80, 0x80,
	0x00, 0x00, 0x00, 0x00, 0x00, 0x00, 0x00, 0x00, 0x00, 0x00, 0xFF, 0x77,
	0xA4, 0xF9
};
#endif //end of ST_UPGRADE_USE_REQUESTFW_BUF
